This is pdfTeX, Version 3.141592653-2.6-1.40.29 (TeX Live 2026) (preloaded format=pdflatex 2026.3.20)  4 OCT 2026 22:47
entering extended mode
 restricted \write18 enabled.
 %&-line parsing enabled.
**refman.tex
(./refman.tex
LaTeX2e <2025-11-01>
L3 programming layer <2026-01-19>
(/usr/local/texlive/2026/texmf-dist/tex/generic/iftex/iftex.sty
Package: iftex 2024/12/12 v1.0g TeX engine tests
)
(/usr/local/texlive/2026/texmf-dist/tex/latex/base/book.cls
Document Class: book 2025/01/22 v1.4n Standard LaTeX document class
(/usr/local/texlive/2026/texmf-dist/tex/latex/base/bk10.clo
File: bk10.clo 2025/01/22 v1.4n Standard LaTeX file (size option)
)
\c@part=\count275
\c@chapter=\count276
\c@section=\count277
\c@subsection=\count278
\c@subsubsection=\count279
\c@paragraph=\count280
\c@subparagraph=\count281
\c@figure=\count282
\c@table=\count283
\abovecaptionskip=\skip49
\belowcaptionskip=\skip50
\bibindent=\dimen148
)
(/usr/local/texlive/2026/texmf-dist/tex/generic/infwarerr/infwarerr.sty
package info suppressed
)
(./doxygen.sty
Package: doxygen 
 (/usr/local/texlive/2026/texmf-dist/tex/latex/base/alltt.sty
Package: alltt 2024/07/07 v2.0g defines alltt environment
)
(/usr/local/texlive/2026/texmf-dist/tex/latex/tools/array.sty
Package: array 2025/09/25 v2.6n Tabular extension package (FMi)
\col@sep=\dimen149
\ar@mcellbox=\box53
\extrarowheight=\dimen150
\NC@list=\toks17
\extratabsurround=\skip51
\backup@length=\skip52
\ar@cellbox=\box54
)
(/usr/local/texlive/2026/texmf-dist/tex/latex/tools/calc.sty
Package: calc 2025/03/01 v4.3b Infix arithmetic (KKT,FJ)
\calc@Acount=\count284
\calc@Bcount=\count285
\calc@Adimen=\dimen151
\calc@Bdimen=\dimen152
\calc@Askip=\skip53
\calc@Bskip=\skip54
LaTeX Info: Redefining \setlength on input line 86.
LaTeX Info: Redefining \addtolength on input line 87.
\calc@Ccount=\count286
\calc@Cskip=\skip55
)
(/usr/local/texlive/2026/texmf-dist/tex/latex/float/float.sty
Package: float 2001/11/08 v1.3d Float enhancements (AL)
\c@float@type=\count287
\float@exts=\toks18
\float@box=\box55
\@float@everytoks=\toks19
\@floatcapt=\box56
)
(/usr/local/texlive/2026/texmf-dist/tex/latex/base/ifthen.sty
Package: ifthen 2024/03/16 v1.1e Standard LaTeX ifthen package (DPC)
)
(/usr/local/texlive/2026/texmf-dist/tex/latex/tools/verbatim.sty
Package: verbatim 2024-01-22 v1.5x LaTeX2e package for verbatim enhancements
\every@verbatim=\toks20
\verbatim@line=\toks21
\verbatim@in@stream=\read2
)
(/usr/local/texlive/2026/texmf-dist/tex/latex/varwidth/varwidth.sty
Package: varwidth 2009/03/30 ver 0.92;  Variable-width minipages
\@vwid@box=\box57
\sift@deathcycles=\count288
\@vwid@loff=\dimen153
\@vwid@roff=\dimen154
)
==> First Aid for varwidth.sty applied!
(/usr/local/texlive/2026/texmf-dist/tex/latex/xcolor/xcolor.sty
Package: xcolor 2024/09/29 v3.02 LaTeX color extensions (UK)

(/usr/local/texlive/2026/texmf-dist/tex/latex/graphics-cfg/color.cfg
File: color.cfg 2016/01/02 v1.6 sample color configuration
)
Package xcolor Info: Driver file: pdftex.def on input line 274.

(/usr/local/texlive/2026/texmf-dist/tex/latex/graphics-def/pdftex.def
File: pdftex.def 2025/09/29 v1.2d Graphics/color driver for pdftex
)
(/usr/local/texlive/2026/texmf-dist/tex/latex/graphics/mathcolor.ltx)
Package xcolor Info: Model `cmy' substituted by `cmy0' on input line 1349.
Package xcolor Info: Model `hsb' substituted by `rgb' on input line 1353.
Package xcolor Info: Model `RGB' extended on input line 1365.
Package xcolor Info: Model `HTML' substituted by `rgb' on input line 1367.
Package xcolor Info: Model `Hsb' substituted by `hsb' on input line 1368.
Package xcolor Info: Model `tHsb' substituted by `hsb' on input line 1369.
Package xcolor Info: Model `HSB' substituted by `hsb' on input line 1370.
Package xcolor Info: Model `Gray' substituted by `gray' on input line 1371.
Package xcolor Info: Model `wave' substituted by `hsb' on input line 1372.
)
(/usr/local/texlive/2026/texmf-dist/tex/latex/colortbl/colortbl.sty
Package: colortbl 2024/10/29 v1.0k Color table columns (DPC)
\everycr=\toks22
\minrowclearance=\skip56
\rownum=\count289
)
(/usr/local/texlive/2026/texmf-dist/tex/latex/tools/longtable.sty
Package: longtable 2025-10-13 v4.24 Multi-page Table package (DPC)
\LTleft=\skip57
\LTright=\skip58
\LTpre=\skip59
\LTpost=\skip60
\LTchunksize=\count290
\LTcapwidth=\dimen155
\LT@head=\box58
\LT@firsthead=\box59
\LT@foot=\box60
\LT@lastfoot=\box61
\LT@gbox=\box62
\LT@cols=\count291
\LT@rows=\count292
\c@LT@tables=\count293
\c@LT@chunks=\count294
\LT@p@ftn=\toks23
)
(/usr/local/texlive/2026/texmf-dist/tex/latex/xltabular/xltabular.sty
Package: xltabular 2025/02/28 v0.2i `xltabular' package (hv,RN)

(/usr/local/texlive/2026/texmf-dist/tex/latex/tools/tabularx.sty
Package: tabularx 2023/12/11 v2.12a `tabularx' package (DPC)
\TX@col@width=\dimen156
\TX@old@table=\dimen157
\TX@old@col=\dimen158
\TX@target=\dimen159
\TX@delta=\dimen160
\TX@cols=\count295
\TX@ftn=\toks24
)
(/usr/local/texlive/2026/texmf-dist/tex/latex/etoolbox/etoolbox.sty
Package: etoolbox 2025/10/02 v2.5m e-TeX tools for LaTeX (JAW)
\etb@tempcnta=\count296
)
(/usr/local/texlive/2026/texmf-dist/tex/latex/ltablex/ltablex.sty
Package: ltablex 2014/08/13 v1.1 Modified tabularx
))
(/usr/local/texlive/2026/texmf-dist/tex/latex/tabularray/tabularray.sty
Package: tabularray 2025-11-27 v2025C Typeset tabulars and arrays with LaTeX3

(/usr/local/texlive/2026/texmf-dist/tex/latex/ninecolors/ninecolors.sty
Package: ninecolors 2022-02-13 v2022D Select colors with proper color contrast

(/usr/local/texlive/2026/texmf-dist/tex/latex/l3packages/xparse/xparse.sty
(/usr/local/texlive/2026/texmf-dist/tex/latex/l3kernel/expl3.sty
Package: expl3 2026-01-19 L3 programming layer (loader) 

(/usr/local/texlive/2026/texmf-dist/tex/latex/l3backend/l3backend-pdftex.def
File: l3backend-pdftex.def 2025-10-09 L3 backend support: PDF output (pdfTeX)
\l__color_backend_stack_int=\count297
))
Package: xparse 2025-10-09 L3 Experimental document command parser
))
\g__tblr_nohyper_int=\count298
\l__tblr_a_int=\count299
\l__tblr_c_int=\count300
\l__tblr_r_int=\count301
\l__tblr_d_dim=\dimen161
\l__tblr_h_dim=\dimen162
\l__tblr_o_dim=\dimen163
\l__tblr_p_dim=\dimen164
\l__tblr_q_dim=\dimen165
\l__tblr_r_dim=\dimen166
\l__tblr_s_dim=\dimen167
\l__tblr_t_dim=\dimen168
\l__tblr_v_dim=\dimen169
\l__tblr_w_dim=\dimen170
\l__tblr_a_box=\box63
\l__tblr_b_box=\box64
\l__tblr_c_box=\box65
\l__tblr_d_box=\box66
\c@tblrcount=\count302
\c@colnum=\count303
\c@rowcount=\count304
\c@colcount=\count305
\abovesep=\dimen171
\belowsep=\dimen172
\leftsep=\dimen173
\rightsep=\dimen174
\gTblrLevelInt=\count306
\g__tblr_data_row_key_count_int=\count307
\g__tblr_data_column_key_count_int=\count308
\g__tblr_data_cell_key_count_int=\count309
\g__tblr_array_int=\count310
\l__tblr_key_count_int=\count311
\l__tblr_key_quotient_int=\count312
\l__tblr_key_quotient_two_int=\count313
\l__tblr_key_remainder_int=\count314
\g__tblr_data_str_value_count_int=\count315
\lTblrChildTotalInt=\count316
\lTblrChildHtotalInt=\count317
\lTblrChildVtotalInt=\count318
\l__child_diff_h_int=\count319
\l__child_diff_v_int=\count320
\l__child_sign_h_int=\count321
\l__child_sign_v_int=\count322
\l__child_step_int=\count323
\lTblrDefaultHruleWidthDim=\dimen175
\lTblrDefaultVruleWidthDim=\dimen176
\l__tblr_split_balance_int=\count324
\l__tblr_strut_dp_dim=\dimen177
\l__tblr_strut_ht_dim=\dimen178
\g__tblr_cell_wd_dim=\dimen179
\g__tblr_cell_ht_dim=\dimen180
\g__tblr_cell_head_dim=\dimen181
\g__tblr_cell_foot_dim=\dimen182
\l__tblr_measured_cell_box=\box67
\g__tblr_last_box=\box68
\l__tblr_temp_box=\box69
\l__tblr_column_target_dim=\dimen183
\l__tblr_hfuzz_dim=\dimen184
\l__tblr_caption_box=\box70
\l__tblr_caption_left_box=\box71
\lTblrRowHeadInt=\count325
\lTblrRowFootInt=\count326
\l__tblr_row_head_box=\box72
\l__tblr_row_foot_box=\box73
\l__tblr_row_head_foot_dim=\dimen185
\lTblrTableWidthDim=\dimen186
\l__tblr_table_firsthead_box=\box74
\l__tblr_table_middlehead_box=\box75
\l__tblr_table_lasthead_box=\box76
\l__tblr_table_firstfoot_box=\box77
\l__tblr_table_middlefoot_box=\box78
\l__tblr_table_lastfoot_box=\box79
\l__tblr_remain_height_dim=\dimen187
\l__tblr_next_rows_dim=\dimen188
\l__tblr_page_overfill_dim=\dimen189
\l__tblr_long_from_int=\count327
\l__tblr_long_to_int=\count328
\l__tblr_curr_i_int=\count329
\l__tblr_prev_i_int=\count330
\lTblrTablePageInt=\count331
\l__tblr_table_head_box=\box80
\l__tblr_table_foot_box=\box81
\l__tblr_table_head_foot_dim=\dimen190
\l__tblr_table_head_body_foot_dim=\dimen191
\l__tblr_table_box=\box82
\lTblrRowFirstInt=\count332
\lTblrRowLastInt=\count333
\l__tblr_cover_box_a_dim=\dimen192
\l__tblr_cover_box_b_dim=\dimen193
\l__tblr_table_hlines_box=\box83
\l__tblr_hline_box=\box84
\l__tblr_row_box=\box85
\l__tblr_col_o_wd_dim=\dimen194
\l__tblr_col_b_wd_dim=\dimen195
\l__tblr_hline_leftskip_dim=\dimen196
\l__tblr_hline_rightskip_dim=\dimen197
\l__tblr_row_ht_dim=\dimen198
\l__tblr_row_dp_dim=\dimen199
\l__tblr_row_abovesep_dim=\dimen256
\l__tblr_row_belowsep_dim=\dimen257
\l__tblr_row_vlines_box=\box86
\l__tblr_vline_box=\box87
\l__tblr_cell_box=\box88
\l__tblr_row_upper_dim=\dimen258
\l__tblr_row_lower_dim=\dimen259
\l__tblr_row_vpace_dim=\dimen260
\l__tblr_vline_aboveskip_dim=\dimen261
\l__tblr_vline_belowskip_dim=\dimen262
\lTblrCellRowSpanInt=\count334
\lTblrCellColSpanInt=\count335
\l__tblr_cell_wd_dim=\dimen263
\l__tblr_cell_ht_dim=\dimen264
\lTblrCellAboveBorderWidthDim=\dimen265
\lTblrCellBelowBorderWidthDim=\dimen266
\lTblrCellLeftBorderWidthDim=\dimen267
\lTblrCellRightBorderWidthDim=\dimen268
\l__tblr_diag_box=\box89
\l__tblr_cell_inner_wd_dim=\dimen269
\l__tblr_cell_inner_dp_dim=\dimen270
\l__tblr_cell_hanchor_dim=\dimen271
\l__tblr_last_cell_table_ht_dim=\dimen272
\l__tblr_last_cell_table_dp_dim=\dimen273
\l__tblr_last_vline_wd_dim=\dimen274
\l__tblr_tikz_node_box=\box90
)
\g__doxy_nohyper_int=\count336
\doxytablewidth=\dimen275
 (/usr/local/texlive/2026/texmf-dist/tex/latex/fancyvrb/fancyvrb.sty
Package: fancyvrb 2025/07/28 4.6 verbatim text (tvz,hv)

(/usr/local/texlive/2026/texmf-dist/tex/latex/graphics/keyval.sty
Package: keyval 2022/05/29 v1.15 key=value parser (DPC)
\KV@toks@=\toks25
)
\FV@CodeLineNo=\count337
\FV@InFile=\read3
\FV@TabBox=\box91
\c@FancyVerbLine=\count338
\FV@StepNumber=\count339
\FV@OutFile=\write3
)
(/usr/local/texlive/2026/texmf-dist/tex/latex/tools/multicol.sty
Package: multicol 2025/10/21 v2.0b multicolumn formatting (FMi)
\c@tracingmulticols=\count340
\mult@box=\box92
\multicol@leftmargin=\dimen276
\c@unbalance=\count341
\c@collectmore=\count342
\doublecol@number=\count343
\multicoltolerance=\count344
\multicolpretolerance=\count345
\full@width=\dimen277
\page@free=\dimen278
\premulticols=\dimen279
\postmulticols=\dimen280
\multicolsep=\skip61
\multicolbaselineskip=\skip62
\partial@page=\box93
\last@line=\box94
\mc@boxedresult=\box95
\maxbalancingoverflow=\dimen281
\mult@rightbox=\box96
\mult@grightbox=\box97
\mult@firstbox=\box98
\mult@gfirstbox=\box99
\@tempa=\box100
\@tempa=\box101
\@tempa=\box102
\@tempa=\box103
\@tempa=\box104
\@tempa=\box105
\@tempa=\box106
\@tempa=\box107
\@tempa=\box108
\@tempa=\box109
\@tempa=\box110
\@tempa=\box111
\@tempa=\box112
\@tempa=\box113
\@tempa=\box114
\@tempa=\box115
\@tempa=\box116
\@tempa=\box117
\@tempa=\box118
\@tempa=\box119
\@tempa=\box120
\@tempa=\box121
\@tempa=\box122
\@tempa=\box123
\@tempa=\box124
\@tempa=\box125
\@tempa=\box126
\@tempa=\box127
\@tempa=\box128
\@tempa=\box129
\@tempa=\box130
\@tempa=\box131
\@tempa=\box132
\@tempa=\box133
\@tempa=\box134
\@tempa=\box135
\c@minrows=\count346
\c@columnbadness=\count347
\c@finalcolumnbadness=\count348
\last@try=\dimen282
\multicolovershoot=\dimen283
\multicolundershoot=\dimen284
\mult@nat@firstbox=\box136
\colbreak@box=\box137
\mc@col@check@num=\count349
\g__mc_curr_col_int=\count350
)
(/usr/local/texlive/2026/texmf-dist/tex/latex/multirow/multirow.sty
Package: multirow 2024/11/12 v2.9 Span multiple rows of a table
\multirow@colwidth=\skip63
\multirow@cntb=\count351
\multirow@dima=\skip64
\bigstrutjot=\dimen285
)
(/usr/local/texlive/2026/texmf-dist/tex/latex/hanging/hanging.sty
Package: hanging 2009/09/02 v1.2b hanging paragraphs and punctuation
\h@ngcommawd=\skip65
\h@ngfstopwd=\skip66
\h@ngquotewd=\skip67
\h@ngdquotewd=\skip68
\h@ngquerywd=\skip69
\h@ngexclwd=\skip70
\h@ngcolonwd=\skip71
\h@ngscolonwd=\skip72
)
(/usr/local/texlive/2026/texmf-dist/tex/generic/iftex/ifpdf.sty
Package: ifpdf 2019/10/25 v3.4 ifpdf legacy package. Use iftex instead.
)
(/usr/local/texlive/2026/texmf-dist/tex/latex/adjustbox/adjustbox.sty
Package: adjustbox 2025/02/26 v1.3c Adjusting TeX boxes (trim, clip, ...)

(/usr/local/texlive/2026/texmf-dist/tex/latex/xkeyval/xkeyval.sty
Package: xkeyval 2025/11/04 v2.10 package option processing (HA)

(/usr/local/texlive/2026/texmf-dist/tex/generic/xkeyval/xkeyval.tex
(/usr/local/texlive/2026/texmf-dist/tex/generic/xkeyval/xkvutils.tex
\XKV@toks=\toks26
\XKV@tempa@toks=\toks27
\XKV@tempb@toks=\toks28
)
\XKV@depth=\count352
File: xkeyval.tex 2014/12/03 v2.7a key=value parser (HA)
))
(/usr/local/texlive/2026/texmf-dist/tex/latex/adjustbox/adjcalc.sty
Package: adjcalc 2012/05/16 v1.1 Provides advanced setlength with multiple back
-ends (calc, etex, pgfmath)
)
(/usr/local/texlive/2026/texmf-dist/tex/latex/adjustbox/trimclip.sty
Package: trimclip 2025/02/21 v1.2a Trim and clip general TeX material

(/usr/local/texlive/2026/texmf-dist/tex/latex/graphics/graphicx.sty
Package: graphicx 2024/12/31 v1.2e Enhanced LaTeX Graphics (DPC,SPQR)

(/usr/local/texlive/2026/texmf-dist/tex/latex/graphics/graphics.sty
Package: graphics 2024/08/06 v1.4g Standard LaTeX Graphics (DPC,SPQR)

(/usr/local/texlive/2026/texmf-dist/tex/latex/graphics/trig.sty
Package: trig 2023/12/02 v1.11 sin cos tan (DPC)
)
(/usr/local/texlive/2026/texmf-dist/tex/latex/graphics-cfg/graphics.cfg
File: graphics.cfg 2016/06/04 v1.11 sample graphics configuration
)
Package graphics Info: Driver file: pdftex.def on input line 106.
)
\Gin@req@height=\dimen286
\Gin@req@width=\dimen287
)
(/usr/local/texlive/2026/texmf-dist/tex/latex/collectbox/collectbox.sty
Package: collectbox 2022/10/17 v0.4c Collect macro arguments as boxes
\collectedbox=\box138
)
\tc@llx=\dimen288
\tc@lly=\dimen289
\tc@urx=\dimen290
\tc@ury=\dimen291
Package trimclip Info: Using driver 'tc-pdftex.def'.

(/usr/local/texlive/2026/texmf-dist/tex/latex/adjustbox/tc-pdftex.def
File: tc-pdftex.def 2025/02/26 v2.3 Clipping driver for pdftex
))
\adjbox@Width=\dimen292
\adjbox@Height=\dimen293
\adjbox@Depth=\dimen294
\adjbox@Totalheight=\dimen295
\adjbox@pwidth=\dimen296
\adjbox@pheight=\dimen297
\adjbox@pdepth=\dimen298
\adjbox@ptotalheight=\dimen299

(/usr/local/texlive/2026/texmf-dist/tex/latex/ifoddpage/ifoddpage.sty
Package: ifoddpage 2022/10/18 v1.2 Conditionals for odd/even page detection
\c@checkoddpage=\count353
))
(/usr/local/texlive/2026/texmf-dist/tex/latex/amsfonts/amssymb.sty
Package: amssymb 2013/01/14 v3.01 AMS font symbols

(/usr/local/texlive/2026/texmf-dist/tex/latex/amsfonts/amsfonts.sty
Package: amsfonts 2013/01/14 v3.01 Basic AMSFonts support
\@emptytoks=\toks29
\symAMSa=\mathgroup4
\symAMSb=\mathgroup5
LaTeX Font Info:    Redeclaring math symbol \hbar on input line 98.
LaTeX Font Info:    Overwriting math alphabet `\mathfrak' in version `bold'
(Font)                  U/euf/m/n --> U/euf/b/n on input line 106.
))
(/usr/local/texlive/2026/texmf-dist/tex/latex/stackengine/stackengine.sty
Package: stackengine 2021/07/22 v4.11\ Stacking text and objects in convenient 
ways

(/usr/local/texlive/2026/texmf-dist/tex/generic/listofitems/listofitems.sty
(/usr/local/texlive/2026/texmf-dist/tex/generic/listofitems/listofitems.tex
\loi_cnt_foreach_nest=\count354
\loi_nestcnt=\count355
)
Package: listofitems 2024/03/09 v1.65 Grab items in lists using user-specified 
sep char (CT)
)
\c@@stackindex=\count356
\@boxshift=\skip73
\stack@tmplength=\skip74
\temp@stkl=\skip75
\@stackedboxwidth=\skip76
\@addedbox=\box139
\@anchorbox=\box140
\@insetbox=\box141
\se@backgroundbox=\box142
\stackedbox=\box143
\@centerbox=\box144
\c@ROWcellindex@=\count357
)
(/usr/local/texlive/2026/texmf-dist/tex/latex/enumitem/enumitem.sty
Package: enumitem 2025/02/06 v3.11 Customized lists
\labelindent=\skip77
\enit@outerparindent=\dimen300
\enit@toks=\toks30
\enit@inbox=\box145
\enit@count@id=\count358
\enitdp@description=\count359
)
(/usr/local/texlive/2026/texmf-dist/tex/generic/alphalph/alphalph.sty
Package: alphalph 2019/12/09 v2.6 Convert numbers to letters (HO)

(/usr/local/texlive/2026/texmf-dist/tex/generic/intcalc/intcalc.sty
Package: intcalc 2019/12/15 v1.3 Expandable calculations with integers (HO)
))
(/usr/local/texlive/2026/texmf-dist/tex/generic/ulem/ulem.sty
\UL@box=\box146
\UL@hyphenbox=\box147
\UL@skip=\skip78
\UL@hook=\toks31
\UL@height=\dimen301
\UL@pe=\count360
\UL@pixel=\dimen302
\ULC@box=\box148
Package: ulem 2019/11/18
\ULdepth=\dimen303
)
\xrefbox=\box149
\xreflength=\skip79
\CodeWidthChar=\skip80
\CodeHeightChar=\skip81
\DoxyCodeWidth=\skip82
\ttcharwidth=\skip83
\c@DoxyEnumeratei=\count361
\c@DoxyEnumerateii=\count362
\c@DoxyEnumerateiii=\count363
\c@DoxyEnumerateiv=\count364
\c@DoxyEnumeratev=\count365
\c@DoxyEnumeratevi=\count366
\c@DoxyEnumeratevii=\count367
\c@DoxyEnumerateviii=\count368
\c@DoxyEnumerateix=\count369
\c@DoxyEnumeratex=\count370
\c@DoxyEnumeratexi=\count371
\c@DoxyEnumeratexii=\count372
\enitdp@DoxyEnumerate=\count373
\enitdp@DoxyItemize=\count374
\doxymboxbox=\box150
\doxymboxlength=\skip84
\c@subsubsubsection=\count375
\c@subsubsubsubsection=\count376
\c@subsubsubsubsubsection=\count377
\c@subsubsubsubsubsubsection=\count378
)
(/usr/local/texlive/2026/texmf-dist/tex/latex/base/inputenc.sty
Package: inputenc 2024/02/08 v1.3d Input encoding file
\inpenc@prehook=\toks32
\inpenc@posthook=\toks33
)
(/usr/local/texlive/2026/texmf-dist/tex/latex/base/makeidx.sty
Package: makeidx 2021/10/04 v1.0m Standard LaTeX package
)
(/usr/local/texlive/2026/texmf-dist/tex/latex/base/textcomp.sty
Package: textcomp 2024/04/24 v2.1b Standard LaTeX package
)
(/usr/local/texlive/2026/texmf-dist/tex/latex/wasysym/wasysym.sty
Package: wasysym 2020/01/19 v2.4 Wasy-2 symbol support package
\symwasy=\mathgroup6
LaTeX Font Info:    Overwriting symbol font `wasy' in version `bold'
(Font)                  U/wasy/m/n --> U/wasy/b/n on input line 93.
)
(/usr/local/texlive/2026/texmf-dist/tex/generic/iftex/ifxetex.sty
Package: ifxetex 2019/10/25 v0.7 ifxetex legacy package. Use iftex instead.
)
(/usr/local/texlive/2026/texmf-dist/tex/latex/base/fontenc.sty
Package: fontenc 2025/07/18 v2.1d Standard LaTeX package
)
(/usr/local/texlive/2026/texmf-dist/tex/latex/psnfss/helvet.sty
Package: helvet 2020/03/25 PSNFSS-v9.3 (WaS) 
)
(/usr/local/texlive/2026/texmf-dist/tex/latex/psnfss/courier.sty
Package: courier 2020/03/25 PSNFSS-v9.3 (WaS) 
)
(/usr/local/texlive/2026/texmf-dist/tex/latex/geometry/geometry.sty
Package: geometry 2020/01/02 v5.9 Page Geometry

(/usr/local/texlive/2026/texmf-dist/tex/generic/iftex/ifvtex.sty
Package: ifvtex 2019/10/25 v1.7 ifvtex legacy package. Use iftex instead.
)
\Gm@cnth=\count379
\Gm@cntv=\count380
\c@Gm@tempcnt=\count381
\Gm@bindingoffset=\dimen304
\Gm@wd@mp=\dimen305
\Gm@odd@mp=\dimen306
\Gm@even@mp=\dimen307
\Gm@layoutwidth=\dimen308
\Gm@layoutheight=\dimen309
\Gm@layouthoffset=\dimen310
\Gm@layoutvoffset=\dimen311
\Gm@dimlist=\toks34
)
(/usr/local/texlive/2026/texmf-dist/tex/latex/changepage/changepage.sty
Package: changepage 2009/10/20 v1.0c check page and change page layout
\c@cp@cntr=\count382
\cp@tempcnt=\count383
LaTeX Info: Redefining \checkoddpage on input line 59.
)
(/usr/local/texlive/2026/texmf-dist/tex/latex/fancyhdr/fancyhdr.sty
Package: fancyhdr 2025/02/07 v5.2 Extensive control of page headers and footers

\f@nch@headwidth=\skip85
\f@nch@offset@elh=\skip86
\f@nch@offset@erh=\skip87
\f@nch@offset@olh=\skip88
\f@nch@offset@orh=\skip89
\f@nch@offset@elf=\skip90
\f@nch@offset@erf=\skip91
\f@nch@offset@olf=\skip92
\f@nch@offset@orf=\skip93
\f@nch@height=\skip94
\f@nch@footalignment=\skip95
\f@nch@widthL=\skip96
\f@nch@widthC=\skip97
\f@nch@widthR=\skip98
\@temptokenb=\toks35
)
(/usr/local/texlive/2026/texmf-dist/tex/latex/natbib/natbib.sty
Package: natbib 2010/09/13 8.31b (PWD, AO)
\bibhang=\skip99
\bibsep=\skip100
LaTeX Info: Redefining \cite on input line 694.
\c@NAT@ctr=\count384
)
(/usr/local/texlive/2026/texmf-dist/tex/latex/tocloft/tocloft.sty
Package: tocloft 2017/08/31 v2.3i parameterised ToC, etc., typesetting
Package tocloft Info: The document has chapter divisions on input line 51.
\cftparskip=\skip101
\cftbeforetoctitleskip=\skip102
\cftaftertoctitleskip=\skip103
\cftbeforepartskip=\skip104
\cftpartnumwidth=\skip105
\cftpartindent=\skip106
\cftbeforechapskip=\skip107
\cftchapindent=\skip108
\cftchapnumwidth=\skip109
\cftbeforesecskip=\skip110
\cftsecindent=\skip111
\cftsecnumwidth=\skip112
\cftbeforesubsecskip=\skip113
\cftsubsecindent=\skip114
\cftsubsecnumwidth=\skip115
\cftbeforesubsubsecskip=\skip116
\cftsubsubsecindent=\skip117
\cftsubsubsecnumwidth=\skip118
\cftbeforeparaskip=\skip119
\cftparaindent=\skip120
\cftparanumwidth=\skip121
\cftbeforesubparaskip=\skip122
\cftsubparaindent=\skip123
\cftsubparanumwidth=\skip124
\cftbeforeloftitleskip=\skip125
\cftafterloftitleskip=\skip126
\cftbeforefigskip=\skip127
\cftfigindent=\skip128
\cftfignumwidth=\skip129
\c@lofdepth=\count385
\c@lotdepth=\count386
\cftbeforelottitleskip=\skip130
\cftafterlottitleskip=\skip131
\cftbeforetabskip=\skip132
\cfttabindent=\skip133
\cfttabnumwidth=\skip134
)
\@indexfile=\write4
\openout4 = `refman.idx'.


Writing index file refman.idx

(/usr/local/texlive/2026/texmf-dist/tex/latex/newunicodechar/newunicodechar.sty
Package: newunicodechar 2018/04/08 v1.2 Defining Unicode characters
) (/usr/local/texlive/2026/texmf-dist/tex/latex/hyperref/hyperref.sty
Package: hyperref 2026-01-29 v7.01p Hypertext links for LaTeX

(/usr/local/texlive/2026/texmf-dist/tex/latex/kvsetkeys/kvsetkeys.sty
Package: kvsetkeys 2022-10-05 v1.19 Key value parser (HO)
)
(/usr/local/texlive/2026/texmf-dist/tex/generic/kvdefinekeys/kvdefinekeys.sty
Package: kvdefinekeys 2019-12-19 v1.6 Define keys (HO)
)
(/usr/local/texlive/2026/texmf-dist/tex/generic/pdfescape/pdfescape.sty
Package: pdfescape 2019/12/09 v1.15 Implements pdfTeX's escape features (HO)

(/usr/local/texlive/2026/texmf-dist/tex/generic/ltxcmds/ltxcmds.sty
Package: ltxcmds 2023-12-04 v1.26 LaTeX kernel commands for general use (HO)
)
(/usr/local/texlive/2026/texmf-dist/tex/generic/pdftexcmds/pdftexcmds.sty
Package: pdftexcmds 2020-06-27 v0.33 Utility functions of pdfTeX for LuaTeX (HO
)
Package pdftexcmds Info: \pdf@primitive is available.
Package pdftexcmds Info: \pdf@ifprimitive is available.
Package pdftexcmds Info: \pdfdraftmode found.
))
(/usr/local/texlive/2026/texmf-dist/tex/latex/hycolor/hycolor.sty
Package: hycolor 2020-01-27 v1.10 Color options for hyperref/bookmark (HO)
)
(/usr/local/texlive/2026/texmf-dist/tex/latex/hyperref/nameref.sty
Package: nameref 2026-01-29 v2.58 Cross-referencing by name of section

(/usr/local/texlive/2026/texmf-dist/tex/latex/refcount/refcount.sty
Package: refcount 2019/12/15 v3.6 Data extraction from label references (HO)
)
(/usr/local/texlive/2026/texmf-dist/tex/generic/gettitlestring/gettitlestring.s
ty
Package: gettitlestring 2019/12/15 v1.6 Cleanup title references (HO)
 (/usr/local/texlive/2026/texmf-dist/tex/latex/kvoptions/kvoptions.sty
Package: kvoptions 2022-06-15 v3.15 Key value format for package options (HO)
))
\c@section@level=\count387
)
(/usr/local/texlive/2026/texmf-dist/tex/generic/stringenc/stringenc.sty
Package: stringenc 2019/11/29 v1.12 Convert strings between diff. encodings (HO
)
)
\@linkdim=\dimen312
\Hy@linkcounter=\count388
\Hy@pagecounter=\count389

(/usr/local/texlive/2026/texmf-dist/tex/latex/hyperref/pd1enc.def
File: pd1enc.def 2026-01-29 v7.01p Hyperref: PDFDocEncoding definition (HO)
Now handling font encoding PD1 ...
... no UTF-8 mapping file for font encoding PD1
)
\Hy@SavedSpaceFactor=\count390

(/usr/local/texlive/2026/texmf-dist/tex/latex/hyperref/puenc.def
File: puenc.def 2026-01-29 v7.01p Hyperref: PDF Unicode definition (HO)
Now handling font encoding PU ...
... no UTF-8 mapping file for font encoding PU
)
Package hyperref Info: Hyper figures OFF on input line 4201.
Package hyperref Info: Link nesting OFF on input line 4206.
Package hyperref Info: Hyper index ON on input line 4209.
Package hyperref Info: Plain pages OFF on input line 4216.
Package hyperref Info: Backreferencing ON on input line 4219.
Package hyperref Info: Implicit mode ON; LaTeX internals redefined.
Package hyperref Info: Bookmarks ON on input line 4468.

(/usr/local/texlive/2026/texmf-dist/tex/latex/hyperref/backref.sty
Package: backref 2025-06-21 v1.45 Bibliographical back referencing

(/usr/local/texlive/2026/texmf-dist/tex/latex/rerunfilecheck/rerunfilecheck.sty
Package: rerunfilecheck 2025-06-21 v1.11 Rerun checks for auxiliary files (HO)

(/usr/local/texlive/2026/texmf-dist/tex/generic/uniquecounter/uniquecounter.sty
Package: uniquecounter 2019/12/15 v1.4 Provide unlimited unique counter (HO)
(/usr/local/texlive/2026/texmf-dist/tex/generic/bigintcalc/bigintcalc.sty
Package: bigintcalc 2019/12/15 v1.5 Expandable calculations on big integers (HO
)
))
Package uniquecounter Info: New unique counter `rerunfilecheck' on input line 2
84.
))
\c@Hy@tempcnt=\count391

(/usr/local/texlive/2026/texmf-dist/tex/latex/url/url.sty
\Urlmuskip=\muskip17
Package: url 2013/09/16  ver 3.4  Verb mode for urls, etc.
)
LaTeX Info: Redefining \url on input line 4807.
\XeTeXLinkMargin=\dimen313

(/usr/local/texlive/2026/texmf-dist/tex/generic/bitset/bitset.sty
Package: bitset 2019/12/09 v1.3 Handle bit-vector datatype (HO)
)
\Fld@menulength=\count392
\Field@Width=\dimen314
\Fld@charsize=\dimen315
Package hyperref Info: Hyper figures OFF on input line 6084.
Package hyperref Info: Link nesting OFF on input line 6089.
Package hyperref Info: Hyper index ON on input line 6092.
Package hyperref Info: backreferencing ON on input line 6097.
Package hyperref Info: Link coloring OFF on input line 6104.
Package hyperref Info: Link coloring with OCG OFF on input line 6109.
Package hyperref Info: PDF/A mode OFF on input line 6114.
\Hy@abspage=\count393
\c@Item=\count394
\c@Hfootnote=\count395
)
Package hyperref Info: Driver: hpdftex.

(/usr/local/texlive/2026/texmf-dist/tex/latex/hyperref/hpdftex.def
File: hpdftex.def 2026-01-29 v7.01p Hyperref driver for pdfTeX
\Fld@listcount=\count396
\c@bookmark@seq@number=\count397
\Hy@SectionHShift=\skip135
)
Package hyperref Info: Option `colorlinks' set `true' on input line 179.
Package hyperref Info: Option `unicode' set `true' on input line 179.

(/usr/local/texlive/2026/texmf-dist/tex/latex/caption/caption.sty
Package: caption 2023/08/05 v3.6o Customizing captions (AR)

(/usr/local/texlive/2026/texmf-dist/tex/latex/caption/caption3.sty
Package: caption3 2023/07/31 v2.4d caption3 kernel (AR)
\caption@tempdima=\dimen316
\captionmargin=\dimen317
\caption@leftmargin=\dimen318
\caption@rightmargin=\dimen319
\caption@width=\dimen320
\caption@indent=\dimen321
\caption@parindent=\dimen322
\caption@hangindent=\dimen323
Package caption Info: Standard document class detected.
)
\c@caption@flags=\count398
\c@continuedfloat=\count399
Package caption Info: changepage package is loaded.
\caption@adjustwidth@hsize=\dimen324
\caption@adjustwidth@linewidth=\dimen325
Package caption Info: float package is loaded.
Package caption Info: hyperref package is loaded.
Package caption Info: longtable package is loaded.

(/usr/local/texlive/2026/texmf-dist/tex/latex/caption/ltcaption.sty
Package: ltcaption 2021/01/08 v1.4c longtable captions (AR)
))
(/usr/local/texlive/2026/texmf-dist/tex/latex/etoc/etoc.sty
Package: etoc 2023/10/29 v1.2d Completely customisable TOCs (JFB)
\Etoc@toctoks=\toks36
\c@etoc@tocid=\count400
\etoc@framed@titlebox=\box151
\etoc@framed@contentsbox=\box152
)
LaTeX Font Info:    Trying to load font information for T1+phv on input line 20
1.

(/usr/local/texlive/2026/texmf-dist/tex/latex/psnfss/t1phv.fd
File: t1phv.fd 2020/03/25 scalable font definitions for T1/phv.
)
LaTeX Font Info:    Font shape `T1/phv/m/n' will be
(Font)              scaled to size 8.99994pt on input line 201.
 (./refman.aux

LaTeX Warning: Label `class_center_align_delegate_af46efb1227a550b0cf9bd23b4841
1c02' multiply defined.

)
\openout1 = `refman.aux'.

LaTeX Font Info:    Checking defaults for OML/cmm/m/it on input line 201.
LaTeX Font Info:    ... okay on input line 201.
LaTeX Font Info:    Checking defaults for OMS/cmsy/m/n on input line 201.
LaTeX Font Info:    ... okay on input line 201.
LaTeX Font Info:    Checking defaults for OT1/cmr/m/n on input line 201.
LaTeX Font Info:    ... okay on input line 201.
LaTeX Font Info:    Checking defaults for T1/cmr/m/n on input line 201.
LaTeX Font Info:    ... okay on input line 201.
LaTeX Font Info:    Checking defaults for TS1/cmr/m/n on input line 201.
LaTeX Font Info:    ... okay on input line 201.
LaTeX Font Info:    Checking defaults for OMX/cmex/m/n on input line 201.
LaTeX Font Info:    ... okay on input line 201.
LaTeX Font Info:    Checking defaults for U/cmr/m/n on input line 201.
LaTeX Font Info:    ... okay on input line 201.
LaTeX Font Info:    Checking defaults for PD1/pdf/m/n on input line 201.
LaTeX Font Info:    ... okay on input line 201.
LaTeX Font Info:    Checking defaults for PU/pdf/m/n on input line 201.
LaTeX Font Info:    ... okay on input line 201.
 (/usr/local/texlive/2026/texmf-dist/tex/context/base/mkii/supp-pdf.mkii
[Loading MPS to PDF converter (version 2006.09.02).]
\scratchcounter=\count401
\scratchdimen=\dimen326
\scratchbox=\box153
\nofMPsegments=\count402
\nofMParguments=\count403
\everyMPshowfont=\toks37
\MPscratchCnt=\count404
\MPscratchDim=\dimen327
\MPnumerator=\count405
\makeMPintoPDFobject=\count406
\everyMPtoPDFconversion=\toks38
) (/usr/local/texlive/2026/texmf-dist/tex/latex/epstopdf-pkg/epstopdf-base.sty
Package: epstopdf-base 2020-01-24 v2.11 Base part for package epstopdf
Package epstopdf-base Info: Redefining graphics rule for `.eps' on input line 4
85.

(/usr/local/texlive/2026/texmf-dist/tex/latex/latexconfig/epstopdf-sys.cfg
File: epstopdf-sys.cfg 2010/07/13 v1.3 Configuration of (r)epstopdf for TeX Liv
e
))
*geometry* driver: auto-detecting
*geometry* detected driver: pdftex
*geometry* verbose mode - [ preamble ] result:
* driver: pdftex
* paper: a4paper
* layout: <same size as paper>
* layoutoffset:(h,v)=(0.0pt,0.0pt)
* modes: twoside 
* h-part:(L,W,R)=(71.13188pt, 455.24411pt, 71.13188pt)
* v-part:(T,H,B)=(71.13188pt, 702.78308pt, 71.13188pt)
* \paperwidth=597.50787pt
* \paperheight=845.04684pt
* \textwidth=455.24411pt
* \textheight=702.78308pt
* \oddsidemargin=-1.1381pt
* \evensidemargin=-1.1381pt
* \topmargin=-31.2056pt
* \headheight=12.0pt
* \headsep=18.06749pt
* \topskip=10.0pt
* \footskip=25.29494pt
* \marginparwidth=125.0pt
* \marginparsep=7.0pt
* \columnsep=10.0pt
* \skip\footins=9.0pt plus 4.0pt minus 2.0pt
* \hoffset=0.0pt
* \voffset=0.0pt
* \mag=1000
* \@twocolumnfalse
* \@twosidetrue
* \@mparswitchtrue
* \@reversemarginfalse
* (1in=72.27pt=25.4mm, 1cm=28.453pt)

Package backref Info: ** backref set up for natbib ** on input line 201.
Package hyperref Info: Link coloring ON on input line 201.
(./refman.out) (./refman.out)
\@outlinefile=\write5
\openout5 = `refman.out'.

Package caption Info: Begin \AtBeginDocument code.
Package caption Info: End \AtBeginDocument code.
\Etoc@tf=\read4
 <./syntaxtutor-lockup.pdf>
<syntaxtutor-lockup.pdf, id=3304, 264.99pt x 63.23625pt>
File: syntaxtutor-lockup.pdf Graphic file (type pdf)
<use syntaxtutor-lockup.pdf>
Package pdftex.def Info: syntaxtutor-lockup.pdf  used on input line 208.
(pdftex.def)             Requested size: 282.24911pt x 67.36009pt.
LaTeX Font Info:    Font shape `T1/phv/m/n' will be
(Font)              scaled to size 22.39185pt on input line 210.
LaTeX Font Info:    Font shape `T1/phv/b/n' will be
(Font)              scaled to size 22.39185pt on input line 210.
LaTeX Font Info:    Font shape `T1/phv/m/n' will be
(Font)              scaled to size 12.9599pt on input line 212.
LaTeX Font Info:    Font shape `T1/phv/b/n' will be
(Font)              scaled to size 8.99994pt on input line 217.
 [1


{/usr/local/texlive/2026/texmf-var/fonts/map/pdftex/updmap/pdftex.map}{/usr/loc
al/texlive/2026/texmf-dist/fonts/enc/dvips/base/8r.enc}] [2

]
\tf@toc=\write6
\openout6 = `refman.toc'.

LaTeX Font Info:    Font shape `T1/phv/b/n' will be
(Font)              scaled to size 6.29996pt on input line 225.
LaTeX Font Info:    Trying to load font information for U+msa on input line 225
.

(/usr/local/texlive/2026/texmf-dist/tex/latex/amsfonts/umsa.fd
File: umsa.fd 2013/01/14 v3.01 AMS symbols A
)
LaTeX Font Info:    Trying to load font information for U+msb on input line 225
.

(/usr/local/texlive/2026/texmf-dist/tex/latex/amsfonts/umsb.fd
File: umsb.fd 2013/01/14 v3.01 AMS symbols B
)
LaTeX Font Info:    Trying to load font information for U+wasy on input line 22
5.

(/usr/local/texlive/2026/texmf-dist/tex/latex/wasysym/uwasy.fd
File: uwasy.fd 2020/01/19 v2.4 Wasy-2 symbol font definitions
)
LaTeX Font Info:    Font shape `T1/phv/m/n' will be
(Font)              scaled to size 6.29996pt on input line 225.


! LaTeX Error: Unicode character 🎓 (U+1F393)
               not set up for use with LaTeX.

See the LaTeX manual or LaTeX Companion for explanation.
Type  H <return>  for immediate help.
 ...                                              
                                                  
l.225   \clearemptydoublepage
                             
You may provide a definition with
\DeclareUnicodeCharacter 


! LaTeX Error: Unicode character 🎯 (U+1F3AF)
               not set up for use with LaTeX.

See the LaTeX manual or LaTeX Companion for explanation.
Type  H <return>  for immediate help.
 ...                                              
                                                  
l.225   \clearemptydoublepage
                             
You may provide a definition with
\DeclareUnicodeCharacter 


! LaTeX Error: Unicode character 📖 (U+1F4D6)
               not set up for use with LaTeX.

See the LaTeX manual or LaTeX Companion for explanation.
Type  H <return>  for immediate help.
 ...                                              
                                                  
l.225   \clearemptydoublepage
                             
You may provide a definition with
\DeclareUnicodeCharacter 


! LaTeX Error: Unicode character 🖼 (U+1F5BC)
               not set up for use with LaTeX.

See the LaTeX manual or LaTeX Companion for explanation.
Type  H <return>  for immediate help.
 ...                                              
                                                  
l.225   \clearemptydoublepage
                             
You may provide a definition with
\DeclareUnicodeCharacter 


! LaTeX Error: Unicode character ️ (U+FE0F)
               not set up for use with LaTeX.

See the LaTeX manual or LaTeX Companion for explanation.
Type  H <return>  for immediate help.
 ...                                              
                                                  
l.225   \clearemptydoublepage
                             
You may provide a definition with
\DeclareUnicodeCharacter 


! LaTeX Error: Unicode character 🏠 (U+1F3E0)
               not set up for use with LaTeX.

See the LaTeX manual or LaTeX Companion for explanation.
Type  H <return>  for immediate help.
 ...                                              
                                                  
l.225   \clearemptydoublepage
                             
You may provide a definition with
\DeclareUnicodeCharacter 


! LaTeX Error: Unicode character 📘 (U+1F4D8)
               not set up for use with LaTeX.

See the LaTeX manual or LaTeX Companion for explanation.
Type  H <return>  for immediate help.
 ...                                              
                                                  
l.225   \clearemptydoublepage
                             
You may provide a definition with
\DeclareUnicodeCharacter 


! LaTeX Error: Unicode character 🧠 (U+1F9E0)
               not set up for use with LaTeX.

See the LaTeX manual or LaTeX Companion for explanation.
Type  H <return>  for immediate help.
 ...                                              
                                                  
l.225   \clearemptydoublepage
                             
You may provide a definition with
\DeclareUnicodeCharacter 


! LaTeX Error: Unicode character ✍ (U+270D)
               not set up for use with LaTeX.

See the LaTeX manual or LaTeX Companion for explanation.
Type  H <return>  for immediate help.
 ...                                              
                                                  
l.225   \clearemptydoublepage
                             
You may provide a definition with
\DeclareUnicodeCharacter 


! LaTeX Error: Unicode character ️ (U+FE0F)
               not set up for use with LaTeX.

See the LaTeX manual or LaTeX Companion for explanation.
Type  H <return>  for immediate help.
 ...                                              
                                                  
l.225   \clearemptydoublepage
                             
You may provide a definition with
\DeclareUnicodeCharacter 


! LaTeX Error: Unicode character 📝 (U+1F4DD)
               not set up for use with LaTeX.

See the LaTeX manual or LaTeX Companion for explanation.
Type  H <return>  for immediate help.
 ...                                              
                                                  
l.225   \clearemptydoublepage
                             
You may provide a definition with
\DeclareUnicodeCharacter 


! LaTeX Error: Unicode character 🛠 (U+1F6E0)
               not set up for use with LaTeX.

See the LaTeX manual or LaTeX Companion for explanation.
Type  H <return>  for immediate help.
 ...                                              
                                                  
l.225   \clearemptydoublepage
                             
You may provide a definition with
\DeclareUnicodeCharacter 


! LaTeX Error: Unicode character ️ (U+FE0F)
               not set up for use with LaTeX.

See the LaTeX manual or LaTeX Companion for explanation.
Type  H <return>  for immediate help.
 ...                                              
                                                  
l.225   \clearemptydoublepage
                             
You may provide a definition with
\DeclareUnicodeCharacter 


! LaTeX Error: Unicode character 📦 (U+1F4E6)
               not set up for use with LaTeX.

See the LaTeX manual or LaTeX Companion for explanation.
Type  H <return>  for immediate help.
 ...                                              
                                                  
l.225   \clearemptydoublepage
                             
You may provide a definition with
\DeclareUnicodeCharacter 


! LaTeX Error: Unicode character 🛠 (U+1F6E0)
               not set up for use with LaTeX.

See the LaTeX manual or LaTeX Companion for explanation.
Type  H <return>  for immediate help.
 ...                                              
                                                  
l.225   \clearemptydoublepage
                             
You may provide a definition with
\DeclareUnicodeCharacter 


! LaTeX Error: Unicode character ️ (U+FE0F)
               not set up for use with LaTeX.

See the LaTeX manual or LaTeX Companion for explanation.
Type  H <return>  for immediate help.
 ...                                              
                                                  
l.225   \clearemptydoublepage
                             
You may provide a definition with
\DeclareUnicodeCharacter 


! LaTeX Error: Unicode character 📚 (U+1F4DA)
               not set up for use with LaTeX.

See the LaTeX manual or LaTeX Companion for explanation.
Type  H <return>  for immediate help.
 ...                                              
                                                  
l.225   \clearemptydoublepage
                             
You may provide a definition with
\DeclareUnicodeCharacter 

[1] [2] [3]
LaTeX Font Info:    Font shape `T1/phv/m/n' will be
(Font)              scaled to size 7.19995pt on input line 225.
LaTeX Font Info:    Trying to load font information for T1+pcr on input line 22
5.
 (/usr/local/texlive/2026/texmf-dist/tex/latex/psnfss/t1pcr.fd
File: t1pcr.fd 2001/06/04 font definitions for T1/pcr.
)
[4] [5] [6] [7] [8] [9] [10] [11] [12] [13] [14] [15] [16] [17] [18] [19]
[20] (./index.tex
Chapter 1.
LaTeX Font Info:    Font shape `T1/phv/m/n' will be
(Font)              scaled to size 18.66588pt on input line 1.
LaTeX Font Info:    Font shape `T1/phv/b/n' will be
(Font)              scaled to size 18.66588pt on input line 1.

! LaTeX Error: Unknown graphics extension: .svg.

See the LaTeX manual or LaTeX Companion for explanation.
Type  H <return>  for immediate help.
 ...                                              
                                                  
l.7 ...epaspectratio=true]{syntaxtutor-banner.svg}
                                                  %Syntax\+Tutor%
Try typing  <return>  to proceed.
If that doesn't work, type  X <return>  to quit.

LaTeX Font Info:    Font shape `T1/phv/b/n' will be
(Font)              scaled to size 12.9599pt on input line 9.
LaTeX Font Info:    Font shape `T1/phv/m/n' will be
(Font)              scaled to size 10.79993pt on input line 15.
LaTeX Font Info:    Font shape `T1/phv/b/n' will be
(Font)              scaled to size 10.79993pt on input line 15.

! LaTeX Error: Unicode character 🎓 (U+1F393)
               not set up for use with LaTeX.

See the LaTeX manual or LaTeX Companion for explanation.
Type  H <return>  for immediate help.
 ...                                              
                                                  
l.15 ...bout the Project}{🎓 About the Project}}
                                                  \label{index_autotoc_md2}
You may provide a definition with
\DeclareUnicodeCharacter 


! LaTeX Error: Unicode character 🎯 (U+1F3AF)
               not set up for use with LaTeX.

See the LaTeX manual or LaTeX Companion for explanation.
Type  H <return>  for immediate help.
 ...                                              
                                                  
l.19 ...ing{🎯 Key Features}{🎯 Key Features}}
                                                  \label{index_autotoc_md4}
You may provide a definition with
\DeclareUnicodeCharacter 

LaTeX Font Info:    Trying to load font information for TS1+phv on input line 2
2.
(/usr/local/texlive/2026/texmf-dist/tex/latex/psnfss/ts1phv.fd
File: ts1phv.fd 2020/03/25 scalable font definitions for TS1/phv.
)
LaTeX Font Info:    Font shape `TS1/phv/m/n' will be
(Font)              scaled to size 8.99994pt on input line 22.


! LaTeX Error: Unicode character 📖 (U+1F4D6)
               not set up for use with LaTeX.

See the LaTeX manual or LaTeX Companion for explanation.
Type  H <return>  for immediate help.
 ...                                              
                                                  
l.33 ...tring{📖 User Manual}{📖 User Manual}}
                                                  \label{index_autotoc_md6}
You may provide a definition with
\DeclareUnicodeCharacter 


! LaTeX Error: Unicode character 🇬 (U+1F1EC)
               not set up for use with LaTeX.

See the LaTeX manual or LaTeX Companion for explanation.
Type  H <return>  for immediate help.
 ...                                              
                                                  
l.36 \item 🇬
               🇧 \href{manual/SyntaxTutor-Manual-EN.pdf}{\texttt{English}}
You may provide a definition with
\DeclareUnicodeCharacter 


! LaTeX Error: Unicode character 🇧 (U+1F1E7)
               not set up for use with LaTeX.

See the LaTeX manual or LaTeX Companion for explanation.
Type  H <return>  for immediate help.
 ...                                              
                                                  
l.36 \item 🇬🇧
                    \href{manual/SyntaxTutor-Manual-EN.pdf}{\texttt{English}}
You may provide a definition with
\DeclareUnicodeCharacter 


! LaTeX Error: Unicode character 🇪 (U+1F1EA)
               not set up for use with LaTeX.

See the LaTeX manual or LaTeX Companion for explanation.
Type  H <return>  for immediate help.
 ...                                              
                                                  
l.37 \item 🇪
               🇸 \href{manual/SyntaxTutor-Manual-ES.pdf}{\texttt{Español}}
You may provide a definition with
\DeclareUnicodeCharacter 


! LaTeX Error: Unicode character 🇸 (U+1F1F8)
               not set up for use with LaTeX.

See the LaTeX manual or LaTeX Companion for explanation.
Type  H <return>  for immediate help.
 ...                                              
                                                  
l.37 \item 🇪🇸
                    \href{manual/SyntaxTutor-Manual-ES.pdf}{\texttt{Español}}
You may provide a definition with
\DeclareUnicodeCharacter 


! LaTeX Error: Unicode character 🖼 (U+1F5BC)
               not set up for use with LaTeX.

See the LaTeX manual or LaTeX Companion for explanation.
Type  H <return>  for immediate help.
 ...                                              
                                                  
l.41 ...reenshots}{🖼️ Interface Screenshots}}
                                                  \label{index_autotoc_md8}
You may provide a definition with
\DeclareUnicodeCharacter 


! LaTeX Error: Unicode character ️ (U+FE0F)
               not set up for use with LaTeX.

See the LaTeX manual or LaTeX Companion for explanation.
Type  H <return>  for immediate help.
 ...                                              
                                                  
l.41 ...reenshots}{🖼️ Interface Screenshots}}
                                                  \label{index_autotoc_md8}
You may provide a definition with
\DeclareUnicodeCharacter 


! LaTeX Error: Unicode character 🏠 (U+1F3E0)
               not set up for use with LaTeX.

See the LaTeX manual or LaTeX Companion for explanation.
Type  H <return>  for immediate help.
 ...                                              
                                                  
l.42 ...ion{\texorpdfstring{🏠 Home}{🏠 Home}}
                                                  \label{index_autotoc_md9}
You may provide a definition with
\DeclareUnicodeCharacter 

 <./home.png (PNG copy)>
<home.png, id=4246, 2007.5pt x 1405.25pt>
File: home.png Graphic file (type png)
<use home.png>
Package pdftex.def Info: home.png  used on input line 45.
(pdftex.def)             Requested size: 455.22131pt x 318.65492pt.
 [1


]

! LaTeX Error: Unicode character 📘 (U+1F4D8)
               not set up for use with LaTeX.

See the LaTeX manual or LaTeX Companion for explanation.
Type  H <return>  for immediate help.
 ...                                              
                                                  
l.50 ...tring{📘 LL(1) Tutor}{📘 LL(1) Tutor}}
                                                  \label{index_autotoc_md10}
You may provide a definition with
\DeclareUnicodeCharacter 

 <./ll-tutor.png (PNG copy)>
<ll-tutor.png, id=4257, 2569.6pt x 1606.0pt>
File: ll-tutor.png Graphic file (type png)
<use ll-tutor.png>
Package pdftex.def Info: ll-tutor.png  used on input line 53.
(pdftex.def)             Requested size: 455.2152pt x 284.50949pt.
 [2] <./ll-table-retry.png (PNG copy)>
<ll-table-retry.png, id=4266, 961.5925pt x 738.76pt>
File: ll-table-retry.png Graphic file (type png)
<use ll-table-retry.png>
Package pdftex.def Info: ll-table-retry.png  used on input line 62.
(pdftex.def)             Requested size: 455.2499pt x 349.75357pt.
 [3] <./ll-guided.png (PNG copy)>
<ll-guided.png, id=4273, 1284.8pt x 883.3pt>
File: ll-guided.png Graphic file (type png)
<use ll-guided.png>
Package pdftex.def Info: ll-guided.png  used on input line 71.
(pdftex.def)             Requested size: 455.2348pt x 312.97392pt.
 [4]

! LaTeX Error: Unicode character 🧠 (U+1F9E0)
               not set up for use with LaTeX.

See the LaTeX manual or LaTeX Companion for explanation.
Type  H <return>  for immediate help.
 ...                                              
                                                  
l.76 ...ing{🧠 SLR(1) Tutor}{🧠 SLR(1) Tutor}}
                                                  \label{index_autotoc_md11}
You may provide a definition with
\DeclareUnicodeCharacter 

 <./slr-tutor.png (PNG copy)>
<slr-tutor.png, id=4279, 2569.6pt x 1606.0pt>
File: slr-tutor.png Graphic file (type png)
<use slr-tutor.png>
Package pdftex.def Info: slr-tutor.png  used on input line 79.
(pdftex.def)             Requested size: 455.2152pt x 284.50949pt.
 [5] <./slr-automaton.png (PNG copy)>
<slr-automaton.png, id=4286, 1806.75pt x 1284.8pt>
File: slr-automaton.png Graphic file (type png)
<use slr-automaton.png>
Package pdftex.def Info: slr-automaton.png  used on input line 88.
(pdftex.def)             Requested size: 455.24277pt x 323.72818pt.
 [6] <./slr-table.png (PNG copy)>
<slr-table.png, id=4292, 1967.35pt x 1204.5pt>
File: slr-table.png Graphic file (type png)
<use slr-table.png>
Package pdftex.def Info: slr-table.png  used on input line 97.
(pdftex.def)             Requested size: 455.24277pt x 278.72006pt.
 <./slr-guided.png (PNG copy)>
<slr-guided.png, id=4293, 1284.8pt x 883.3pt>
File: slr-guided.png Graphic file (type png)
<use slr-guided.png>
Package pdftex.def Info: slr-guided.png  used on input line 106.
(pdftex.def)             Requested size: 455.2348pt x 312.97392pt.
 [7]

! LaTeX Error: Unicode character ✍ (U+270D)
               not set up for use with LaTeX.

See the LaTeX manual or LaTeX Companion for explanation.
Type  H <return>  for immediate help.
 ...                                              
                                                  
l.111 ...ur Own Grammar}{✍️ Your Own Grammar}}
                                                  \label{index_autotoc_md12}
You may provide a definition with
\DeclareUnicodeCharacter 


! LaTeX Error: Unicode character ️ (U+FE0F)
               not set up for use with LaTeX.

See the LaTeX manual or LaTeX Companion for explanation.
Type  H <return>  for immediate help.
 ...                                              
                                                  
l.111 ...ur Own Grammar}{✍️ Your Own Grammar}}
                                                  \label{index_autotoc_md12}
You may provide a definition with
\DeclareUnicodeCharacter 

 <./grammar-editor.png (PNG copy)>
<grammar-editor.png, id=4300, 1646.15pt x 1284.8pt>
File: grammar-editor.png Graphic file (type png)
<use grammar-editor.png>
Package pdftex.def Info: grammar-editor.png  used on input line 114.
(pdftex.def)             Requested size: 450.2185pt x 351.39006pt.
 [8]

! LaTeX Error: Unicode character 📝 (U+1F4DD)
               not set up for use with LaTeX.

See the LaTeX manual or LaTeX Companion for explanation.
Type  H <return>  for immediate help.
 ...                                              
                                                  
l.119 ...dfstring{📝 Exam Mode}{📝 Exam Mode}}
                                                  \label{index_autotoc_md13}
You may provide a definition with
\DeclareUnicodeCharacter 

 <./exam-report.png (PNG copy)>
<exam-report.png, id=4307, 1445.4pt x 1204.5pt>
File: exam-report.png Graphic file (type png)
<use exam-report.png>
Package pdftex.def Info: exam-report.png  used on input line 122.
(pdftex.def)             Requested size: 421.66954pt x 351.39128pt.
 [9]

! LaTeX Error: Unicode character 🛠 (U+1F6E0)
               not set up for use with LaTeX.

See the LaTeX manual or LaTeX Companion for explanation.
Type  H <return>  for immediate help.
 ...                                              
                                                  
l.130 ...ologies Used}{🛠️ Technologies Used}}
                                                  \label{index_autotoc_md15}
You may provide a definition with
\DeclareUnicodeCharacter 


! LaTeX Error: Unicode character ️ (U+FE0F)
               not set up for use with LaTeX.

See the LaTeX manual or LaTeX Companion for explanation.
Type  H <return>  for immediate help.
 ...                                              
                                                  
l.130 ...ologies Used}{🛠️ Technologies Used}}
                                                  \label{index_autotoc_md15}
You may provide a definition with
\DeclareUnicodeCharacter 


! LaTeX Error: Unicode character 📦 (U+1F4E6)
               not set up for use with LaTeX.

See the LaTeX manual or LaTeX Companion for explanation.
Type  H <return>  for immediate help.
 ...                                              
                                                  
l.139 ...dfstring{📦 Downloads}{📦 Downloads}}
                                                  \label{index_autotoc_md17}
You may provide a definition with
\DeclareUnicodeCharacter 


! LaTeX Error: Unicode character 🐧 (U+1F427)
               not set up for use with LaTeX.

See the LaTeX manual or LaTeX Companion for explanation.
Type  H <return>  for immediate help.
 ...                                              
                                                  
l.142 \item 🐧
                 Linux: executable App\+Image (Ubuntu 22.\+04, Debian 12 or ...

You may provide a definition with
\DeclareUnicodeCharacter 


! LaTeX Error: Unicode character 🪟 (U+1FA9F)
               not set up for use with LaTeX.

See the LaTeX manual or LaTeX Companion for explanation.
Type  H <return>  for immediate help.
 ...                                              
                                                  
l.143 \item 🪟
                 Windows: ZIP archive with the .exe
You may provide a definition with
\DeclareUnicodeCharacter 


! LaTeX Error: Unicode character 🍎 (U+1F34E)
               not set up for use with LaTeX.

See the LaTeX manual or LaTeX Companion for explanation.
Type  H <return>  for immediate help.
 ...                                              
                                                  
l.144 \item 🍎
                 mac\+OS: .app bundle for Apple Silicon (ARM)
You may provide a definition with
\DeclareUnicodeCharacter 

LaTeX Font Info:    Font shape `T1/phv/bc/n' will be
(Font)              scaled to size 8.99994pt on input line 147.

Underfull \hbox (badness 10000) detected at line 147
[][][]
 []


! LaTeX Error: Unicode character 🛠 (U+1F6E0)
               not set up for use with LaTeX.

See the LaTeX manual or LaTeX Companion for explanation.
Type  H <return>  for immediate help.
 ...                                              
                                                  
l.151 ...om Source}{🛠️ Building from Source}}
                                                  \label{index_autotoc_md19}
You may provide a definition with
\DeclareUnicodeCharacter 


! LaTeX Error: Unicode character ️ (U+FE0F)
               not set up for use with LaTeX.

See the LaTeX manual or LaTeX Companion for explanation.
Type  H <return>  for immediate help.
 ...                                              
                                                  
l.151 ...om Source}{🛠️ Building from Source}}
                                                  \label{index_autotoc_md19}
You may provide a definition with
\DeclareUnicodeCharacter 

[10]

! LaTeX Error: Unicode character 📚 (U+1F4DA)
               not set up for use with LaTeX.

See the LaTeX manual or LaTeX Companion for explanation.
Type  H <return>  for immediate help.
 ...                                              
                                                  
l.172 ...{📚 Documentation}{📚 Documentation}}
                                                  \label{index_autotoc_md21}
You may provide a definition with
\DeclareUnicodeCharacter 


! LaTeX Error: Unicode character 🌐 (U+1F310)
               not set up for use with LaTeX.

See the LaTeX manual or LaTeX Companion for explanation.
Type  H <return>  for immediate help.
 ...                                              
                                                  
l.177 \item {\bfseries{🌐
                            Online HTML Documentation}}: \href{https://jose-...

You may provide a definition with
\DeclareUnicodeCharacter 


! LaTeX Error: Unicode character 📄 (U+1F4C4)
               not set up for use with LaTeX.

See the LaTeX manual or LaTeX Companion for explanation.
Type  H <return>  for immediate help.
 ...                                              
                                                  
l.178 \item {\bfseries{📄
                            PDF Developer Manual}}: \href{manual/SyntaxTutor...

You may provide a definition with
\DeclareUnicodeCharacter 

) [11] [12

]
Chapter 2.
(./dirs.tex [13]) [14]
Chapter 3.
(./namespaces.tex) [15

] [16

]
Chapter 4.
(./hierarchy.tex [17]) [18]
Chapter 5.
(./annotated.tex [19

]) [20]
Chapter 6.
(./files.tex [21

]) [22]
Chapter 7.
(./dir_d422163b96683743ed3963d4aac17747.tex
Package epstopdf Info: Source file: <dir_d422163b96683743ed3963d4aac17747_dep.e
ps>
(epstopdf)                    date: 2026-10-04 22:45:38
(epstopdf)                    size: 7131 bytes
(epstopdf)             Output file: <dir_d422163b96683743ed3963d4aac17747_dep-e
ps-converted-to.pdf>
(epstopdf)                    date: 2026-10-04 22:45:42
(epstopdf)                    size: 5251 bytes
(epstopdf)             Command: <repstopdf --outfile=dir_d422163b96683743ed3963
d4aac17747_dep-eps-converted-to.pdf dir_d422163b96683743ed3963d4aac17747_dep.ep
s>
(epstopdf)             \includegraphics on input line 8.
Package epstopdf Info: Output file is already uptodate.
 <./dir_d422163b96683743ed3963d4aac17747_dep-eps-converted-to.pdf>
<dir_d422163b96683743ed3963d4aac17747_dep-eps-converted-to.pdf, id=4931, 104.39
pt x 83.31125pt>
File: dir_d422163b96683743ed3963d4aac17747_dep-eps-converted-to.pdf Graphic fil
e (type pdf)
<use dir_d422163b96683743ed3963d4aac17747_dep-eps-converted-to.pdf>
Package pdftex.def Info: dir_d422163b96683743ed3963d4aac17747_dep-eps-converted
-to.pdf  used on input line 8.
(pdftex.def)             Requested size: 140.0pt x 111.7458pt.
) (./dir_8c739bbef76d64b22d6b0911c526dd76.tex)
(./dir_11bc0974ce736ce9a6fadebbeb7a8314.tex
Package epstopdf Info: Source file: <dir_11bc0974ce736ce9a6fadebbeb7a8314_dep.e
ps>
(epstopdf)                    date: 2026-10-04 22:45:38
(epstopdf)                    size: 7116 bytes
(epstopdf)             Output file: <dir_11bc0974ce736ce9a6fadebbeb7a8314_dep-e
ps-converted-to.pdf>
(epstopdf)                    date: 2026-10-04 22:45:42
(epstopdf)                    size: 5619 bytes
(epstopdf)             Command: <repstopdf --outfile=dir_11bc0974ce736ce9a6fade
bbeb7a8314_dep-eps-converted-to.pdf dir_11bc0974ce736ce9a6fadebbeb7a8314_dep.ep
s>
(epstopdf)             \includegraphics on input line 8.
Package epstopdf Info: Output file is already uptodate.
 <./dir_11bc0974ce736ce9a6fadebbeb7a8314_dep-eps-converted-to.pdf>
<dir_11bc0974ce736ce9a6fadebbeb7a8314_dep-eps-converted-to.pdf, id=4970, 128.48
pt x 83.31125pt>
File: dir_11bc0974ce736ce9a6fadebbeb7a8314_dep-eps-converted-to.pdf Graphic fil
e (type pdf)
<use dir_11bc0974ce736ce9a6fadebbeb7a8314_dep-eps-converted-to.pdf>
Package pdftex.def Info: dir_11bc0974ce736ce9a6fadebbeb7a8314_dep-eps-converted
-to.pdf  used on input line 8.
(pdftex.def)             Requested size: 164.0pt x 106.35199pt.
 [23

])
(./dir_fc86ce11cfb5284f2928e718eeab9679.tex [24]) [25] [26

]
Chapter 8.
(./namespace_app_icon.tex
LaTeX Font Info:    Font shape `T1/phv/m/n' will be
(Font)              scaled to size 8.09995pt on input line 7.
LaTeX Font Info:    Font shape `T1/phv/m/it' in size <9> not available
(Font)              Font shape `T1/phv/m/sl' tried instead on input line 7.
LaTeX Font Info:    Font shape `T1/phv/m/sl' will be
(Font)              scaled to size 8.09995pt on input line 7.
Package epstopdf Info: Source file: <namespace_app_icon_a42a425fc4295383f35b031
bfe7a5fc9f_cgraph.eps>
(epstopdf)                    date: 2026-10-04 22:45:38
(epstopdf)                    size: 4794 bytes
(epstopdf)             Output file: <namespace_app_icon_a42a425fc4295383f35b031
bfe7a5fc9f_cgraph-eps-converted-to.pdf>
(epstopdf)                    date: 2026-10-04 22:45:42
(epstopdf)                    size: 4278 bytes
(epstopdf)             Command: <repstopdf --outfile=namespace_app_icon_a42a425
fc4295383f35b031bfe7a5fc9f_cgraph-eps-converted-to.pdf namespace_app_icon_a42a4
25fc4295383f35b031bfe7a5fc9f_cgraph.eps>
(epstopdf)             \includegraphics on input line 32.
Package epstopdf Info: Output file is already uptodate.
 <./namespace_app_icon_a42a425fc4295383f35b031bfe7a5fc9f_cgraph-eps-converted-t
o.pdf>
<namespace_app_icon_a42a425fc4295383f35b031bfe7a5fc9f_cgraph-eps-converted-to.p
df, id=5082, 84.315pt x 45.16875pt>
File: namespace_app_icon_a42a425fc4295383f35b031bfe7a5fc9f_cgraph-eps-converted
-to.pdf Graphic file (type pdf)
<use namespace_app_icon_a42a425fc4295383f35b031bfe7a5fc9f_cgraph-eps-converted-
to.pdf>
Package pdftex.def Info: namespace_app_icon_a42a425fc4295383f35b031bfe7a5fc9f_c
graph-eps-converted-to.pdf  used on input line 32.
(pdftex.def)             Requested size: 120.0pt x 64.28685pt.
Package epstopdf Info: Source file: <namespace_app_icon_a42a425fc4295383f35b031
bfe7a5fc9f_icgraph.eps>
(epstopdf)                    date: 2026-10-04 22:45:38
(epstopdf)                    size: 6148 bytes
(epstopdf)             Output file: <namespace_app_icon_a42a425fc4295383f35b031
bfe7a5fc9f_icgraph-eps-converted-to.pdf>
(epstopdf)                    date: 2026-10-04 22:45:42
(epstopdf)                    size: 4797 bytes
(epstopdf)             Command: <repstopdf --outfile=namespace_app_icon_a42a425
fc4295383f35b031bfe7a5fc9f_icgraph-eps-converted-to.pdf namespace_app_icon_a42a
425fc4295383f35b031bfe7a5fc9f_icgraph.eps>
(epstopdf)             \includegraphics on input line 40.
Package epstopdf Info: Output file is already uptodate.
 <./namespace_app_icon_a42a425fc4295383f35b031bfe7a5fc9f_icgraph-eps-converted-
to.pdf>
<namespace_app_icon_a42a425fc4295383f35b031bfe7a5fc9f_icgraph-eps-converted-to.
pdf, id=5089, 157.58875pt x 45.16875pt>
File: namespace_app_icon_a42a425fc4295383f35b031bfe7a5fc9f_icgraph-eps-converte
d-to.pdf Graphic file (type pdf)
<use namespace_app_icon_a42a425fc4295383f35b031bfe7a5fc9f_icgraph-eps-converted
-to.pdf>
Package pdftex.def Info: namespace_app_icon_a42a425fc4295383f35b031bfe7a5fc9f_i
cgraph-eps-converted-to.pdf  used on input line 40.
(pdftex.def)             Requested size: 193.0pt x 55.3215pt.
) (./namespace_app_layout.tex [27]
LaTeX Font Info:    Font shape `T1/phv/m/it' in size <7> not available
(Font)              Font shape `T1/phv/m/sl' tried instead on input line 12.
LaTeX Font Info:    Font shape `T1/phv/m/sl' will be
(Font)              scaled to size 6.29996pt on input line 12.
LaTeX Font Info:    Font shape `T1/pcr/m/it' in size <9> not available
(Font)              Font shape `T1/pcr/m/sl' tried instead on input line 17.
LaTeX Font Info:    Font shape `T1/pcr/m/it' in size <8> not available
(Font)              Font shape `T1/pcr/m/sl' tried instead on input line 31.
Package epstopdf Info: Source file: <namespace_app_layout_a2e8c035ca5f53e09369c
3b4fc366ab99_cgraph.eps>
(epstopdf)                    date: 2026-10-04 22:45:38
(epstopdf)                    size: 6004 bytes
(epstopdf)             Output file: <namespace_app_layout_a2e8c035ca5f53e09369c
3b4fc366ab99_cgraph-eps-converted-to.pdf>
(epstopdf)                    date: 2026-10-04 22:45:42
(epstopdf)                    size: 5567 bytes
(epstopdf)             Command: <repstopdf --outfile=namespace_app_layout_a2e8c
035ca5f53e09369c3b4fc366ab99_cgraph-eps-converted-to.pdf namespace_app_layout_a
2e8c035ca5f53e09369c3b4fc366ab99_cgraph.eps>
(epstopdf)             \includegraphics on input line 42.
Package epstopdf Info: Output file is already uptodate.
 <./namespace_app_layout_a2e8c035ca5f53e09369c3b4fc366ab99_cgraph-eps-converted
-to.pdf>
<namespace_app_layout_a2e8c035ca5f53e09369c3b4fc366ab99_cgraph-eps-converted-to
.pdf, id=5114, 329.23pt x 57.21375pt>
File: namespace_app_layout_a2e8c035ca5f53e09369c3b4fc366ab99_cgraph-eps-convert
ed-to.pdf Graphic file (type pdf)
<use namespace_app_layout_a2e8c035ca5f53e09369c3b4fc366ab99_cgraph-eps-converte
d-to.pdf>
Package pdftex.def Info: namespace_app_layout_a2e8c035ca5f53e09369c3b4fc366ab99
_cgraph-eps-converted-to.pdf  used on input line 42.
(pdftex.def)             Requested size: 350.0pt x 60.82436pt.
Package epstopdf Info: Source file: <namespace_app_layout_a2e8c035ca5f53e09369c
3b4fc366ab99_icgraph.eps>
(epstopdf)                    date: 2026-10-04 22:45:38
(epstopdf)                    size: 13415 bytes
(epstopdf)             Output file: <namespace_app_layout_a2e8c035ca5f53e09369c
3b4fc366ab99_icgraph-eps-converted-to.pdf>
(epstopdf)                    date: 2026-10-04 22:45:43
(epstopdf)                    size: 7762 bytes
(epstopdf)             Command: <repstopdf --outfile=namespace_app_layout_a2e8c
035ca5f53e09369c3b4fc366ab99_icgraph-eps-converted-to.pdf namespace_app_layout_
a2e8c035ca5f53e09369c3b4fc366ab99_icgraph.eps>
(epstopdf)             \includegraphics on input line 50.
Package epstopdf Info: Output file is already uptodate.
 <./namespace_app_layout_a2e8c035ca5f53e09369c3b4fc366ab99_icgraph-eps-converte
d-to.pdf>
<namespace_app_layout_a2e8c035ca5f53e09369c3b4fc366ab99_icgraph-eps-converted-t
o.pdf, id=5121, 518.93875pt x 248.93pt>
File: namespace_app_layout_a2e8c035ca5f53e09369c3b4fc366ab99_icgraph-eps-conver
ted-to.pdf Graphic file (type pdf)
<use namespace_app_layout_a2e8c035ca5f53e09369c3b4fc366ab99_icgraph-eps-convert
ed-to.pdf>
Package pdftex.def Info: namespace_app_layout_a2e8c035ca5f53e09369c3b4fc366ab99
_icgraph-eps-converted-to.pdf  used on input line 50.
(pdftex.def)             Requested size: 350.0pt x 167.89894pt.
) (./namespace_app_palette.tex [28]
Package epstopdf Info: Source file: <namespace_app_palette_a9e865dd8b27759b8f94
66d2cd3b6a4f6_cgraph.eps>
(epstopdf)                    date: 2026-10-04 22:45:38
(epstopdf)                    size: 6265 bytes
(epstopdf)             Output file: <namespace_app_palette_a9e865dd8b27759b8f94
66d2cd3b6a4f6_cgraph-eps-converted-to.pdf>
(epstopdf)                    date: 2026-10-04 22:45:43
(epstopdf)                    size: 5215 bytes
(epstopdf)             Command: <repstopdf --outfile=namespace_app_palette_a9e8
65dd8b27759b8f9466d2cd3b6a4f6_cgraph-eps-converted-to.pdf namespace_app_palette
_a9e865dd8b27759b8f9466d2cd3b6a4f6_cgraph.eps>
(epstopdf)             \includegraphics on input line 29.
Package epstopdf Info: Output file is already uptodate.
 <./namespace_app_palette_a9e865dd8b27759b8f9466d2cd3b6a4f6_cgraph-eps-converte
d-to.pdf>
<namespace_app_palette_a9e865dd8b27759b8f9466d2cd3b6a4f6_cgraph-eps-converted-t
o.pdf, id=5143, 246.9225pt x 45.16875pt>
File: namespace_app_palette_a9e865dd8b27759b8f9466d2cd3b6a4f6_cgraph-eps-conver
ted-to.pdf Graphic file (type pdf)
<use namespace_app_palette_a9e865dd8b27759b8f9466d2cd3b6a4f6_cgraph-eps-convert
ed-to.pdf>
Package pdftex.def Info: namespace_app_palette_a9e865dd8b27759b8f9466d2cd3b6a4f
6_cgraph-eps-converted-to.pdf  used on input line 29.
(pdftex.def)             Requested size: 282.0pt x 51.588pt.
Package epstopdf Info: Source file: <namespace_app_palette_a9e865dd8b27759b8f94
66d2cd3b6a4f6_icgraph.eps>
(epstopdf)                    date: 2026-10-04 22:45:38
(epstopdf)                    size: 6248 bytes
(epstopdf)             Output file: <namespace_app_palette_a9e865dd8b27759b8f94
66d2cd3b6a4f6_icgraph-eps-converted-to.pdf>
(epstopdf)                    date: 2026-10-04 22:45:43
(epstopdf)                    size: 4994 bytes
(epstopdf)             Command: <repstopdf --outfile=namespace_app_palette_a9e8
65dd8b27759b8f9466d2cd3b6a4f6_icgraph-eps-converted-to.pdf namespace_app_palett
e_a9e865dd8b27759b8f9466d2cd3b6a4f6_icgraph.eps>
(epstopdf)             \includegraphics on input line 37.
Package epstopdf Info: Output file is already uptodate.
 <./namespace_app_palette_a9e865dd8b27759b8f9466d2cd3b6a4f6_icgraph-eps-convert
ed-to.pdf>
<namespace_app_palette_a9e865dd8b27759b8f9466d2cd3b6a4f6_icgraph-eps-converted-
to.pdf, id=5150, 175.65625pt x 45.16875pt>
File: namespace_app_palette_a9e865dd8b27759b8f9466d2cd3b6a4f6_icgraph-eps-conve
rted-to.pdf Graphic file (type pdf)
<use namespace_app_palette_a9e865dd8b27759b8f9466d2cd3b6a4f6_icgraph-eps-conver
ted-to.pdf>
Package pdftex.def Info: namespace_app_palette_a9e865dd8b27759b8f9466d2cd3b6a4f
6_icgraph-eps-converted-to.pdf  used on input line 37.
(pdftex.def)             Requested size: 211.0pt x 54.26147pt.
Package epstopdf Info: Source file: <namespace_app_palette_a12cfc3c823f1a726000
7ebdb90a428ec_cgraph.eps>
(epstopdf)                    date: 2026-10-04 22:45:38
(epstopdf)                    size: 4833 bytes
(epstopdf)             Output file: <namespace_app_palette_a12cfc3c823f1a726000
7ebdb90a428ec_cgraph-eps-converted-to.pdf>
(epstopdf)                    date: 2026-10-04 22:45:43
(epstopdf)                    size: 4848 bytes
(epstopdf)             Command: <repstopdf --outfile=namespace_app_palette_a12c
fc3c823f1a7260007ebdb90a428ec_cgraph-eps-converted-to.pdf namespace_app_palette
_a12cfc3c823f1a7260007ebdb90a428ec_cgraph.eps>
(epstopdf)             \includegraphics on input line 55.
Package epstopdf Info: Output file is already uptodate.
 <./namespace_app_palette_a12cfc3c823f1a7260007ebdb90a428ec_cgraph-eps-converte
d-to.pdf>
<namespace_app_palette_a12cfc3c823f1a7260007ebdb90a428ec_cgraph-eps-converted-t
o.pdf, id=5157, 116.435pt x 45.16875pt>
File: namespace_app_palette_a12cfc3c823f1a7260007ebdb90a428ec_cgraph-eps-conver
ted-to.pdf Graphic file (type pdf)
<use namespace_app_palette_a12cfc3c823f1a7260007ebdb90a428ec_cgraph-eps-convert
ed-to.pdf>
Package pdftex.def Info: namespace_app_palette_a12cfc3c823f1a7260007ebdb90a428e
c_cgraph-eps-converted-to.pdf  used on input line 55.
(pdftex.def)             Requested size: 152.0pt x 58.9716pt.
Package epstopdf Info: Source file: <namespace_app_palette_a12cfc3c823f1a726000
7ebdb90a428ec_icgraph.eps>
(epstopdf)                    date: 2026-10-04 22:45:38
(epstopdf)                    size: 7709 bytes
(epstopdf)             Output file: <namespace_app_palette_a12cfc3c823f1a726000
7ebdb90a428ec_icgraph-eps-converted-to.pdf>
(epstopdf)                    date: 2026-10-04 22:45:43
(epstopdf)                    size: 5531 bytes
(epstopdf)             Command: <repstopdf --outfile=namespace_app_palette_a12c
fc3c823f1a7260007ebdb90a428ec_icgraph-eps-converted-to.pdf namespace_app_palett
e_a12cfc3c823f1a7260007ebdb90a428ec_icgraph.eps>
(epstopdf)             \includegraphics on input line 63.
Package epstopdf Info: Output file is already uptodate.
 <./namespace_app_palette_a12cfc3c823f1a7260007ebdb90a428ec_icgraph-eps-convert
ed-to.pdf>
<namespace_app_palette_a12cfc3c823f1a7260007ebdb90a428ec_icgraph-eps-converted-
to.pdf, id=5164, 320.19624pt x 45.16875pt>
File: namespace_app_palette_a12cfc3c823f1a7260007ebdb90a428ec_icgraph-eps-conve
rted-to.pdf Graphic file (type pdf)
<use namespace_app_palette_a12cfc3c823f1a7260007ebdb90a428ec_icgraph-eps-conver
ted-to.pdf>
Package pdftex.def Info: namespace_app_palette_a12cfc3c823f1a7260007ebdb90a428e
c_icgraph-eps-converted-to.pdf  used on input line 63.
(pdftex.def)             Requested size: 350.0pt x 49.37422pt.
) (./namespace_app_settings.tex [29]
LaTeX Font Info:    Font shape `TS1/phv/m/it' in size <9> not available
(Font)              Font shape `TS1/phv/m/sl' tried instead on input line 14.
LaTeX Font Info:    Font shape `TS1/phv/m/sl' will be
(Font)              scaled to size 8.09995pt on input line 14.
Package epstopdf Info: Source file: <namespace_app_settings_a008c64128471608d1c
8876b90decc737_cgraph.eps>
(epstopdf)                    date: 2026-10-04 22:45:38
(epstopdf)                    size: 4823 bytes
(epstopdf)             Output file: <namespace_app_settings_a008c64128471608d1c
8876b90decc737_cgraph-eps-converted-to.pdf>
(epstopdf)                    date: 2026-10-04 22:45:43
(epstopdf)                    size: 4747 bytes
(epstopdf)             Command: <repstopdf --outfile=namespace_app_settings_a00
8c64128471608d1c8876b90decc737_cgraph-eps-converted-to.pdf namespace_app_settin
gs_a008c64128471608d1c8876b90decc737_cgraph.eps>
(epstopdf)             \includegraphics on input line 44.
Package epstopdf Info: Output file is already uptodate.
 <./namespace_app_settings_a008c64128471608d1c8876b90decc737_cgraph-eps-convert
ed-to.pdf>
<namespace_app_settings_a008c64128471608d1c8876b90decc737_cgraph-eps-converted-
to.pdf, id=5186, 104.39pt x 45.16875pt>
File: namespace_app_settings_a008c64128471608d1c8876b90decc737_cgraph-eps-conve
rted-to.pdf Graphic file (type pdf)
<use namespace_app_settings_a008c64128471608d1c8876b90decc737_cgraph-eps-conver
ted-to.pdf>
Package pdftex.def Info: namespace_app_settings_a008c64128471608d1c8876b90decc7
37_cgraph-eps-converted-to.pdf  used on input line 44.
(pdftex.def)             Requested size: 140.0pt x 60.58505pt.
Package epstopdf Info: Source file: <namespace_app_settings_a008c64128471608d1c
8876b90decc737_icgraph.eps>
(epstopdf)                    date: 2026-10-04 22:45:39
(epstopdf)                    size: 8423 bytes
(epstopdf)             Output file: <namespace_app_settings_a008c64128471608d1c
8876b90decc737_icgraph-eps-converted-to.pdf>
(epstopdf)                    date: 2026-10-04 22:45:44
(epstopdf)                    size: 6181 bytes
(epstopdf)             Command: <repstopdf --outfile=namespace_app_settings_a00
8c64128471608d1c8876b90decc737_icgraph-eps-converted-to.pdf namespace_app_setti
ngs_a008c64128471608d1c8876b90decc737_icgraph.eps>
(epstopdf)             \includegraphics on input line 52.
Package epstopdf Info: Output file is already uptodate.
 <./namespace_app_settings_a008c64128471608d1c8876b90decc737_icgraph-eps-conver
ted-to.pdf>
<namespace_app_settings_a008c64128471608d1c8876b90decc737_icgraph-eps-converted
-to.pdf, id=5193, 256.96pt x 143.53625pt>
File: namespace_app_settings_a008c64128471608d1c8876b90decc737_icgraph-eps-conv
erted-to.pdf Graphic file (type pdf)
<use namespace_app_settings_a008c64128471608d1c8876b90decc737_icgraph-eps-conve
rted-to.pdf>
Package pdftex.def Info: namespace_app_settings_a008c64128471608d1c8876b90decc7
37_icgraph-eps-converted-to.pdf  used on input line 52.
(pdftex.def)             Requested size: 292.0pt x 163.1227pt.
Package epstopdf Info: Source file: <namespace_app_settings_a5bf47d579b373d8e4c
5a3709f83f2fd0_cgraph.eps>
(epstopdf)                    date: 2026-10-04 22:45:38
(epstopdf)                    size: 4848 bytes
(epstopdf)             Output file: <namespace_app_settings_a5bf47d579b373d8e4c
5a3709f83f2fd0_cgraph-eps-converted-to.pdf>
(epstopdf)                    date: 2026-10-04 22:45:44
(epstopdf)                    size: 4982 bytes
(epstopdf)             Command: <repstopdf --outfile=namespace_app_settings_a5b
f47d579b373d8e4c5a3709f83f2fd0_cgraph-eps-converted-to.pdf namespace_app_settin
gs_a5bf47d579b373d8e4c5a3709f83f2fd0_cgraph.eps>
(epstopdf)             \includegraphics on input line 70.
Package epstopdf Info: Output file is already uptodate.
 <./namespace_app_settings_a5bf47d579b373d8e4c5a3709f83f2fd0_cgraph-eps-convert
ed-to.pdf>
<namespace_app_settings_a5bf47d579b373d8e4c5a3709f83f2fd0_cgraph-eps-converted-
to.pdf, id=5200, 148.555pt x 45.16875pt>
File: namespace_app_settings_a5bf47d579b373d8e4c5a3709f83f2fd0_cgraph-eps-conve
rted-to.pdf Graphic file (type pdf)
<use namespace_app_settings_a5bf47d579b373d8e4c5a3709f83f2fd0_cgraph-eps-conver
ted-to.pdf>
Package pdftex.def Info: namespace_app_settings_a5bf47d579b373d8e4c5a3709f83f2f
d0_cgraph-eps-converted-to.pdf  used on input line 70.
(pdftex.def)             Requested size: 184.0pt x 55.94868pt.

[30]
Package epstopdf Info: Source file: <namespace_app_settings_a5bf47d579b373d8e4c
5a3709f83f2fd0_icgraph.eps>
(epstopdf)                    date: 2026-10-04 22:45:38
(epstopdf)                    size: 6270 bytes
(epstopdf)             Output file: <namespace_app_settings_a5bf47d579b373d8e4c
5a3709f83f2fd0_icgraph-eps-converted-to.pdf>
(epstopdf)                    date: 2026-10-04 22:45:44
(epstopdf)                    size: 5534 bytes
(epstopdf)             Command: <repstopdf --outfile=namespace_app_settings_a5b
f47d579b373d8e4c5a3709f83f2fd0_icgraph-eps-converted-to.pdf namespace_app_setti
ngs_a5bf47d579b373d8e4c5a3709f83f2fd0_icgraph.eps>
(epstopdf)             \includegraphics on input line 78.
Package epstopdf Info: Output file is already uptodate.
 <./namespace_app_settings_a5bf47d579b373d8e4c5a3709f83f2fd0_icgraph-eps-conver
ted-to.pdf>
<namespace_app_settings_a5bf47d579b373d8e4c5a3709f83f2fd0_icgraph-eps-converted
-to.pdf, id=5216, 226.8475pt x 45.16875pt>
File: namespace_app_settings_a5bf47d579b373d8e4c5a3709f83f2fd0_icgraph-eps-conv
erted-to.pdf Graphic file (type pdf)
<use namespace_app_settings_a5bf47d579b373d8e4c5a3709f83f2fd0_icgraph-eps-conve
rted-to.pdf>
Package pdftex.def Info: namespace_app_settings_a5bf47d579b373d8e4c5a3709f83f2f
d0_icgraph-eps-converted-to.pdf  used on input line 78.
(pdftex.def)             Requested size: 262.0pt x 52.16832pt.
) (./namespace_app_shortcuts.tex
Package epstopdf Info: Source file: <namespace_app_shortcuts_a1b887ee39dff49f27
bc95d081f4710fb_cgraph.eps>
(epstopdf)                    date: 2026-10-04 22:45:38
(epstopdf)                    size: 4868 bytes
(epstopdf)             Output file: <namespace_app_shortcuts_a1b887ee39dff49f27
bc95d081f4710fb_cgraph-eps-converted-to.pdf>
(epstopdf)                    date: 2026-10-04 22:45:44
(epstopdf)                    size: 5475 bytes
(epstopdf)             Command: <repstopdf --outfile=namespace_app_shortcuts_a1
b887ee39dff49f27bc95d081f4710fb_cgraph-eps-converted-to.pdf namespace_app_short
cuts_a1b887ee39dff49f27bc95d081f4710fb_cgraph.eps>
(epstopdf)             \includegraphics on input line 27.
Package epstopdf Info: Output file is already uptodate.
 <./namespace_app_shortcuts_a1b887ee39dff49f27bc95d081f4710fb_cgraph-eps-conver
ted-to.pdf>
<namespace_app_shortcuts_a1b887ee39dff49f27bc95d081f4710fb_cgraph-eps-converted
-to.pdf, id=5225, 182.6825pt x 45.16875pt>
File: namespace_app_shortcuts_a1b887ee39dff49f27bc95d081f4710fb_cgraph-eps-conv
erted-to.pdf Graphic file (type pdf)
<use namespace_app_shortcuts_a1b887ee39dff49f27bc95d081f4710fb_cgraph-eps-conve
rted-to.pdf>
Package pdftex.def Info: namespace_app_shortcuts_a1b887ee39dff49f27bc95d081f471
0fb_cgraph-eps-converted-to.pdf  used on input line 27.
(pdftex.def)             Requested size: 218.0pt x 53.90378pt.
Package epstopdf Info: Source file: <namespace_app_shortcuts_a1b887ee39dff49f27
bc95d081f4710fb_icgraph.eps>
(epstopdf)                    date: 2026-10-04 22:45:38
(epstopdf)                    size: 6909 bytes
(epstopdf)             Output file: <namespace_app_shortcuts_a1b887ee39dff49f27
bc95d081f4710fb_icgraph-eps-converted-to.pdf>
(epstopdf)                    date: 2026-10-04 22:45:44
(epstopdf)                    size: 6583 bytes
(epstopdf)             Command: <repstopdf --outfile=namespace_app_shortcuts_a1
b887ee39dff49f27bc95d081f4710fb_icgraph-eps-converted-to.pdf namespace_app_shor
tcuts_a1b887ee39dff49f27bc95d081f4710fb_icgraph.eps>
(epstopdf)             \includegraphics on input line 35.
Package epstopdf Info: Output file is already uptodate.
 <./namespace_app_shortcuts_a1b887ee39dff49f27bc95d081f4710fb_icgraph-eps-conve
rted-to.pdf>
<namespace_app_shortcuts_a1b887ee39dff49f27bc95d081f4710fb_icgraph-eps-converte
d-to.pdf, id=5232, 400.49625pt x 76.285pt>
File: namespace_app_shortcuts_a1b887ee39dff49f27bc95d081f4710fb_icgraph-eps-con
verted-to.pdf Graphic file (type pdf)
<use namespace_app_shortcuts_a1b887ee39dff49f27bc95d081f4710fb_icgraph-eps-conv
erted-to.pdf>
Package pdftex.def Info: namespace_app_shortcuts_a1b887ee39dff49f27bc95d081f471
0fb_icgraph-eps-converted-to.pdf  used on input line 35.
(pdftex.def)             Requested size: 350.0pt x 66.67004pt.
)
(./namespace_app_text_scale.tex [31]
Package epstopdf Info: Source file: <namespace_app_text_scale_a88be99fda47139c5
d05fb165ed11df7c_cgraph.eps>
(epstopdf)                    date: 2026-10-04 22:45:38
(epstopdf)                    size: 4840 bytes
(epstopdf)             Output file: <namespace_app_text_scale_a88be99fda47139c5
d05fb165ed11df7c_cgraph-eps-converted-to.pdf>
(epstopdf)                    date: 2026-10-04 22:45:44
(epstopdf)                    size: 4988 bytes
(epstopdf)             Command: <repstopdf --outfile=namespace_app_text_scale_a
88be99fda47139c5d05fb165ed11df7c_cgraph-eps-converted-to.pdf namespace_app_text
_scale_a88be99fda47139c5d05fb165ed11df7c_cgraph.eps>
(epstopdf)             \includegraphics on input line 58.
Package epstopdf Info: Output file is already uptodate.
 <./namespace_app_text_scale_a88be99fda47139c5d05fb165ed11df7c_cgraph-eps-conve
rted-to.pdf>
<namespace_app_text_scale_a88be99fda47139c5d05fb165ed11df7c_cgraph-eps-converte
d-to.pdf, id=5273, 151.56625pt x 45.16875pt>
File: namespace_app_text_scale_a88be99fda47139c5d05fb165ed11df7c_cgraph-eps-con
verted-to.pdf Graphic file (type pdf)
<use namespace_app_text_scale_a88be99fda47139c5d05fb165ed11df7c_cgraph-eps-conv
erted-to.pdf>
Package pdftex.def Info: namespace_app_text_scale_a88be99fda47139c5d05fb165ed11
df7c_cgraph-eps-converted-to.pdf  used on input line 58.
(pdftex.def)             Requested size: 187.0pt x 55.7295pt.
Package epstopdf Info: Source file: <namespace_app_text_scale_a88be99fda47139c5
d05fb165ed11df7c_icgraph.eps>
(epstopdf)                    date: 2026-10-04 22:45:38
(epstopdf)                    size: 6268 bytes
(epstopdf)             Output file: <namespace_app_text_scale_a88be99fda47139c5
d05fb165ed11df7c_icgraph-eps-converted-to.pdf>
(epstopdf)                    date: 2026-10-04 22:45:45
(epstopdf)                    size: 5337 bytes
(epstopdf)             Command: <repstopdf --outfile=namespace_app_text_scale_a
88be99fda47139c5d05fb165ed11df7c_icgraph-eps-converted-to.pdf namespace_app_tex
t_scale_a88be99fda47139c5d05fb165ed11df7c_icgraph.eps>
(epstopdf)             \includegraphics on input line 66.
Package epstopdf Info: Output file is already uptodate.
 <./namespace_app_text_scale_a88be99fda47139c5d05fb165ed11df7c_icgraph-eps-conv
erted-to.pdf>
<namespace_app_text_scale_a88be99fda47139c5d05fb165ed11df7c_icgraph-eps-convert
ed-to.pdf, id=5280, 229.85875pt x 45.16875pt>
File: namespace_app_text_scale_a88be99fda47139c5d05fb165ed11df7c_icgraph-eps-co
nverted-to.pdf Graphic file (type pdf)
<use namespace_app_text_scale_a88be99fda47139c5d05fb165ed11df7c_icgraph-eps-con
verted-to.pdf>
Package pdftex.def Info: namespace_app_text_scale_a88be99fda47139c5d05fb165ed11
df7c_icgraph-eps-converted-to.pdf  used on input line 66.
(pdftex.def)             Requested size: 265.0pt x 52.07735pt.
 [32]
Package epstopdf Info: Source file: <namespace_app_text_scale_a7709873d381717ab
e050597c999c4102_cgraph.eps>
(epstopdf)                    date: 2026-10-04 22:45:38
(epstopdf)                    size: 4846 bytes
(epstopdf)             Output file: <namespace_app_text_scale_a7709873d381717ab
e050597c999c4102_cgraph-eps-converted-to.pdf>
(epstopdf)                    date: 2026-10-04 22:45:45
(epstopdf)                    size: 4977 bytes
(epstopdf)             Command: <repstopdf --outfile=namespace_app_text_scale_a
7709873d381717abe050597c999c4102_cgraph-eps-converted-to.pdf namespace_app_text
_scale_a7709873d381717abe050597c999c4102_cgraph.eps>
(epstopdf)             \includegraphics on input line 84.
Package epstopdf Info: Output file is already uptodate.
 <./namespace_app_text_scale_a7709873d381717abe050597c999c4102_cgraph-eps-conve
rted-to.pdf>
<namespace_app_text_scale_a7709873d381717abe050597c999c4102_cgraph-eps-converte
d-to.pdf, id=5306, 155.58125pt x 45.16875pt>
File: namespace_app_text_scale_a7709873d381717abe050597c999c4102_cgraph-eps-con
verted-to.pdf Graphic file (type pdf)
<use namespace_app_text_scale_a7709873d381717abe050597c999c4102_cgraph-eps-conv
erted-to.pdf>
Package pdftex.def Info: namespace_app_text_scale_a7709873d381717abe050597c999c
4102_cgraph-eps-converted-to.pdf  used on input line 84.
(pdftex.def)             Requested size: 191.0pt x 55.45245pt.
Package epstopdf Info: Source file: <namespace_app_text_scale_a7709873d381717ab
e050597c999c4102_icgraph.eps>
(epstopdf)                    date: 2026-10-04 22:45:38
(epstopdf)                    size: 59948 bytes
(epstopdf)             Output file: <namespace_app_text_scale_a7709873d381717ab
e050597c999c4102_icgraph-eps-converted-to.pdf>
(epstopdf)                    date: 2026-10-04 22:45:45
(epstopdf)                    size: 15790 bytes
(epstopdf)             Command: <repstopdf --outfile=namespace_app_text_scale_a
7709873d381717abe050597c999c4102_icgraph-eps-converted-to.pdf namespace_app_tex
t_scale_a7709873d381717abe050597c999c4102_icgraph.eps>
(epstopdf)             \includegraphics on input line 92.
Package epstopdf Info: Output file is already uptodate.
 <./namespace_app_text_scale_a7709873d381717abe050597c999c4102_icgraph-eps-conv
erted-to.pdf>
<namespace_app_text_scale_a7709873d381717abe050597c999c4102_icgraph-eps-convert
ed-to.pdf, id=5313, 2361.82375pt x 561.09625pt>
File: namespace_app_text_scale_a7709873d381717abe050597c999c4102_icgraph-eps-co
nverted-to.pdf Graphic file (type pdf)
<use namespace_app_text_scale_a7709873d381717abe050597c999c4102_icgraph-eps-con
verted-to.pdf>
Package pdftex.def Info: namespace_app_text_scale_a7709873d381717abe050597c999c
4102_icgraph-eps-converted-to.pdf  used on input line 92.
(pdftex.def)             Requested size: 350.0pt x 83.14197pt.
Package epstopdf Info: Source file: <namespace_app_text_scale_a01feb2d6132cdbe0
da4069ea092cf050_cgraph.eps>
(epstopdf)                    date: 2026-10-04 22:45:38
(epstopdf)                    size: 6255 bytes
(epstopdf)             Output file: <namespace_app_text_scale_a01feb2d6132cdbe0
da4069ea092cf050_cgraph-eps-converted-to.pdf>
(epstopdf)                    date: 2026-10-04 22:45:45
(epstopdf)                    size: 5378 bytes
(epstopdf)             Command: <repstopdf --outfile=namespace_app_text_scale_a
01feb2d6132cdbe0da4069ea092cf050_cgraph-eps-converted-to.pdf namespace_app_text
_scale_a01feb2d6132cdbe0da4069ea092cf050_cgraph.eps>
(epstopdf)             \includegraphics on input line 110.
Package epstopdf Info: Output file is already uptodate.
 <./namespace_app_text_scale_a01feb2d6132cdbe0da4069ea092cf050_cgraph-eps-conve
rted-to.pdf>
<namespace_app_text_scale_a01feb2d6132cdbe0da4069ea092cf050_cgraph-eps-converte
d-to.pdf, id=5320, 299.1175pt x 45.16875pt>
File: namespace_app_text_scale_a01feb2d6132cdbe0da4069ea092cf050_cgraph-eps-con
verted-to.pdf Graphic file (type pdf)
<use namespace_app_text_scale_a01feb2d6132cdbe0da4069ea092cf050_cgraph-eps-conv
erted-to.pdf>
Package pdftex.def Info: namespace_app_text_scale_a01feb2d6132cdbe0da4069ea092c
f050_cgraph-eps-converted-to.pdf  used on input line 110.
(pdftex.def)             Requested size: 334.0pt x 50.43976pt.
Package epstopdf Info: Source file: <namespace_app_text_scale_a01feb2d6132cdbe0
da4069ea092cf050_icgraph.eps>
(epstopdf)                    date: 2026-10-04 22:45:38
(epstopdf)                    size: 57298 bytes
(epstopdf)             Output file: <namespace_app_text_scale_a01feb2d6132cdbe0
da4069ea092cf050_icgraph-eps-converted-to.pdf>
(epstopdf)                    date: 2026-10-04 22:45:45
(epstopdf)                    size: 15319 bytes
(epstopdf)             Command: <repstopdf --outfile=namespace_app_text_scale_a
01feb2d6132cdbe0da4069ea092cf050_icgraph-eps-converted-to.pdf namespace_app_tex
t_scale_a01feb2d6132cdbe0da4069ea092cf050_icgraph.eps>
(epstopdf)             \includegraphics on input line 118.
Package epstopdf Info: Output file is already uptodate.
 <./namespace_app_text_scale_a01feb2d6132cdbe0da4069ea092cf050_icgraph-eps-conv
erted-to.pdf>
<namespace_app_text_scale_a01feb2d6132cdbe0da4069ea092cf050_icgraph-eps-convert
ed-to.pdf, id=5327, 2178.1375pt x 582.175pt>
File: namespace_app_text_scale_a01feb2d6132cdbe0da4069ea092cf050_icgraph-eps-co
nverted-to.pdf Graphic file (type pdf)
<use namespace_app_text_scale_a01feb2d6132cdbe0da4069ea092cf050_icgraph-eps-con
verted-to.pdf>
Package pdftex.def Info: namespace_app_text_scale_a01feb2d6132cdbe0da4069ea092c
f050_icgraph-eps-converted-to.pdf  used on input line 118.
(pdftex.def)             Requested size: 350.0pt x 93.54076pt.
Package epstopdf Info: Source file: <namespace_app_text_scale_a648948601194d40e
3750387608640bf9_cgraph.eps>
(epstopdf)                    date: 2026-10-04 22:45:38
(epstopdf)                    size: 4853 bytes
(epstopdf)             Output file: <namespace_app_text_scale_a648948601194d40e
3750387608640bf9_cgraph-eps-converted-to.pdf>
(epstopdf)                    date: 2026-10-04 22:45:45
(epstopdf)                    size: 5205 bytes
(epstopdf)             Command: <repstopdf --outfile=namespace_app_text_scale_a
648948601194d40e3750387608640bf9_cgraph-eps-converted-to.pdf namespace_app_text
_scale_a648948601194d40e3750387608640bf9_cgraph.eps>
(epstopdf)             \includegraphics on input line 136.
Package epstopdf Info: Output file is already uptodate.
 <./namespace_app_text_scale_a648948601194d40e3750387608640bf9_cgraph-eps-conve
rted-to.pdf>
<namespace_app_text_scale_a648948601194d40e3750387608640bf9_cgraph-eps-converte
d-to.pdf, id=5334, 173.64874pt x 45.16875pt>
File: namespace_app_text_scale_a648948601194d40e3750387608640bf9_cgraph-eps-con
verted-to.pdf Graphic file (type pdf)
<use namespace_app_text_scale_a648948601194d40e3750387608640bf9_cgraph-eps-conv
erted-to.pdf>
Package pdftex.def Info: namespace_app_text_scale_a648948601194d40e375038760864
0bf9_cgraph-eps-converted-to.pdf  used on input line 136.
(pdftex.def)             Requested size: 209.0pt x 54.36624pt.
 [33]
Package epstopdf Info: Source file: <namespace_app_text_scale_a648948601194d40e
3750387608640bf9_icgraph.eps>
(epstopdf)                    date: 2026-10-04 22:45:38
(epstopdf)                    size: 6273 bytes
(epstopdf)             Output file: <namespace_app_text_scale_a648948601194d40e
3750387608640bf9_icgraph-eps-converted-to.pdf>
(epstopdf)                    date: 2026-10-04 22:45:45
(epstopdf)                    size: 5606 bytes
(epstopdf)             Command: <repstopdf --outfile=namespace_app_text_scale_a
648948601194d40e3750387608640bf9_icgraph-eps-converted-to.pdf namespace_app_tex
t_scale_a648948601194d40e3750387608640bf9_icgraph.eps>
(epstopdf)             \includegraphics on input line 144.
Package epstopdf Info: Output file is already uptodate.
 <./namespace_app_text_scale_a648948601194d40e3750387608640bf9_icgraph-eps-conv
erted-to.pdf>
<namespace_app_text_scale_a648948601194d40e3750387608640bf9_icgraph-eps-convert
ed-to.pdf, id=5350, 253.94875pt x 45.16875pt>
File: namespace_app_text_scale_a648948601194d40e3750387608640bf9_icgraph-eps-co
nverted-to.pdf Graphic file (type pdf)
<use namespace_app_text_scale_a648948601194d40e3750387608640bf9_icgraph-eps-con
verted-to.pdf>
Package pdftex.def Info: namespace_app_text_scale_a648948601194d40e375038760864
0bf9_icgraph-eps-converted-to.pdf  used on input line 144.
(pdftex.def)             Requested size: 289.0pt x 51.40466pt.
Package epstopdf Info: Source file: <namespace_app_text_scale_a73e5ae40c3e4fa0a
0a688bd07083dde3_cgraph.eps>
(epstopdf)                    date: 2026-10-04 22:45:38
(epstopdf)                    size: 4921 bytes
(epstopdf)             Output file: <namespace_app_text_scale_a73e5ae40c3e4fa0a
0a688bd07083dde3_cgraph-eps-converted-to.pdf>
(epstopdf)                    date: 2026-10-04 22:45:46
(epstopdf)                    size: 5441 bytes
(epstopdf)             Command: <repstopdf --outfile=namespace_app_text_scale_a
73e5ae40c3e4fa0a0a688bd07083dde3_cgraph-eps-converted-to.pdf namespace_app_text
_scale_a73e5ae40c3e4fa0a0a688bd07083dde3_cgraph.eps>
(epstopdf)             \includegraphics on input line 162.
Package epstopdf Info: Output file is already uptodate.
 <./namespace_app_text_scale_a73e5ae40c3e4fa0a0a688bd07083dde3_cgraph-eps-conve
rted-to.pdf>
<namespace_app_text_scale_a73e5ae40c3e4fa0a0a688bd07083dde3_cgraph-eps-converte
d-to.pdf, id=5357, 146.5475pt x 57.21375pt>
File: namespace_app_text_scale_a73e5ae40c3e4fa0a0a688bd07083dde3_cgraph-eps-con
verted-to.pdf Graphic file (type pdf)
<use namespace_app_text_scale_a73e5ae40c3e4fa0a0a688bd07083dde3_cgraph-eps-conv
erted-to.pdf>
Package pdftex.def Info: namespace_app_text_scale_a73e5ae40c3e4fa0a0a688bd07083
dde3_cgraph-eps-converted-to.pdf  used on input line 162.
(pdftex.def)             Requested size: 182.0pt x 71.05429pt.
Package epstopdf Info: Source file: <namespace_app_text_scale_a73e5ae40c3e4fa0a
0a688bd07083dde3_icgraph.eps>
(epstopdf)                    date: 2026-10-04 22:45:38
(epstopdf)                    size: 6379 bytes
(epstopdf)             Output file: <namespace_app_text_scale_a73e5ae40c3e4fa0a
0a688bd07083dde3_icgraph-eps-converted-to.pdf>
(epstopdf)                    date: 2026-10-04 22:45:46
(epstopdf)                    size: 5807 bytes
(epstopdf)             Command: <repstopdf --outfile=namespace_app_text_scale_a
73e5ae40c3e4fa0a0a688bd07083dde3_icgraph-eps-converted-to.pdf namespace_app_tex
t_scale_a73e5ae40c3e4fa0a0a688bd07083dde3_icgraph.eps>
(epstopdf)             \includegraphics on input line 170.
Package epstopdf Info: Output file is already uptodate.
 <./namespace_app_text_scale_a73e5ae40c3e4fa0a0a688bd07083dde3_icgraph-eps-conv
erted-to.pdf>
<namespace_app_text_scale_a73e5ae40c3e4fa0a0a688bd07083dde3_icgraph-eps-convert
ed-to.pdf, id=5364, 223.83624pt x 57.21375pt>
File: namespace_app_text_scale_a73e5ae40c3e4fa0a0a688bd07083dde3_icgraph-eps-co
nverted-to.pdf Graphic file (type pdf)
<use namespace_app_text_scale_a73e5ae40c3e4fa0a0a688bd07083dde3_icgraph-eps-con
verted-to.pdf>
Package pdftex.def Info: namespace_app_text_scale_a73e5ae40c3e4fa0a0a688bd07083
dde3_icgraph-eps-converted-to.pdf  used on input line 170.
(pdftex.def)             Requested size: 259.0pt x 66.2082pt.
Package epstopdf Info: Source file: <namespace_app_text_scale_a29ee2da74f7cfd18
283b2bc29e44cd07_cgraph.eps>
(epstopdf)                    date: 2026-10-04 22:45:38
(epstopdf)                    size: 4837 bytes
(epstopdf)             Output file: <namespace_app_text_scale_a29ee2da74f7cfd18
283b2bc29e44cd07_cgraph-eps-converted-to.pdf>
(epstopdf)                    date: 2026-10-04 22:45:46
(epstopdf)                    size: 5192 bytes
(epstopdf)             Command: <repstopdf --outfile=namespace_app_text_scale_a
29ee2da74f7cfd18283b2bc29e44cd07_cgraph-eps-converted-to.pdf namespace_app_text
_scale_a29ee2da74f7cfd18283b2bc29e44cd07_cgraph.eps>
(epstopdf)             \includegraphics on input line 188.
Package epstopdf Info: Output file is already uptodate.
 <./namespace_app_text_scale_a29ee2da74f7cfd18283b2bc29e44cd07_cgraph-eps-conve
rted-to.pdf>
<namespace_app_text_scale_a29ee2da74f7cfd18283b2bc29e44cd07_cgraph-eps-converte
d-to.pdf, id=5371, 143.53625pt x 45.16875pt>
File: namespace_app_text_scale_a29ee2da74f7cfd18283b2bc29e44cd07_cgraph-eps-con
verted-to.pdf Graphic file (type pdf)
<use namespace_app_text_scale_a29ee2da74f7cfd18283b2bc29e44cd07_cgraph-eps-conv
erted-to.pdf>
Package pdftex.def Info: namespace_app_text_scale_a29ee2da74f7cfd18283b2bc29e44
cd07_cgraph-eps-converted-to.pdf  used on input line 188.
(pdftex.def)             Requested size: 179.0pt x 56.32982pt.
Package epstopdf Info: Source file: <namespace_app_text_scale_a29ee2da74f7cfd18
283b2bc29e44cd07_icgraph.eps>
(epstopdf)                    date: 2026-10-04 22:45:38
(epstopdf)                    size: 6265 bytes
(epstopdf)             Output file: <namespace_app_text_scale_a29ee2da74f7cfd18
283b2bc29e44cd07_icgraph-eps-converted-to.pdf>
(epstopdf)                    date: 2026-10-04 22:45:46
(epstopdf)                    size: 5595 bytes
(epstopdf)             Command: <repstopdf --outfile=namespace_app_text_scale_a
29ee2da74f7cfd18283b2bc29e44cd07_icgraph-eps-converted-to.pdf namespace_app_tex
t_scale_a29ee2da74f7cfd18283b2bc29e44cd07_icgraph.eps>
(epstopdf)             \includegraphics on input line 196.
Package epstopdf Info: Output file is already uptodate.
 <./namespace_app_text_scale_a29ee2da74f7cfd18283b2bc29e44cd07_icgraph-eps-conv
erted-to.pdf>
<namespace_app_text_scale_a29ee2da74f7cfd18283b2bc29e44cd07_icgraph-eps-convert
ed-to.pdf, id=5378, 220.825pt x 45.16875pt>
File: namespace_app_text_scale_a29ee2da74f7cfd18283b2bc29e44cd07_icgraph-eps-co
nverted-to.pdf Graphic file (type pdf)
<use namespace_app_text_scale_a29ee2da74f7cfd18283b2bc29e44cd07_icgraph-eps-con
verted-to.pdf>
Package pdftex.def Info: namespace_app_text_scale_a29ee2da74f7cfd18283b2bc29e44
cd07_icgraph-eps-converted-to.pdf  used on input line 196.
(pdftex.def)             Requested size: 256.0pt x 52.36612pt.
 [34]) (./namespace_app_typography.tex
LaTeX Font Info:    Font shape `T1/pcr/m/it' in size <7> not available
(Font)              Font shape `T1/pcr/m/sl' tried instead on input line 41.

[35] [36]
Package epstopdf Info: Source file: <namespace_app_typography_a85c0c1a4f8e63c74
29d2dbcec311cc71_cgraph.eps>
(epstopdf)                    date: 2026-10-04 22:45:38
(epstopdf)                    size: 14611 bytes
(epstopdf)             Output file: <namespace_app_typography_a85c0c1a4f8e63c74
29d2dbcec311cc71_cgraph-eps-converted-to.pdf>
(epstopdf)                    date: 2026-10-04 22:45:46
(epstopdf)                    size: 7391 bytes
(epstopdf)             Command: <repstopdf --outfile=namespace_app_typography_a
85c0c1a4f8e63c7429d2dbcec311cc71_cgraph-eps-converted-to.pdf namespace_app_typo
graphy_a85c0c1a4f8e63c7429d2dbcec311cc71_cgraph.eps>
(epstopdf)             \includegraphics on input line 177.
Package epstopdf Info: Output file is already uptodate.
 <./namespace_app_typography_a85c0c1a4f8e63c7429d2dbcec311cc71_cgraph-eps-conve
rted-to.pdf>
<namespace_app_typography_a85c0c1a4f8e63c7429d2dbcec311cc71_cgraph-eps-converte
d-to.pdf, id=5504, 994.71625pt x 109.40875pt>
File: namespace_app_typography_a85c0c1a4f8e63c7429d2dbcec311cc71_cgraph-eps-con
verted-to.pdf Graphic file (type pdf)
<use namespace_app_typography_a85c0c1a4f8e63c7429d2dbcec311cc71_cgraph-eps-conv
erted-to.pdf>
Package pdftex.def Info: namespace_app_typography_a85c0c1a4f8e63c7429d2dbcec311
cc71_cgraph-eps-converted-to.pdf  used on input line 177.
(pdftex.def)             Requested size: 350.0pt x 38.4973pt.
Package epstopdf Info: Source file: <namespace_app_typography_a85c0c1a4f8e63c74
29d2dbcec311cc71_icgraph.eps>
(epstopdf)                    date: 2026-10-04 22:45:38
(epstopdf)                    size: 6270 bytes
(epstopdf)             Output file: <namespace_app_typography_a85c0c1a4f8e63c74
29d2dbcec311cc71_icgraph-eps-converted-to.pdf>
(epstopdf)                    date: 2026-10-04 22:45:47
(epstopdf)                    size: 5368 bytes
(epstopdf)             Command: <repstopdf --outfile=namespace_app_typography_a
85c0c1a4f8e63c7429d2dbcec311cc71_icgraph-eps-converted-to.pdf namespace_app_typ
ography_a85c0c1a4f8e63c7429d2dbcec311cc71_icgraph.eps>
(epstopdf)             \includegraphics on input line 185.
Package epstopdf Info: Output file is already uptodate.
 <./namespace_app_typography_a85c0c1a4f8e63c7429d2dbcec311cc71_icgraph-eps-conv
erted-to.pdf>
<namespace_app_typography_a85c0c1a4f8e63c7429d2dbcec311cc71_icgraph-eps-convert
ed-to.pdf, id=5511, 243.91125pt x 45.16875pt>
File: namespace_app_typography_a85c0c1a4f8e63c7429d2dbcec311cc71_icgraph-eps-co
nverted-to.pdf Graphic file (type pdf)
<use namespace_app_typography_a85c0c1a4f8e63c7429d2dbcec311cc71_icgraph-eps-con
verted-to.pdf>
Package pdftex.def Info: namespace_app_typography_a85c0c1a4f8e63c7429d2dbcec311
cc71_icgraph-eps-converted-to.pdf  used on input line 185.
(pdftex.def)             Requested size: 279.0pt x 51.66725pt.
Package epstopdf Info: Source file: <namespace_app_typography_ac3c097af33e9a619
a4c8a41671d5db5d_cgraph.eps>
(epstopdf)                    date: 2026-10-04 22:45:38
(epstopdf)                    size: 4842 bytes
(epstopdf)             Output file: <namespace_app_typography_ac3c097af33e9a619
a4c8a41671d5db5d_cgraph-eps-converted-to.pdf>
(epstopdf)                    date: 2026-10-04 22:45:47
(epstopdf)                    size: 5173 bytes
(epstopdf)             Command: <repstopdf --outfile=namespace_app_typography_a
c3c097af33e9a619a4c8a41671d5db5d_cgraph-eps-converted-to.pdf namespace_app_typo
graphy_ac3c097af33e9a619a4c8a41671d5db5d_cgraph.eps>
(epstopdf)             \includegraphics on input line 203.
Package epstopdf Info: Output file is already uptodate.
 <./namespace_app_typography_ac3c097af33e9a619a4c8a41671d5db5d_cgraph-eps-conve
rted-to.pdf>
<namespace_app_typography_ac3c097af33e9a619a4c8a41671d5db5d_cgraph-eps-converte
d-to.pdf, id=5520, 146.5475pt x 45.16875pt>
File: namespace_app_typography_ac3c097af33e9a619a4c8a41671d5db5d_cgraph-eps-con
verted-to.pdf Graphic file (type pdf)
<use namespace_app_typography_ac3c097af33e9a619a4c8a41671d5db5d_cgraph-eps-conv
erted-to.pdf>
Package pdftex.def Info: namespace_app_typography_ac3c097af33e9a619a4c8a41671d5
db5d_cgraph-eps-converted-to.pdf  used on input line 203.
(pdftex.def)             Requested size: 182.0pt x 56.09549pt.
Package epstopdf Info: Source file: <namespace_app_typography_ac3c097af33e9a619
a4c8a41671d5db5d_icgraph.eps>
(epstopdf)                    date: 2026-10-04 22:45:38
(epstopdf)                    size: 67320 bytes
(epstopdf)             Output file: <namespace_app_typography_ac3c097af33e9a619
a4c8a41671d5db5d_icgraph-eps-converted-to.pdf>
(epstopdf)                    date: 2026-10-04 22:45:47
(epstopdf)                    size: 16774 bytes
(epstopdf)             Command: <repstopdf --outfile=namespace_app_typography_a
c3c097af33e9a619a4c8a41671d5db5d_icgraph-eps-converted-to.pdf namespace_app_typ
ography_ac3c097af33e9a619a4c8a41671d5db5d_icgraph.eps>
(epstopdf)             \includegraphics on input line 211.
Package epstopdf Info: Output file is already uptodate.
 <./namespace_app_typography_ac3c097af33e9a619a4c8a41671d5db5d_icgraph-eps-conv
erted-to.pdf>
<namespace_app_typography_ac3c097af33e9a619a4c8a41671d5db5d_icgraph-eps-convert
ed-to.pdf, id=5527, 2256.43pt x 591.20876pt>
File: namespace_app_typography_ac3c097af33e9a619a4c8a41671d5db5d_icgraph-eps-co
nverted-to.pdf Graphic file (type pdf)
<use namespace_app_typography_ac3c097af33e9a619a4c8a41671d5db5d_icgraph-eps-con
verted-to.pdf>
Package pdftex.def Info: namespace_app_typography_ac3c097af33e9a619a4c8a41671d5
db5d_icgraph-eps-converted-to.pdf  used on input line 211.
(pdftex.def)             Requested size: 350.0pt x 91.69955pt.
Package epstopdf Info: Source file: <namespace_app_typography_a5c2b3c26731613ad
2991e00358243bfb_cgraph.eps>
(epstopdf)                    date: 2026-10-04 22:45:38
(epstopdf)                    size: 12563 bytes
(epstopdf)             Output file: <namespace_app_typography_a5c2b3c26731613ad
2991e00358243bfb_cgraph-eps-converted-to.pdf>
(epstopdf)                    date: 2026-10-04 22:45:47
(epstopdf)                    size: 7035 bytes
(epstopdf)             Command: <repstopdf --outfile=namespace_app_typography_a
5c2b3c26731613ad2991e00358243bfb_cgraph-eps-converted-to.pdf namespace_app_typo
graphy_a5c2b3c26731613ad2991e00358243bfb_cgraph.eps>
(epstopdf)             \includegraphics on input line 229.
Package epstopdf Info: Output file is already uptodate.
 <./namespace_app_typography_a5c2b3c26731613ad2991e00358243bfb_cgraph-eps-conve
rted-to.pdf>
<namespace_app_typography_a5c2b3c26731613ad2991e00358243bfb_cgraph-eps-converte
d-to.pdf, id=5536, 825.0825pt x 100.375pt>
File: namespace_app_typography_a5c2b3c26731613ad2991e00358243bfb_cgraph-eps-con
verted-to.pdf Graphic file (type pdf)
<use namespace_app_typography_a5c2b3c26731613ad2991e00358243bfb_cgraph-eps-conv
erted-to.pdf>
Package pdftex.def Info: namespace_app_typography_a5c2b3c26731613ad2991e0035824
3bfb_cgraph-eps-converted-to.pdf  used on input line 229.
(pdftex.def)             Requested size: 350.0pt x 42.57993pt.
Package epstopdf Info: Source file: <namespace_app_typography_a5c2b3c26731613ad
2991e00358243bfb_icgraph.eps>
(epstopdf)                    date: 2026-10-04 22:45:38
(epstopdf)                    size: 20238 bytes
(epstopdf)             Output file: <namespace_app_typography_a5c2b3c26731613ad
2991e00358243bfb_icgraph-eps-converted-to.pdf>
(epstopdf)                    date: 2026-10-04 22:45:47
(epstopdf)                    size: 9100 bytes
(epstopdf)             Command: <repstopdf --outfile=namespace_app_typography_a
5c2b3c26731613ad2991e00358243bfb_icgraph-eps-converted-to.pdf namespace_app_typ
ography_a5c2b3c26731613ad2991e00358243bfb_icgraph.eps>
(epstopdf)             \includegraphics on input line 237.
Package epstopdf Info: Output file is already uptodate.
 <./namespace_app_typography_a5c2b3c26731613ad2991e00358243bfb_icgraph-eps-conv
erted-to.pdf>
<namespace_app_typography_a5c2b3c26731613ad2991e00358243bfb_icgraph-eps-convert
ed-to.pdf, id=5543, 1630.09pt x 204.765pt>
File: namespace_app_typography_a5c2b3c26731613ad2991e00358243bfb_icgraph-eps-co
nverted-to.pdf Graphic file (type pdf)
<use namespace_app_typography_a5c2b3c26731613ad2991e00358243bfb_icgraph-eps-con
verted-to.pdf>
Package pdftex.def Info: namespace_app_typography_a5c2b3c26731613ad2991e0035824
3bfb_icgraph-eps-converted-to.pdf  used on input line 237.
(pdftex.def)             Requested size: 350.0pt x 43.96425pt.
 [37]
Package epstopdf Info: Source file: <namespace_app_typography_a1d8837f59d9e4126
38b5a27be675c948_cgraph.eps>
(epstopdf)                    date: 2026-10-04 22:45:38
(epstopdf)                    size: 10618 bytes
(epstopdf)             Output file: <namespace_app_typography_a1d8837f59d9e4126
38b5a27be675c948_cgraph-eps-converted-to.pdf>
(epstopdf)                    date: 2026-10-04 22:45:47
(epstopdf)                    size: 6580 bytes
(epstopdf)             Command: <repstopdf --outfile=namespace_app_typography_a
1d8837f59d9e412638b5a27be675c948_cgraph-eps-converted-to.pdf namespace_app_typo
graphy_a1d8837f59d9e412638b5a27be675c948_cgraph.eps>
(epstopdf)             \includegraphics on input line 255.
Package epstopdf Info: Output file is already uptodate.
 <./namespace_app_typography_a1d8837f59d9e412638b5a27be675c948_cgraph-eps-conve
rted-to.pdf>
<namespace_app_typography_a1d8837f59d9e412638b5a27be675c948_cgraph-eps-converte
d-to.pdf, id=5561, 625.33624pt x 100.375pt>
File: namespace_app_typography_a1d8837f59d9e412638b5a27be675c948_cgraph-eps-con
verted-to.pdf Graphic file (type pdf)
<use namespace_app_typography_a1d8837f59d9e412638b5a27be675c948_cgraph-eps-conv
erted-to.pdf>
Package pdftex.def Info: namespace_app_typography_a1d8837f59d9e412638b5a27be675
c948_cgraph-eps-converted-to.pdf  used on input line 255.
(pdftex.def)             Requested size: 350.0pt x 56.1805pt.
Package epstopdf Info: Source file: <namespace_app_typography_a1d8837f59d9e4126
38b5a27be675c948_icgraph.eps>
(epstopdf)                    date: 2026-10-04 22:45:38
(epstopdf)                    size: 17676 bytes
(epstopdf)             Output file: <namespace_app_typography_a1d8837f59d9e4126
38b5a27be675c948_icgraph-eps-converted-to.pdf>
(epstopdf)                    date: 2026-10-04 22:45:47
(epstopdf)                    size: 8618 bytes
(epstopdf)             Command: <repstopdf --outfile=namespace_app_typography_a
1d8837f59d9e412638b5a27be675c948_icgraph-eps-converted-to.pdf namespace_app_typ
ography_a1d8837f59d9e412638b5a27be675c948_icgraph.eps>
(epstopdf)             \includegraphics on input line 263.
Package epstopdf Info: Output file is already uptodate.
 <./namespace_app_typography_a1d8837f59d9e412638b5a27be675c948_icgraph-eps-conv
erted-to.pdf>
<namespace_app_typography_a1d8837f59d9e412638b5a27be675c948_icgraph-eps-convert
ed-to.pdf, id=5568, 909.3975pt x 216.81pt>
File: namespace_app_typography_a1d8837f59d9e412638b5a27be675c948_icgraph-eps-co
nverted-to.pdf Graphic file (type pdf)
<use namespace_app_typography_a1d8837f59d9e412638b5a27be675c948_icgraph-eps-con
verted-to.pdf>
Package pdftex.def Info: namespace_app_typography_a1d8837f59d9e412638b5a27be675
c948_icgraph-eps-converted-to.pdf  used on input line 263.
(pdftex.def)             Requested size: 350.0pt x 83.44398pt.
Package epstopdf Info: Source file: <namespace_app_typography_a7ce516481a973e7a
f6b68624d18afb63_cgraph.eps>
(epstopdf)                    date: 2026-10-04 22:45:38
(epstopdf)                    size: 10630 bytes
(epstopdf)             Output file: <namespace_app_typography_a7ce516481a973e7a
f6b68624d18afb63_cgraph-eps-converted-to.pdf>
(epstopdf)                    date: 2026-10-04 22:45:48
(epstopdf)                    size: 6680 bytes
(epstopdf)             Command: <repstopdf --outfile=namespace_app_typography_a
7ce516481a973e7af6b68624d18afb63_cgraph-eps-converted-to.pdf namespace_app_typo
graphy_a7ce516481a973e7af6b68624d18afb63_cgraph.eps>
(epstopdf)             \includegraphics on input line 281.
Package epstopdf Info: Output file is already uptodate.
 <./namespace_app_typography_a7ce516481a973e7af6b68624d18afb63_cgraph-eps-conve
rted-to.pdf>
<namespace_app_typography_a7ce516481a973e7af6b68624d18afb63_cgraph-eps-converte
d-to.pdf, id=5575, 664.4825pt x 100.375pt>
File: namespace_app_typography_a7ce516481a973e7af6b68624d18afb63_cgraph-eps-con
verted-to.pdf Graphic file (type pdf)
<use namespace_app_typography_a7ce516481a973e7af6b68624d18afb63_cgraph-eps-conv
erted-to.pdf>
Package pdftex.def Info: namespace_app_typography_a7ce516481a973e7af6b68624d18a
fb63_cgraph-eps-converted-to.pdf  used on input line 281.
(pdftex.def)             Requested size: 350.0pt x 52.87073pt.
Package epstopdf Info: Source file: <namespace_app_typography_a7ce516481a973e7a
f6b68624d18afb63_icgraph.eps>
(epstopdf)                    date: 2026-10-04 22:45:38
(epstopdf)                    size: 37320 bytes
(epstopdf)             Output file: <namespace_app_typography_a7ce516481a973e7a
f6b68624d18afb63_icgraph-eps-converted-to.pdf>
(epstopdf)                    date: 2026-10-04 22:45:48
(epstopdf)                    size: 12003 bytes
(epstopdf)             Command: <repstopdf --outfile=namespace_app_typography_a
7ce516481a973e7af6b68624d18afb63_icgraph-eps-converted-to.pdf namespace_app_typ
ography_a7ce516481a973e7af6b68624d18afb63_icgraph.eps>
(epstopdf)             \includegraphics on input line 289.
Package epstopdf Info: Output file is already uptodate.
 <./namespace_app_typography_a7ce516481a973e7af6b68624d18afb63_icgraph-eps-conv
erted-to.pdf>
<namespace_app_typography_a7ce516481a973e7af6b68624d18afb63_icgraph-eps-convert
ed-to.pdf, id=5582, 1829.83624pt x 394.47375pt>
File: namespace_app_typography_a7ce516481a973e7af6b68624d18afb63_icgraph-eps-co
nverted-to.pdf Graphic file (type pdf)
<use namespace_app_typography_a7ce516481a973e7af6b68624d18afb63_icgraph-eps-con
verted-to.pdf>
Package pdftex.def Info: namespace_app_typography_a7ce516481a973e7af6b68624d18a
fb63_icgraph-eps-converted-to.pdf  used on input line 289.
(pdftex.def)             Requested size: 350.0pt x 75.45038pt.
 [38]
Package epstopdf Info: Source file: <namespace_app_typography_aab34468dfba2dbcb
811652547ecfaf89_cgraph.eps>
(epstopdf)                    date: 2026-10-04 22:45:39
(epstopdf)                    size: 6298 bytes
(epstopdf)             Output file: <namespace_app_typography_aab34468dfba2dbcb
811652547ecfaf89_cgraph-eps-converted-to.pdf>
(epstopdf)                    date: 2026-10-04 22:45:48
(epstopdf)                    size: 5595 bytes
(epstopdf)             Command: <repstopdf --outfile=namespace_app_typography_a
ab34468dfba2dbcb811652547ecfaf89_cgraph-eps-converted-to.pdf namespace_app_typo
graphy_aab34468dfba2dbcb811652547ecfaf89_cgraph.eps>
(epstopdf)             \includegraphics on input line 307.
Package epstopdf Info: Output file is already uptodate.
 <./namespace_app_typography_aab34468dfba2dbcb811652547ecfaf89_cgraph-eps-conve
rted-to.pdf>
<namespace_app_typography_aab34468dfba2dbcb811652547ecfaf89_cgraph-eps-converte
d-to.pdf, id=5601, 332.24126pt x 45.16875pt>
File: namespace_app_typography_aab34468dfba2dbcb811652547ecfaf89_cgraph-eps-con
verted-to.pdf Graphic file (type pdf)
<use namespace_app_typography_aab34468dfba2dbcb811652547ecfaf89_cgraph-eps-conv
erted-to.pdf>
Package pdftex.def Info: namespace_app_typography_aab34468dfba2dbcb811652547ecf
af89_cgraph-eps-converted-to.pdf  used on input line 307.
(pdftex.def)             Requested size: 350.0pt x 47.58571pt.
Package epstopdf Info: Source file: <namespace_app_typography_aab34468dfba2dbcb
811652547ecfaf89_icgraph.eps>
(epstopdf)                    date: 2026-10-04 22:45:38
(epstopdf)                    size: 13568 bytes
(epstopdf)             Output file: <namespace_app_typography_aab34468dfba2dbcb
811652547ecfaf89_icgraph-eps-converted-to.pdf>
(epstopdf)                    date: 2026-10-04 22:45:48
(epstopdf)                    size: 7748 bytes
(epstopdf)             Command: <repstopdf --outfile=namespace_app_typography_a
ab34468dfba2dbcb811652547ecfaf89_icgraph-eps-converted-to.pdf namespace_app_typ
ography_aab34468dfba2dbcb811652547ecfaf89_icgraph.eps>
(epstopdf)             \includegraphics on input line 315.
Package epstopdf Info: Output file is already uptodate.
 <./namespace_app_typography_aab34468dfba2dbcb811652547ecfaf89_icgraph-eps-conv
erted-to.pdf>
<namespace_app_typography_aab34468dfba2dbcb811652547ecfaf89_icgraph-eps-convert
ed-to.pdf, id=5608, 700.6175pt x 239.89626pt>
File: namespace_app_typography_aab34468dfba2dbcb811652547ecfaf89_icgraph-eps-co
nverted-to.pdf Graphic file (type pdf)
<use namespace_app_typography_aab34468dfba2dbcb811652547ecfaf89_icgraph-eps-con
verted-to.pdf>
Package pdftex.def Info: namespace_app_typography_aab34468dfba2dbcb811652547ecf
af89_icgraph-eps-converted-to.pdf  used on input line 315.
(pdftex.def)             Requested size: 350.0pt x 119.84532pt.
Package epstopdf Info: Source file: <namespace_app_typography_a10a1ec42f188b801
5dce05b9d8554aab_cgraph.eps>
(epstopdf)                    date: 2026-10-04 22:45:38
(epstopdf)                    size: 14268 bytes
(epstopdf)             Output file: <namespace_app_typography_a10a1ec42f188b801
5dce05b9d8554aab_cgraph-eps-converted-to.pdf>
(epstopdf)                    date: 2026-10-04 22:45:48
(epstopdf)                    size: 7393 bytes
(epstopdf)             Command: <repstopdf --outfile=namespace_app_typography_a
10a1ec42f188b8015dce05b9d8554aab_cgraph-eps-converted-to.pdf namespace_app_typo
graphy_a10a1ec42f188b8015dce05b9d8554aab_cgraph.eps>
(epstopdf)             \includegraphics on input line 333.
Package epstopdf Info: Output file is already uptodate.
 <./namespace_app_typography_a10a1ec42f188b8015dce05b9d8554aab_cgraph-eps-conve
rted-to.pdf>
<namespace_app_typography_a10a1ec42f188b8015dce05b9d8554aab_cgraph-eps-converte
d-to.pdf, id=5615, 1010.77625pt x 100.375pt>
File: namespace_app_typography_a10a1ec42f188b8015dce05b9d8554aab_cgraph-eps-con
verted-to.pdf Graphic file (type pdf)
<use namespace_app_typography_a10a1ec42f188b8015dce05b9d8554aab_cgraph-eps-conv
erted-to.pdf>
Package pdftex.def Info: namespace_app_typography_a10a1ec42f188b8015dce05b9d855
4aab_cgraph-eps-converted-to.pdf  used on input line 333.
(pdftex.def)             Requested size: 350.0pt x 34.75652pt.
Package epstopdf Info: Source file: <namespace_app_typography_a10a1ec42f188b801
5dce05b9d8554aab_icgraph.eps>
(epstopdf)                    date: 2026-10-04 22:45:38
(epstopdf)                    size: 7689 bytes
(epstopdf)             Output file: <namespace_app_typography_a10a1ec42f188b801
5dce05b9d8554aab_icgraph-eps-converted-to.pdf>
(epstopdf)                    date: 2026-10-04 22:45:48
(epstopdf)                    size: 5778 bytes
(epstopdf)             Command: <repstopdf --outfile=namespace_app_typography_a
10a1ec42f188b8015dce05b9d8554aab_icgraph-eps-converted-to.pdf namespace_app_typ
ography_a10a1ec42f188b8015dce05b9d8554aab_icgraph.eps>
(epstopdf)             \includegraphics on input line 341.
Package epstopdf Info: Output file is already uptodate.
 <./namespace_app_typography_a10a1ec42f188b8015dce05b9d8554aab_icgraph-eps-conv
erted-to.pdf>
<namespace_app_typography_a10a1ec42f188b8015dce05b9d8554aab_icgraph-eps-convert
ed-to.pdf, id=5622, 327.2225pt x 57.21375pt>
File: namespace_app_typography_a10a1ec42f188b8015dce05b9d8554aab_icgraph-eps-co
nverted-to.pdf Graphic file (type pdf)
<use namespace_app_typography_a10a1ec42f188b8015dce05b9d8554aab_icgraph-eps-con
verted-to.pdf>
Package pdftex.def Info: namespace_app_typography_a10a1ec42f188b8015dce05b9d855
4aab_icgraph-eps-converted-to.pdf  used on input line 341.
(pdftex.def)             Requested size: 350.0pt x 61.19626pt.
Package epstopdf Info: Source file: <namespace_app_typography_ad9e0d7a05805bae9
7441da9cf8ae4126_cgraph.eps>
(epstopdf)                    date: 2026-10-04 22:45:38
(epstopdf)                    size: 9192 bytes
(epstopdf)             Output file: <namespace_app_typography_ad9e0d7a05805bae9
7441da9cf8ae4126_cgraph-eps-converted-to.pdf>
(epstopdf)                    date: 2026-10-04 22:45:49
(epstopdf)                    size: 6380 bytes
(epstopdf)             Command: <repstopdf --outfile=namespace_app_typography_a
d9e0d7a05805bae97441da9cf8ae4126_cgraph-eps-converted-to.pdf namespace_app_typo
graphy_ad9e0d7a05805bae97441da9cf8ae4126_cgraph.eps>
(epstopdf)             \includegraphics on input line 359.
Package epstopdf Info: Output file is already uptodate.
 <./namespace_app_typography_ad9e0d7a05805bae97441da9cf8ae4126_cgraph-eps-conve
rted-to.pdf>
<namespace_app_typography_ad9e0d7a05805bae97441da9cf8ae4126_cgraph-eps-converte
d-to.pdf, id=5631, 482.80376pt x 100.375pt>
File: namespace_app_typography_ad9e0d7a05805bae97441da9cf8ae4126_cgraph-eps-con
verted-to.pdf Graphic file (type pdf)
<use namespace_app_typography_ad9e0d7a05805bae97441da9cf8ae4126_cgraph-eps-conv
erted-to.pdf>
Package pdftex.def Info: namespace_app_typography_ad9e0d7a05805bae97441da9cf8ae
4126_cgraph-eps-converted-to.pdf  used on input line 359.
(pdftex.def)             Requested size: 350.0pt x 72.7677pt.
 [39]
Package epstopdf Info: Source file: <namespace_app_typography_ad9e0d7a05805bae9
7441da9cf8ae4126_icgraph.eps>
(epstopdf)                    date: 2026-10-04 22:45:38
(epstopdf)                    size: 55929 bytes
(epstopdf)             Output file: <namespace_app_typography_ad9e0d7a05805bae9
7441da9cf8ae4126_icgraph-eps-converted-to.pdf>
(epstopdf)                    date: 2026-10-04 22:45:49
(epstopdf)                    size: 15061 bytes
(epstopdf)             Command: <repstopdf --outfile=namespace_app_typography_a
d9e0d7a05805bae97441da9cf8ae4126_icgraph-eps-converted-to.pdf namespace_app_typ
ography_ad9e0d7a05805bae97441da9cf8ae4126_icgraph.eps>
(epstopdf)             \includegraphics on input line 367.
Package epstopdf Info: Output file is already uptodate.
 <./namespace_app_typography_ad9e0d7a05805bae97441da9cf8ae4126_icgraph-eps-conv
erted-to.pdf>
<namespace_app_typography_ad9e0d7a05805bae97441da9cf8ae4126_icgraph-eps-convert
ed-to.pdf, id=5647, 2034.60126pt x 505.89pt>
File: namespace_app_typography_ad9e0d7a05805bae97441da9cf8ae4126_icgraph-eps-co
nverted-to.pdf Graphic file (type pdf)
<use namespace_app_typography_ad9e0d7a05805bae97441da9cf8ae4126_icgraph-eps-con
verted-to.pdf>
Package pdftex.def Info: namespace_app_typography_ad9e0d7a05805bae97441da9cf8ae
4126_icgraph-eps-converted-to.pdf  used on input line 367.
(pdftex.def)             Requested size: 350.0pt x 87.01909pt.
Package epstopdf Info: Source file: <namespace_app_typography_a8ced112c8886506a
81b4028ab9c3df37_cgraph.eps>
(epstopdf)                    date: 2026-10-04 22:45:38
(epstopdf)                    size: 12734 bytes
(epstopdf)             Output file: <namespace_app_typography_a8ced112c8886506a
81b4028ab9c3df37_cgraph-eps-converted-to.pdf>
(epstopdf)                    date: 2026-10-04 22:45:49
(epstopdf)                    size: 7104 bytes
(epstopdf)             Command: <repstopdf --outfile=namespace_app_typography_a
8ced112c8886506a81b4028ab9c3df37_cgraph-eps-converted-to.pdf namespace_app_typo
graphy_a8ced112c8886506a81b4028ab9c3df37_cgraph.eps>
(epstopdf)             \includegraphics on input line 385.
Package epstopdf Info: Output file is already uptodate.
 <./namespace_app_typography_a8ced112c8886506a81b4028ab9c3df37_cgraph-eps-conve
rted-to.pdf>
<namespace_app_typography_a8ced112c8886506a81b4028ab9c3df37_cgraph-eps-converte
d-to.pdf, id=5654, 844.15375pt x 100.375pt>
File: namespace_app_typography_a8ced112c8886506a81b4028ab9c3df37_cgraph-eps-con
verted-to.pdf Graphic file (type pdf)
<use namespace_app_typography_a8ced112c8886506a81b4028ab9c3df37_cgraph-eps-conv
erted-to.pdf>
Package pdftex.def Info: namespace_app_typography_a8ced112c8886506a81b4028ab9c3
df37_cgraph-eps-converted-to.pdf  used on input line 385.
(pdftex.def)             Requested size: 350.0pt x 41.61807pt.
Package epstopdf Info: Source file: <namespace_app_typography_a8ced112c8886506a
81b4028ab9c3df37_icgraph.eps>
(epstopdf)                    date: 2026-10-04 22:45:38
(epstopdf)                    size: 18426 bytes
(epstopdf)             Output file: <namespace_app_typography_a8ced112c8886506a
81b4028ab9c3df37_icgraph-eps-converted-to.pdf>
(epstopdf)                    date: 2026-10-04 22:45:49
(epstopdf)                    size: 8482 bytes
(epstopdf)             Command: <repstopdf --outfile=namespace_app_typography_a
8ced112c8886506a81b4028ab9c3df37_icgraph-eps-converted-to.pdf namespace_app_typ
ography_a8ced112c8886506a81b4028ab9c3df37_icgraph.eps>
(epstopdf)             \includegraphics on input line 393.
Package epstopdf Info: Output file is already uptodate.
 <./namespace_app_typography_a8ced112c8886506a81b4028ab9c3df37_icgraph-eps-conv
erted-to.pdf>
<namespace_app_typography_a8ced112c8886506a81b4028ab9c3df37_icgraph-eps-convert
ed-to.pdf, id=5661, 864.22874pt x 207.77625pt>
File: namespace_app_typography_a8ced112c8886506a81b4028ab9c3df37_icgraph-eps-co
nverted-to.pdf Graphic file (type pdf)
<use namespace_app_typography_a8ced112c8886506a81b4028ab9c3df37_icgraph-eps-con
verted-to.pdf>
Package pdftex.def Info: namespace_app_typography_a8ced112c8886506a81b4028ab9c3
df37_icgraph-eps-converted-to.pdf  used on input line 393.
(pdftex.def)             Requested size: 350.0pt x 84.14574pt.
Package epstopdf Info: Source file: <namespace_app_typography_a3e1e1aadfe8ff398
aa60cb25503d2067_cgraph.eps>
(epstopdf)                    date: 2026-10-04 22:45:38
(epstopdf)                    size: 12115 bytes
(epstopdf)             Output file: <namespace_app_typography_a3e1e1aadfe8ff398
aa60cb25503d2067_cgraph-eps-converted-to.pdf>
(epstopdf)                    date: 2026-10-04 22:45:49
(epstopdf)                    size: 6915 bytes
(epstopdf)             Command: <repstopdf --outfile=namespace_app_typography_a
3e1e1aadfe8ff398aa60cb25503d2067_cgraph-eps-converted-to.pdf namespace_app_typo
graphy_a3e1e1aadfe8ff398aa60cb25503d2067_cgraph.eps>
(epstopdf)             \includegraphics on input line 411.
Package epstopdf Info: Output file is already uptodate.
 <./namespace_app_typography_a3e1e1aadfe8ff398aa60cb25503d2067_cgraph-eps-conve
rted-to.pdf>
<namespace_app_typography_a3e1e1aadfe8ff398aa60cb25503d2067_cgraph-eps-converte
d-to.pdf, id=5668, 803.0pt x 100.375pt>
File: namespace_app_typography_a3e1e1aadfe8ff398aa60cb25503d2067_cgraph-eps-con
verted-to.pdf Graphic file (type pdf)
<use namespace_app_typography_a3e1e1aadfe8ff398aa60cb25503d2067_cgraph-eps-conv
erted-to.pdf>
Package pdftex.def Info: namespace_app_typography_a3e1e1aadfe8ff398aa60cb25503d
2067_cgraph-eps-converted-to.pdf  used on input line 411.
(pdftex.def)             Requested size: 350.0pt x 43.75006pt.
 [40]
Package epstopdf Info: Source file: <namespace_app_typography_a3e1e1aadfe8ff398
aa60cb25503d2067_icgraph.eps>
(epstopdf)                    date: 2026-10-04 22:45:39
(epstopdf)                    size: 13515 bytes
(epstopdf)             Output file: <namespace_app_typography_a3e1e1aadfe8ff398
aa60cb25503d2067_icgraph-eps-converted-to.pdf>
(epstopdf)                    date: 2026-10-04 22:45:50
(epstopdf)                    size: 7807 bytes
(epstopdf)             Command: <repstopdf --outfile=namespace_app_typography_a
3e1e1aadfe8ff398aa60cb25503d2067_icgraph-eps-converted-to.pdf namespace_app_typ
ography_a3e1e1aadfe8ff398aa60cb25503d2067_icgraph.eps>
(epstopdf)             \includegraphics on input line 419.
Package epstopdf Info: Output file is already uptodate.
 <./namespace_app_typography_a3e1e1aadfe8ff398aa60cb25503d2067_icgraph-eps-conv
erted-to.pdf>
<namespace_app_typography_a3e1e1aadfe8ff398aa60cb25503d2067_icgraph-eps-convert
ed-to.pdf, id=5683, 765.86125pt x 167.62625pt>
File: namespace_app_typography_a3e1e1aadfe8ff398aa60cb25503d2067_icgraph-eps-co
nverted-to.pdf Graphic file (type pdf)
<use namespace_app_typography_a3e1e1aadfe8ff398aa60cb25503d2067_icgraph-eps-con
verted-to.pdf>
Package pdftex.def Info: namespace_app_typography_a3e1e1aadfe8ff398aa60cb25503d
2067_icgraph-eps-converted-to.pdf  used on input line 419.
(pdftex.def)             Requested size: 350.0pt x 76.60512pt.
) (./namespace_syntax_tutor.tex)
(./namespace_syntax_tutor_1_1_version.tex
Package epstopdf Info: Source file: <namespace_syntax_tutor_1_1_version_a665e76
8d4d2c12eda507ffb657c3400c_cgraph.eps>
(epstopdf)                    date: 2026-10-04 22:45:38
(epstopdf)                    size: 4915 bytes
(epstopdf)             Output file: <namespace_syntax_tutor_1_1_version_a665e76
8d4d2c12eda507ffb657c3400c_cgraph-eps-converted-to.pdf>
(epstopdf)                    date: 2026-10-04 22:45:50
(epstopdf)                    size: 5087 bytes
(epstopdf)             Command: <repstopdf --outfile=namespace_syntax_tutor_1_1
_version_a665e768d4d2c12eda507ffb657c3400c_cgraph-eps-converted-to.pdf namespac
e_syntax_tutor_1_1_version_a665e768d4d2c12eda507ffb657c3400c_cgraph.eps>
(epstopdf)             \includegraphics on input line 25.
Package epstopdf Info: Output file is already uptodate.
 <./namespace_syntax_tutor_1_1_version_a665e768d4d2c12eda507ffb657c3400c_cgraph
-eps-converted-to.pdf>
<namespace_syntax_tutor_1_1_version_a665e768d4d2c12eda507ffb657c3400c_cgraph-ep
s-converted-to.pdf, id=5698, 116.435pt x 57.21375pt>
File: namespace_syntax_tutor_1_1_version_a665e768d4d2c12eda507ffb657c3400c_cgra
ph-eps-converted-to.pdf Graphic file (type pdf)
<use namespace_syntax_tutor_1_1_version_a665e768d4d2c12eda507ffb657c3400c_cgrap
h-eps-converted-to.pdf>
Package pdftex.def Info: namespace_syntax_tutor_1_1_version_a665e768d4d2c12eda5
07ffb657c3400c_cgraph-eps-converted-to.pdf  used on input line 25.
(pdftex.def)             Requested size: 152.0pt x 74.69736pt.
 [41]
Package epstopdf Info: Source file: <namespace_syntax_tutor_1_1_version_a665e76
8d4d2c12eda507ffb657c3400c_icgraph.eps>
(epstopdf)                    date: 2026-10-04 22:45:38
(epstopdf)                    size: 7363 bytes
(epstopdf)             Output file: <namespace_syntax_tutor_1_1_version_a665e76
8d4d2c12eda507ffb657c3400c_icgraph-eps-converted-to.pdf>
(epstopdf)                    date: 2026-10-04 22:45:50
(epstopdf)                    size: 6075 bytes
(epstopdf)             Command: <repstopdf --outfile=namespace_syntax_tutor_1_1
_version_a665e768d4d2c12eda507ffb657c3400c_icgraph-eps-converted-to.pdf namespa
ce_syntax_tutor_1_1_version_a665e768d4d2c12eda507ffb657c3400c_icgraph.eps>
(epstopdf)             \includegraphics on input line 33.
Package epstopdf Info: Output file is already uptodate.
 <./namespace_syntax_tutor_1_1_version_a665e768d4d2c12eda507ffb657c3400c_icgrap
h-eps-converted-to.pdf>
<namespace_syntax_tutor_1_1_version_a665e768d4d2c12eda507ffb657c3400c_icgraph-e
ps-converted-to.pdf, id=5715, 321.2pt x 82.3075pt>
File: namespace_syntax_tutor_1_1_version_a665e768d4d2c12eda507ffb657c3400c_icgr
aph-eps-converted-to.pdf Graphic file (type pdf)
<use namespace_syntax_tutor_1_1_version_a665e768d4d2c12eda507ffb657c3400c_icgra
ph-eps-converted-to.pdf>
Package pdftex.def Info: namespace_syntax_tutor_1_1_version_a665e768d4d2c12eda5
07ffb657c3400c_icgraph-eps-converted-to.pdf  used on input line 33.
(pdftex.def)             Requested size: 350.0pt x 89.68951pt.
Package epstopdf Info: Source file: <namespace_syntax_tutor_1_1_version_ab1f620
a0c8bef9fff84bd6ecf4c52480_cgraph.eps>
(epstopdf)                    date: 2026-10-04 22:45:38
(epstopdf)                    size: 4825 bytes
(epstopdf)             Output file: <namespace_syntax_tutor_1_1_version_ab1f620
a0c8bef9fff84bd6ecf4c52480_cgraph-eps-converted-to.pdf>
(epstopdf)                    date: 2026-10-04 22:45:50
(epstopdf)                    size: 5034 bytes
(epstopdf)             Command: <repstopdf --outfile=namespace_syntax_tutor_1_1
_version_ab1f620a0c8bef9fff84bd6ecf4c52480_cgraph-eps-converted-to.pdf namespac
e_syntax_tutor_1_1_version_ab1f620a0c8bef9fff84bd6ecf4c52480_cgraph.eps>
(epstopdf)             \includegraphics on input line 47.
Package epstopdf Info: Output file is already uptodate.
 <./namespace_syntax_tutor_1_1_version_ab1f620a0c8bef9fff84bd6ecf4c52480_cgraph
-eps-converted-to.pdf>
<namespace_syntax_tutor_1_1_version_ab1f620a0c8bef9fff84bd6ecf4c52480_cgraph-ep
s-converted-to.pdf, id=5722, 138.5175pt x 45.16875pt>
File: namespace_syntax_tutor_1_1_version_ab1f620a0c8bef9fff84bd6ecf4c52480_cgra
ph-eps-converted-to.pdf Graphic file (type pdf)
<use namespace_syntax_tutor_1_1_version_ab1f620a0c8bef9fff84bd6ecf4c52480_cgrap
h-eps-converted-to.pdf>
Package pdftex.def Info: namespace_syntax_tutor_1_1_version_ab1f620a0c8bef9fff8
4bd6ecf4c52480_cgraph-eps-converted-to.pdf  used on input line 47.
(pdftex.def)             Requested size: 174.0pt x 56.73921pt.
Package epstopdf Info: Source file: <namespace_syntax_tutor_1_1_version_ab1f620
a0c8bef9fff84bd6ecf4c52480_icgraph.eps>
(epstopdf)                    date: 2026-10-04 22:45:38
(epstopdf)                    size: 4825 bytes
(epstopdf)             Output file: <namespace_syntax_tutor_1_1_version_ab1f620
a0c8bef9fff84bd6ecf4c52480_icgraph-eps-converted-to.pdf>
(epstopdf)                    date: 2026-10-04 22:45:50
(epstopdf)                    size: 5033 bytes
(epstopdf)             Command: <repstopdf --outfile=namespace_syntax_tutor_1_1
_version_ab1f620a0c8bef9fff84bd6ecf4c52480_icgraph-eps-converted-to.pdf namespa
ce_syntax_tutor_1_1_version_ab1f620a0c8bef9fff84bd6ecf4c52480_icgraph.eps>
(epstopdf)             \includegraphics on input line 55.
Package epstopdf Info: Output file is already uptodate.
 <./namespace_syntax_tutor_1_1_version_ab1f620a0c8bef9fff84bd6ecf4c52480_icgrap
h-eps-converted-to.pdf>
<namespace_syntax_tutor_1_1_version_ab1f620a0c8bef9fff84bd6ecf4c52480_icgraph-e
ps-converted-to.pdf, id=5729, 138.5175pt x 45.16875pt>
File: namespace_syntax_tutor_1_1_version_ab1f620a0c8bef9fff84bd6ecf4c52480_icgr
aph-eps-converted-to.pdf Graphic file (type pdf)
<use namespace_syntax_tutor_1_1_version_ab1f620a0c8bef9fff84bd6ecf4c52480_icgra
ph-eps-converted-to.pdf>
Package pdftex.def Info: namespace_syntax_tutor_1_1_version_ab1f620a0c8bef9fff8
4bd6ecf4c52480_icgraph-eps-converted-to.pdf  used on input line 55.
(pdftex.def)             Requested size: 174.0pt x 56.73921pt.
) [42]
Chapter 9.
(./struct_automaton_state_info.tex) (./struct_automaton_transition_info.tex
[43

]) (./class_automaton_view.tex
Package epstopdf Info: Source file: <class_automaton_view__inherit__graph.eps>
(epstopdf)                    date: 2026-10-04 22:45:38
(epstopdf)                    size: 5090 bytes
(epstopdf)             Output file: <class_automaton_view__inherit__graph-eps-c
onverted-to.pdf>
(epstopdf)                    date: 2026-10-04 22:45:50
(epstopdf)                    size: 5246 bytes
(epstopdf)             Command: <repstopdf --outfile=class_automaton_view__inhe
rit__graph-eps-converted-to.pdf class_automaton_view__inherit__graph.eps>
(epstopdf)             \includegraphics on input line 19.
Package epstopdf Info: Output file is already uptodate.
 <./class_automaton_view__inherit__graph-eps-converted-to.pdf>
<class_automaton_view__inherit__graph-eps-converted-to.pdf, id=5775, 93.34875pt
 x 83.31125pt>
File: class_automaton_view__inherit__graph-eps-converted-to.pdf Graphic file (t
ype pdf)
<use class_automaton_view__inherit__graph-eps-converted-to.pdf>
Package pdftex.def Info: class_automaton_view__inherit__graph-eps-converted-to.
pdf  used on input line 19.
(pdftex.def)             Requested size: 129.0pt x 115.13489pt.
Package epstopdf Info: Source file: <class_automaton_view__coll__graph.eps>
(epstopdf)                    date: 2026-10-04 22:45:38
(epstopdf)                    size: 5090 bytes
(epstopdf)             Output file: <class_automaton_view__coll__graph-eps-conv
erted-to.pdf>
(epstopdf)                    date: 2026-10-04 22:45:51
(epstopdf)                    size: 5246 bytes
(epstopdf)             Command: <repstopdf --outfile=class_automaton_view__coll
__graph-eps-converted-to.pdf class_automaton_view__coll__graph.eps>
(epstopdf)             \includegraphics on input line 29.
Package epstopdf Info: Output file is already uptodate.
 <./class_automaton_view__coll__graph-eps-converted-to.pdf>
<class_automaton_view__coll__graph-eps-converted-to.pdf, id=5782, 93.34875pt x 
83.31125pt>
File: class_automaton_view__coll__graph-eps-converted-to.pdf Graphic file (type
 pdf)
<use class_automaton_view__coll__graph-eps-converted-to.pdf>
Package pdftex.def Info: class_automaton_view__coll__graph-eps-converted-to.pdf
  used on input line 29.
(pdftex.def)             Requested size: 129.0pt x 115.13489pt.

[44] [45]
Package epstopdf Info: Source file: <class_automaton_view_a1ad1e4ffd0c7b34177d7
c054f4629ffc_cgraph.eps>
(epstopdf)                    date: 2026-10-04 22:45:38
(epstopdf)                    size: 5437 bytes
(epstopdf)             Output file: <class_automaton_view_a1ad1e4ffd0c7b34177d7
c054f4629ffc_cgraph-eps-converted-to.pdf>
(epstopdf)                    date: 2026-10-04 22:45:51
(epstopdf)                    size: 5413 bytes
(epstopdf)             Command: <repstopdf --outfile=class_automaton_view_a1ad1
e4ffd0c7b34177d7c054f4629ffc_cgraph-eps-converted-to.pdf class_automaton_view_a
1ad1e4ffd0c7b34177d7c054f4629ffc_cgraph.eps>
(epstopdf)             \includegraphics on input line 130.
Package epstopdf Info: Output file is already uptodate.
 <./class_automaton_view_a1ad1e4ffd0c7b34177d7c054f4629ffc_cgraph-eps-converted
-to.pdf>
<class_automaton_view_a1ad1e4ffd0c7b34177d7c054f4629ffc_cgraph-eps-converted-to
.pdf, id=5892, 349.305pt x 39.14626pt>
File: class_automaton_view_a1ad1e4ffd0c7b34177d7c054f4629ffc_cgraph-eps-convert
ed-to.pdf Graphic file (type pdf)
<use class_automaton_view_a1ad1e4ffd0c7b34177d7c054f4629ffc_cgraph-eps-converte
d-to.pdf>
Package pdftex.def Info: class_automaton_view_a1ad1e4ffd0c7b34177d7c054f4629ffc
_cgraph-eps-converted-to.pdf  used on input line 130.
(pdftex.def)             Requested size: 350.0pt x 39.22618pt.
Package epstopdf Info: Source file: <class_automaton_view_a1ad1e4ffd0c7b34177d7
c054f4629ffc_icgraph.eps>
(epstopdf)                    date: 2026-10-04 22:45:38
(epstopdf)                    size: 5488 bytes
(epstopdf)             Output file: <class_automaton_view_a1ad1e4ffd0c7b34177d7
c054f4629ffc_icgraph-eps-converted-to.pdf>
(epstopdf)                    date: 2026-10-04 22:45:51
(epstopdf)                    size: 5593 bytes
(epstopdf)             Command: <repstopdf --outfile=class_automaton_view_a1ad1
e4ffd0c7b34177d7c054f4629ffc_icgraph-eps-converted-to.pdf class_automaton_view_
a1ad1e4ffd0c7b34177d7c054f4629ffc_icgraph.eps>
(epstopdf)             \includegraphics on input line 138.
Package epstopdf Info: Output file is already uptodate.
 <./class_automaton_view_a1ad1e4ffd0c7b34177d7c054f4629ffc_icgraph-eps-converte
d-to.pdf>
<class_automaton_view_a1ad1e4ffd0c7b34177d7c054f4629ffc_icgraph-eps-converted-t
o.pdf, id=5899, 335.2525pt x 39.14626pt>
File: class_automaton_view_a1ad1e4ffd0c7b34177d7c054f4629ffc_icgraph-eps-conver
ted-to.pdf Graphic file (type pdf)
<use class_automaton_view_a1ad1e4ffd0c7b34177d7c054f4629ffc_icgraph-eps-convert
ed-to.pdf>
Package pdftex.def Info: class_automaton_view_a1ad1e4ffd0c7b34177d7c054f4629ffc
_icgraph-eps-converted-to.pdf  used on input line 138.
(pdftex.def)             Requested size: 350.0pt x 40.86823pt.
Package epstopdf Info: Source file: <class_automaton_view_a7487c772b8821876779a
0ad73e71c4c0_icgraph.eps>
(epstopdf)                    date: 2026-10-04 22:45:38
(epstopdf)                    size: 8599 bytes
(epstopdf)             Output file: <class_automaton_view_a7487c772b8821876779a
0ad73e71c4c0_icgraph-eps-converted-to.pdf>
(epstopdf)                    date: 2026-10-04 22:45:51
(epstopdf)                    size: 6801 bytes
(epstopdf)             Command: <repstopdf --outfile=class_automaton_view_a7487
c772b8821876779a0ad73e71c4c0_icgraph-eps-converted-to.pdf class_automaton_view_
a7487c772b8821876779a0ad73e71c4c0_icgraph.eps>
(epstopdf)             \includegraphics on input line 178.
Package epstopdf Info: Output file is already uptodate.
 <./class_automaton_view_a7487c772b8821876779a0ad73e71c4c0_icgraph-eps-converte
d-to.pdf>
<class_automaton_view_a7487c772b8821876779a0ad73e71c4c0_icgraph-eps-converted-t
o.pdf, id=5906, 527.9725pt x 125.46875pt>
File: class_automaton_view_a7487c772b8821876779a0ad73e71c4c0_icgraph-eps-conver
ted-to.pdf Graphic file (type pdf)
<use class_automaton_view_a7487c772b8821876779a0ad73e71c4c0_icgraph-eps-convert
ed-to.pdf>
Package pdftex.def Info: class_automaton_view_a7487c772b8821876779a0ad73e71c4c0
_icgraph-eps-converted-to.pdf  used on input line 178.
(pdftex.def)             Requested size: 350.0pt x 83.17337pt.
Package epstopdf Info: Source file: <class_automaton_view_a364a8481f47f19cc3e54
a65454ce9c9c_icgraph.eps>
(epstopdf)                    date: 2026-10-04 22:45:38
(epstopdf)                    size: 9177 bytes
(epstopdf)             Output file: <class_automaton_view_a364a8481f47f19cc3e54
a65454ce9c9c_icgraph-eps-converted-to.pdf>
(epstopdf)                    date: 2026-10-04 22:45:51
(epstopdf)                    size: 6509 bytes
(epstopdf)             Command: <repstopdf --outfile=class_automaton_view_a364a
8481f47f19cc3e54a65454ce9c9c_icgraph-eps-converted-to.pdf class_automaton_view_
a364a8481f47f19cc3e54a65454ce9c9c_icgraph.eps>
(epstopdf)             \includegraphics on input line 196.
Package epstopdf Info: Output file is already uptodate.
 <./class_automaton_view_a364a8481f47f19cc3e54a65454ce9c9c_icgraph-eps-converte
d-to.pdf>
<class_automaton_view_a364a8481f47f19cc3e54a65454ce9c9c_icgraph-eps-converted-t
o.pdf, id=5913, 527.9725pt x 152.57pt>
File: class_automaton_view_a364a8481f47f19cc3e54a65454ce9c9c_icgraph-eps-conver
ted-to.pdf Graphic file (type pdf)
<use class_automaton_view_a364a8481f47f19cc3e54a65454ce9c9c_icgraph-eps-convert
ed-to.pdf>
Package pdftex.def Info: class_automaton_view_a364a8481f47f19cc3e54a65454ce9c9c
_icgraph-eps-converted-to.pdf  used on input line 196.
(pdftex.def)             Requested size: 350.0pt x 101.13882pt.
 [46]
Package epstopdf Info: Source file: <class_automaton_view_ae506d76e0818a0b3991e
a74ce43e42a1_cgraph.eps>
(epstopdf)                    date: 2026-10-04 22:45:38
(epstopdf)                    size: 7567 bytes
(epstopdf)             Output file: <class_automaton_view_ae506d76e0818a0b3991e
a74ce43e42a1_cgraph-eps-converted-to.pdf>
(epstopdf)                    date: 2026-10-04 22:45:51
(epstopdf)                    size: 6145 bytes
(epstopdf)             Command: <repstopdf --outfile=class_automaton_view_ae506
d76e0818a0b3991ea74ce43e42a1_cgraph-eps-converted-to.pdf class_automaton_view_a
e506d76e0818a0b3991ea74ce43e42a1_cgraph.eps>
(epstopdf)             \includegraphics on input line 210.
Package epstopdf Info: Output file is already uptodate.
 <./class_automaton_view_ae506d76e0818a0b3991ea74ce43e42a1_cgraph-eps-converted
-to.pdf>
<class_automaton_view_ae506d76e0818a0b3991ea74ce43e42a1_cgraph-eps-converted-to
.pdf, id=5929, 367.3725pt x 137.51375pt>
File: class_automaton_view_ae506d76e0818a0b3991ea74ce43e42a1_cgraph-eps-convert
ed-to.pdf Graphic file (type pdf)
<use class_automaton_view_ae506d76e0818a0b3991ea74ce43e42a1_cgraph-eps-converte
d-to.pdf>
Package pdftex.def Info: class_automaton_view_ae506d76e0818a0b3991ea74ce43e42a1
_cgraph-eps-converted-to.pdf  used on input line 210.
(pdftex.def)             Requested size: 350.0pt x 131.0192pt.
Package epstopdf Info: Source file: <class_automaton_view_a8cb7c68273f24421f94b
273a23f78bc7_cgraph.eps>
(epstopdf)                    date: 2026-10-04 22:45:38
(epstopdf)                    size: 5445 bytes
(epstopdf)             Output file: <class_automaton_view_a8cb7c68273f24421f94b
273a23f78bc7_cgraph-eps-converted-to.pdf>
(epstopdf)                    date: 2026-10-04 22:45:52
(epstopdf)                    size: 5721 bytes
(epstopdf)             Command: <repstopdf --outfile=class_automaton_view_a8cb7
c68273f24421f94b273a23f78bc7_cgraph-eps-converted-to.pdf class_automaton_view_a
8cb7c68273f24421f94b273a23f78bc7_cgraph.eps>
(epstopdf)             \includegraphics on input line 230.
Package epstopdf Info: Output file is already uptodate.
 <./class_automaton_view_a8cb7c68273f24421f94b273a23f78bc7_cgraph-eps-converted
-to.pdf>
<class_automaton_view_a8cb7c68273f24421f94b273a23f78bc7_cgraph-eps-converted-to
.pdf, id=5936, 335.2525pt x 39.14626pt>
File: class_automaton_view_a8cb7c68273f24421f94b273a23f78bc7_cgraph-eps-convert
ed-to.pdf Graphic file (type pdf)
<use class_automaton_view_a8cb7c68273f24421f94b273a23f78bc7_cgraph-eps-converte
d-to.pdf>
Package pdftex.def Info: class_automaton_view_a8cb7c68273f24421f94b273a23f78bc7
_cgraph-eps-converted-to.pdf  used on input line 230.
(pdftex.def)             Requested size: 350.0pt x 40.86823pt.
 [47]
Package epstopdf Info: Source file: <class_automaton_view_a0bd33dfc63c9e82fd2e6
ada788e07961_cgraph.eps>
(epstopdf)                    date: 2026-10-04 22:45:38
(epstopdf)                    size: 15899 bytes
(epstopdf)             Output file: <class_automaton_view_a0bd33dfc63c9e82fd2e6
ada788e07961_cgraph-eps-converted-to.pdf>
(epstopdf)                    date: 2026-10-04 22:45:52
(epstopdf)                    size: 8070 bytes
(epstopdf)             Command: <repstopdf --outfile=class_automaton_view_a0bd3
3dfc63c9e82fd2e6ada788e07961_cgraph-eps-converted-to.pdf class_automaton_view_a
0bd33dfc63c9e82fd2e6ada788e07961_cgraph.eps>
(epstopdf)             \includegraphics on input line 250.
Package epstopdf Info: Output file is already uptodate.
 <./class_automaton_view_a0bd33dfc63c9e82fd2e6ada788e07961_cgraph-eps-converted
-to.pdf>
<class_automaton_view_a0bd33dfc63c9e82fd2e6ada788e07961_cgraph-eps-converted-to
.pdf, id=5950, 1018.80624pt x 176.66pt>
File: class_automaton_view_a0bd33dfc63c9e82fd2e6ada788e07961_cgraph-eps-convert
ed-to.pdf Graphic file (type pdf)
<use class_automaton_view_a0bd33dfc63c9e82fd2e6ada788e07961_cgraph-eps-converte
d-to.pdf>
Package pdftex.def Info: class_automaton_view_a0bd33dfc63c9e82fd2e6ada788e07961
_cgraph-eps-converted-to.pdf  used on input line 250.
(pdftex.def)             Requested size: 350.0pt x 60.68898pt.
Package epstopdf Info: Source file: <class_automaton_view_a03670fb71e2af147de35
38c74bb11a9d_cgraph.eps>
(epstopdf)                    date: 2026-10-04 22:45:38
(epstopdf)                    size: 5326 bytes
(epstopdf)             Output file: <class_automaton_view_a03670fb71e2af147de35
38c74bb11a9d_cgraph-eps-converted-to.pdf>
(epstopdf)                    date: 2026-10-04 22:45:52
(epstopdf)                    size: 5046 bytes
(epstopdf)             Command: <repstopdf --outfile=class_automaton_view_a0367
0fb71e2af147de3538c74bb11a9d_cgraph-eps-converted-to.pdf class_automaton_view_a
03670fb71e2af147de3538c74bb11a9d_cgraph.eps>
(epstopdf)             \includegraphics on input line 274.
Package epstopdf Info: Output file is already uptodate.
 <./class_automaton_view_a03670fb71e2af147de3538c74bb11a9d_cgraph-eps-converted
-to.pdf>
<class_automaton_view_a03670fb71e2af147de3538c74bb11a9d_cgraph-eps-converted-to
.pdf, id=5957, 305.14pt x 27.10126pt>
File: class_automaton_view_a03670fb71e2af147de3538c74bb11a9d_cgraph-eps-convert
ed-to.pdf Graphic file (type pdf)
<use class_automaton_view_a03670fb71e2af147de3538c74bb11a9d_cgraph-eps-converte
d-to.pdf>
Package pdftex.def Info: class_automaton_view_a03670fb71e2af147de3538c74bb11a9d
_cgraph-eps-converted-to.pdf  used on input line 274.
(pdftex.def)             Requested size: 340.0pt x 30.19852pt.
Package epstopdf Info: Source file: <class_automaton_view_ae595a1e972eeecb85ed7
06fc4092a23e_icgraph.eps>
(epstopdf)                    date: 2026-10-04 22:45:38
(epstopdf)                    size: 7505 bytes
(epstopdf)             Output file: <class_automaton_view_ae595a1e972eeecb85ed7
06fc4092a23e_icgraph-eps-converted-to.pdf>
(epstopdf)                    date: 2026-10-04 22:45:52
(epstopdf)                    size: 6111 bytes
(epstopdf)             Command: <repstopdf --outfile=class_automaton_view_ae595
a1e972eeecb85ed706fc4092a23e_icgraph-eps-converted-to.pdf class_automaton_view_
ae595a1e972eeecb85ed706fc4092a23e_icgraph.eps>
(epstopdf)             \includegraphics on input line 292.
Package epstopdf Info: Output file is already uptodate.
 <./class_automaton_view_ae595a1e972eeecb85ed706fc4092a23e_icgraph-eps-converte
d-to.pdf>
<class_automaton_view_ae595a1e972eeecb85ed706fc4092a23e_icgraph-eps-converted-t
o.pdf, id=5964, 512.91624pt x 76.285pt>
File: class_automaton_view_ae595a1e972eeecb85ed706fc4092a23e_icgraph-eps-conver
ted-to.pdf Graphic file (type pdf)
<use class_automaton_view_ae595a1e972eeecb85ed706fc4092a23e_icgraph-eps-convert
ed-to.pdf>
Package pdftex.def Info: class_automaton_view_ae595a1e972eeecb85ed706fc4092a23e
_icgraph-eps-converted-to.pdf  used on input line 292.
(pdftex.def)             Requested size: 350.0pt x 52.05469pt.
Package epstopdf Info: Source file: <class_automaton_view_a18849d59cd6aa265322d
3b38362b2eb4_cgraph.eps>
(epstopdf)                    date: 2026-10-04 22:45:38
(epstopdf)                    size: 5331 bytes
(epstopdf)             Output file: <class_automaton_view_a18849d59cd6aa265322d
3b38362b2eb4_cgraph-eps-converted-to.pdf>
(epstopdf)                    date: 2026-10-04 22:45:52
(epstopdf)                    size: 5248 bytes
(epstopdf)             Command: <repstopdf --outfile=class_automaton_view_a1884
9d59cd6aa265322d3b38362b2eb4_cgraph-eps-converted-to.pdf class_automaton_view_a
18849d59cd6aa265322d3b38362b2eb4_cgraph.eps>
(epstopdf)             \includegraphics on input line 310.
Package epstopdf Info: Output file is already uptodate.
 <./class_automaton_view_a18849d59cd6aa265322d3b38362b2eb4_cgraph-eps-converted
-to.pdf>
<class_automaton_view_a18849d59cd6aa265322d3b38362b2eb4_cgraph-eps-converted-to
.pdf, id=5971, 346.29375pt x 27.10126pt>
File: class_automaton_view_a18849d59cd6aa265322d3b38362b2eb4_cgraph-eps-convert
ed-to.pdf Graphic file (type pdf)
<use class_automaton_view_a18849d59cd6aa265322d3b38362b2eb4_cgraph-eps-converte
d-to.pdf>
Package pdftex.def Info: class_automaton_view_a18849d59cd6aa265322d3b38362b2eb4
_cgraph-eps-converted-to.pdf  used on input line 310.
(pdftex.def)             Requested size: 350.0pt x 27.39189pt.
 [48]
LaTeX Font Info:    Font shape `T1/phv/m/it' in size <10> not available
(Font)              Font shape `T1/phv/m/sl' tried instead on input line 329.
LaTeX Font Info:    Font shape `T1/phv/m/sl' will be
(Font)              scaled to size 8.99994pt on input line 329.
Package epstopdf Info: Source file: <class_automaton_view_a56214c511723b5746922
f695b261260e_cgraph.eps>
(epstopdf)                    date: 2026-10-04 22:45:38
(epstopdf)                    size: 11281 bytes
(epstopdf)             Output file: <class_automaton_view_a56214c511723b5746922
f695b261260e_cgraph-eps-converted-to.pdf>
(epstopdf)                    date: 2026-10-04 22:45:52
(epstopdf)                    size: 7102 bytes
(epstopdf)             Command: <repstopdf --outfile=class_automaton_view_a5621
4c511723b5746922f695b261260e_cgraph-eps-converted-to.pdf class_automaton_view_a
56214c511723b5746922f695b261260e_cgraph.eps>
(epstopdf)             \includegraphics on input line 335.
Package epstopdf Info: Output file is already uptodate.
 <./class_automaton_view_a56214c511723b5746922f695b261260e_cgraph-eps-converted
-to.pdf>
<class_automaton_view_a56214c511723b5746922f695b261260e_cgraph-eps-converted-to
.pdf, id=5990, 687.56876pt x 121.45375pt>
File: class_automaton_view_a56214c511723b5746922f695b261260e_cgraph-eps-convert
ed-to.pdf Graphic file (type pdf)
<use class_automaton_view_a56214c511723b5746922f695b261260e_cgraph-eps-converte
d-to.pdf>
Package pdftex.def Info: class_automaton_view_a56214c511723b5746922f695b261260e
_cgraph-eps-converted-to.pdf  used on input line 335.
(pdftex.def)             Requested size: 350.0pt x 61.82382pt.
Package epstopdf Info: Source file: <class_automaton_view_a68b25f65adf9db1e00d5
70d82409c0bc_cgraph.eps>
(epstopdf)                    date: 2026-10-04 22:45:38
(epstopdf)                    size: 14516 bytes
(epstopdf)             Output file: <class_automaton_view_a68b25f65adf9db1e00d5
70d82409c0bc_cgraph-eps-converted-to.pdf>
(epstopdf)                    date: 2026-10-04 22:45:53
(epstopdf)                    size: 7664 bytes
(epstopdf)             Command: <repstopdf --outfile=class_automaton_view_a68b2
5f65adf9db1e00d570d82409c0bc_cgraph-eps-converted-to.pdf class_automaton_view_a
68b25f65adf9db1e00d570d82409c0bc_cgraph.eps>
(epstopdf)             \includegraphics on input line 393.
Package epstopdf Info: Output file is already uptodate.
 <./class_automaton_view_a68b25f65adf9db1e00d570d82409c0bc_cgraph-eps-converted
-to.pdf>
<class_automaton_view_a68b25f65adf9db1e00d570d82409c0bc_cgraph-eps-converted-to
.pdf, id=5997, 825.0825pt x 149.55875pt>
File: class_automaton_view_a68b25f65adf9db1e00d570d82409c0bc_cgraph-eps-convert
ed-to.pdf Graphic file (type pdf)
<use class_automaton_view_a68b25f65adf9db1e00d570d82409c0bc_cgraph-eps-converte
d-to.pdf>
Package pdftex.def Info: class_automaton_view_a68b25f65adf9db1e00d570d82409c0bc
_cgraph-eps-converted-to.pdf  used on input line 393.
(pdftex.def)             Requested size: 350.0pt x 63.44409pt.
Package epstopdf Info: Source file: <class_automaton_view_a68b25f65adf9db1e00d5
70d82409c0bc_icgraph.eps>
(epstopdf)                    date: 2026-10-04 22:45:38
(epstopdf)                    size: 5513 bytes
(epstopdf)             Output file: <class_automaton_view_a68b25f65adf9db1e00d5
70d82409c0bc_icgraph-eps-converted-to.pdf>
(epstopdf)                    date: 2026-10-04 22:45:53
(epstopdf)                    size: 5472 bytes
(epstopdf)             Command: <repstopdf --outfile=class_automaton_view_a68b2
5f65adf9db1e00d570d82409c0bc_icgraph-eps-converted-to.pdf class_automaton_view_
a68b25f65adf9db1e00d570d82409c0bc_icgraph.eps>
(epstopdf)             \includegraphics on input line 401.
Package epstopdf Info: Output file is already uptodate.
 <./class_automaton_view_a68b25f65adf9db1e00d570d82409c0bc_icgraph-eps-converte
d-to.pdf>
<class_automaton_view_a68b25f65adf9db1e00d570d82409c0bc_icgraph-eps-converted-t
o.pdf, id=6004, 339.2675pt x 39.14626pt>
File: class_automaton_view_a68b25f65adf9db1e00d570d82409c0bc_icgraph-eps-conver
ted-to.pdf Graphic file (type pdf)
<use class_automaton_view_a68b25f65adf9db1e00d570d82409c0bc_icgraph-eps-convert
ed-to.pdf>
Package pdftex.def Info: class_automaton_view_a68b25f65adf9db1e00d570d82409c0bc
_icgraph-eps-converted-to.pdf  used on input line 401.
(pdftex.def)             Requested size: 350.0pt x 40.38618pt.
 [49]
Package epstopdf Info: Source file: <class_automaton_view_a1beff437187d1e4843d4
faa55314ce25_icgraph.eps>
(epstopdf)                    date: 2026-10-04 22:45:38
(epstopdf)                    size: 5463 bytes
(epstopdf)             Output file: <class_automaton_view_a1beff437187d1e4843d4
faa55314ce25_icgraph-eps-converted-to.pdf>
(epstopdf)                    date: 2026-10-04 22:45:53
(epstopdf)                    size: 5622 bytes
(epstopdf)             Command: <repstopdf --outfile=class_automaton_view_a1bef
f437187d1e4843d4faa55314ce25_icgraph-eps-converted-to.pdf class_automaton_view_
a1beff437187d1e4843d4faa55314ce25_icgraph.eps>
(epstopdf)             \includegraphics on input line 415.
Package epstopdf Info: Output file is already uptodate.
 <./class_automaton_view_a1beff437187d1e4843d4faa55314ce25_icgraph-eps-converte
d-to.pdf>
<class_automaton_view_a1beff437187d1e4843d4faa55314ce25_icgraph-eps-converted-t
o.pdf, id=6018, 339.2675pt x 39.14626pt>
File: class_automaton_view_a1beff437187d1e4843d4faa55314ce25_icgraph-eps-conver
ted-to.pdf Graphic file (type pdf)
<use class_automaton_view_a1beff437187d1e4843d4faa55314ce25_icgraph-eps-convert
ed-to.pdf>
Package pdftex.def Info: class_automaton_view_a1beff437187d1e4843d4faa55314ce25
_icgraph-eps-converted-to.pdf  used on input line 415.
(pdftex.def)             Requested size: 350.0pt x 40.38618pt.
Package epstopdf Info: Source file: <class_automaton_view_a692f53ea0dde899214a8
1cc544a0aec6_icgraph.eps>
(epstopdf)                    date: 2026-10-04 22:45:38
(epstopdf)                    size: 5461 bytes
(epstopdf)             Output file: <class_automaton_view_a692f53ea0dde899214a8
1cc544a0aec6_icgraph-eps-converted-to.pdf>
(epstopdf)                    date: 2026-10-04 22:45:53
(epstopdf)                    size: 5711 bytes
(epstopdf)             Command: <repstopdf --outfile=class_automaton_view_a692f
53ea0dde899214a81cc544a0aec6_icgraph-eps-converted-to.pdf class_automaton_view_
a692f53ea0dde899214a81cc544a0aec6_icgraph.eps>
(epstopdf)             \includegraphics on input line 429.
Package epstopdf Info: Output file is already uptodate.
 <./class_automaton_view_a692f53ea0dde899214a81cc544a0aec6_icgraph-eps-converte
d-to.pdf>
<class_automaton_view_a692f53ea0dde899214a81cc544a0aec6_icgraph-eps-converted-t
o.pdf, id=6025, 348.30125pt x 39.14626pt>
File: class_automaton_view_a692f53ea0dde899214a81cc544a0aec6_icgraph-eps-conver
ted-to.pdf Graphic file (type pdf)
<use class_automaton_view_a692f53ea0dde899214a81cc544a0aec6_icgraph-eps-convert
ed-to.pdf>
Package pdftex.def Info: class_automaton_view_a692f53ea0dde899214a81cc544a0aec6
_icgraph-eps-converted-to.pdf  used on input line 429.
(pdftex.def)             Requested size: 350.0pt x 39.33908pt.
Package epstopdf Info: Source file: <class_automaton_view_aee6c11401b5f481c1944
f85266258eac_icgraph.eps>
(epstopdf)                    date: 2026-10-04 22:45:38
(epstopdf)                    size: 5478 bytes
(epstopdf)             Output file: <class_automaton_view_aee6c11401b5f481c1944
f85266258eac_icgraph-eps-converted-to.pdf>
(epstopdf)                    date: 2026-10-04 22:45:53
(epstopdf)                    size: 5683 bytes
(epstopdf)             Command: <repstopdf --outfile=class_automaton_view_aee6c
11401b5f481c1944f85266258eac_icgraph-eps-converted-to.pdf class_automaton_view_
aee6c11401b5f481c1944f85266258eac_icgraph.eps>
(epstopdf)             \includegraphics on input line 443.
Package epstopdf Info: Output file is already uptodate.
 <./class_automaton_view_aee6c11401b5f481c1944f85266258eac_icgraph-eps-converte
d-to.pdf>
<class_automaton_view_aee6c11401b5f481c1944f85266258eac_icgraph-eps-converted-t
o.pdf, id=6032, 367.3725pt x 39.14626pt>
File: class_automaton_view_aee6c11401b5f481c1944f85266258eac_icgraph-eps-conver
ted-to.pdf Graphic file (type pdf)
<use class_automaton_view_aee6c11401b5f481c1944f85266258eac_icgraph-eps-convert
ed-to.pdf>
Package pdftex.def Info: class_automaton_view_aee6c11401b5f481c1944f85266258eac
_icgraph-eps-converted-to.pdf  used on input line 443.
(pdftex.def)             Requested size: 350.0pt x 37.29742pt.
Package epstopdf Info: Source file: <class_automaton_view_a89209e613b28b5b1de07
b830e8804f3c_icgraph.eps>
(epstopdf)                    date: 2026-10-04 22:45:38
(epstopdf)                    size: 5424 bytes
(epstopdf)             Output file: <class_automaton_view_a89209e613b28b5b1de07
b830e8804f3c_icgraph-eps-converted-to.pdf>
(epstopdf)                    date: 2026-10-04 22:45:53
(epstopdf)                    size: 5196 bytes
(epstopdf)             Command: <repstopdf --outfile=class_automaton_view_a8920
9e613b28b5b1de07b830e8804f3c_icgraph-eps-converted-to.pdf class_automaton_view_
a89209e613b28b5b1de07b830e8804f3c_icgraph.eps>
(epstopdf)             \includegraphics on input line 467.
Package epstopdf Info: Output file is already uptodate.
 <./class_automaton_view_a89209e613b28b5b1de07b830e8804f3c_icgraph-eps-converte
d-to.pdf>
<class_automaton_view_a89209e613b28b5b1de07b830e8804f3c_icgraph-eps-converted-t
o.pdf, id=6039, 295.1025pt x 39.14626pt>
File: class_automaton_view_a89209e613b28b5b1de07b830e8804f3c_icgraph-eps-conver
ted-to.pdf Graphic file (type pdf)
<use class_automaton_view_a89209e613b28b5b1de07b830e8804f3c_icgraph-eps-convert
ed-to.pdf>
Package pdftex.def Info: class_automaton_view_a89209e613b28b5b1de07b830e8804f3c
_icgraph-eps-converted-to.pdf  used on input line 467.
(pdftex.def)             Requested size: 330.0pt x 43.77658pt.
 [50]
Package epstopdf Info: Source file: <class_automaton_view_a5c4cd51058bb1e183947
60b9efd65e7d_icgraph.eps>
(epstopdf)                    date: 2026-10-04 22:45:39
(epstopdf)                    size: 5425 bytes
(epstopdf)             Output file: <class_automaton_view_a5c4cd51058bb1e183947
60b9efd65e7d_icgraph-eps-converted-to.pdf>
(epstopdf)                    date: 2026-10-04 22:45:54
(epstopdf)                    size: 5266 bytes
(epstopdf)             Command: <repstopdf --outfile=class_automaton_view_a5c4c
d51058bb1e18394760b9efd65e7d_icgraph-eps-converted-to.pdf class_automaton_view_
a5c4cd51058bb1e18394760b9efd65e7d_icgraph.eps>
(epstopdf)             \includegraphics on input line 485.
Package epstopdf Info: Output file is already uptodate.
 <./class_automaton_view_a5c4cd51058bb1e18394760b9efd65e7d_icgraph-eps-converte
d-to.pdf>
<class_automaton_view_a5c4cd51058bb1e18394760b9efd65e7d_icgraph-eps-converted-t
o.pdf, id=6056, 303.1325pt x 39.14626pt>
File: class_automaton_view_a5c4cd51058bb1e18394760b9efd65e7d_icgraph-eps-conver
ted-to.pdf Graphic file (type pdf)
<use class_automaton_view_a5c4cd51058bb1e18394760b9efd65e7d_icgraph-eps-convert
ed-to.pdf>
Package pdftex.def Info: class_automaton_view_a5c4cd51058bb1e18394760b9efd65e7d
_icgraph-eps-converted-to.pdf  used on input line 485.
(pdftex.def)             Requested size: 338.0pt x 43.64995pt.
) (./class_automaton_viewer_dialog.tex
Package epstopdf Info: Source file: <class_automaton_viewer_dialog__inherit__gr
aph.eps>
(epstopdf)                    date: 2026-10-04 22:45:38
(epstopdf)                    size: 5115 bytes
(epstopdf)             Output file: <class_automaton_viewer_dialog__inherit__gr
aph-eps-converted-to.pdf>
(epstopdf)                    date: 2026-10-04 22:45:54
(epstopdf)                    size: 5029 bytes
(epstopdf)             Command: <repstopdf --outfile=class_automaton_viewer_dia
log__inherit__graph-eps-converted-to.pdf class_automaton_viewer_dialog__inherit
__graph.eps>
(epstopdf)             \includegraphics on input line 19.
Package epstopdf Info: Output file is already uptodate.
 <./class_automaton_viewer_dialog__inherit__graph-eps-converted-to.pdf>
<class_automaton_viewer_dialog__inherit__graph-eps-converted-to.pdf, id=6067, 1
29.48375pt x 83.31125pt>
File: class_automaton_viewer_dialog__inherit__graph-eps-converted-to.pdf Graphi
c file (type pdf)
<use class_automaton_viewer_dialog__inherit__graph-eps-converted-to.pdf>
Package pdftex.def Info: class_automaton_viewer_dialog__inherit__graph-eps-conv
erted-to.pdf  used on input line 19.
(pdftex.def)             Requested size: 165.0pt x 106.17401pt.
Package epstopdf Info: Source file: <class_automaton_viewer_dialog__coll__graph
.eps>
(epstopdf)                    date: 2026-10-04 22:45:39
(epstopdf)                    size: 5115 bytes
(epstopdf)             Output file: <class_automaton_viewer_dialog__coll__graph
-eps-converted-to.pdf>
(epstopdf)                    date: 2026-10-04 22:45:54
(epstopdf)                    size: 5029 bytes
(epstopdf)             Command: <repstopdf --outfile=class_automaton_viewer_dia
log__coll__graph-eps-converted-to.pdf class_automaton_viewer_dialog__coll__grap
h.eps>
(epstopdf)             \includegraphics on input line 29.
Package epstopdf Info: Output file is already uptodate.
 <./class_automaton_viewer_dialog__coll__graph-eps-converted-to.pdf>
<class_automaton_viewer_dialog__coll__graph-eps-converted-to.pdf, id=6074, 129.
48375pt x 83.31125pt>
File: class_automaton_viewer_dialog__coll__graph-eps-converted-to.pdf Graphic f
ile (type pdf)
<use class_automaton_viewer_dialog__coll__graph-eps-converted-to.pdf>
Package pdftex.def Info: class_automaton_viewer_dialog__coll__graph-eps-convert
ed-to.pdf  used on input line 29.
(pdftex.def)             Requested size: 165.0pt x 106.17401pt.
 [51]
Package epstopdf Info: Source file: <class_automaton_viewer_dialog_a0dca877c8e4
b561bca963d349ae999f2_cgraph.eps>
(epstopdf)                    date: 2026-10-04 22:45:38
(epstopdf)                    size: 17085 bytes
(epstopdf)             Output file: <class_automaton_viewer_dialog_a0dca877c8e4
b561bca963d349ae999f2_cgraph-eps-converted-to.pdf>
(epstopdf)                    date: 2026-10-04 22:45:54
(epstopdf)                    size: 8799 bytes
(epstopdf)             Command: <repstopdf --outfile=class_automaton_viewer_dia
log_a0dca877c8e4b561bca963d349ae999f2_cgraph-eps-converted-to.pdf class_automat
on_viewer_dialog_a0dca877c8e4b561bca963d349ae999f2_cgraph.eps>
(epstopdf)             \includegraphics on input line 70.
Package epstopdf Info: Output file is already uptodate.
 <./class_automaton_viewer_dialog_a0dca877c8e4b561bca963d349ae999f2_cgraph-eps-
converted-to.pdf>
<class_automaton_viewer_dialog_a0dca877c8e4b561bca963d349ae999f2_cgraph-eps-con
verted-to.pdf, id=6102, 534.99875pt x 328.22626pt>
File: class_automaton_viewer_dialog_a0dca877c8e4b561bca963d349ae999f2_cgraph-ep
s-converted-to.pdf Graphic file (type pdf)
<use class_automaton_viewer_dialog_a0dca877c8e4b561bca963d349ae999f2_cgraph-eps
-converted-to.pdf>
Package pdftex.def Info: class_automaton_viewer_dialog_a0dca877c8e4b561bca963d3
49ae999f2_cgraph-eps-converted-to.pdf  used on input line 70.
(pdftex.def)             Requested size: 350.0pt x 214.73685pt.
)
(./class_center_align_delegate.tex
Package epstopdf Info: Source file: <class_center_align_delegate__inherit__grap
h.eps>
(epstopdf)                    date: 2026-10-04 22:45:38
(epstopdf)                    size: 5567 bytes
(epstopdf)             Output file: <class_center_align_delegate__inherit__grap
h-eps-converted-to.pdf>
(epstopdf)                    date: 2026-10-04 22:45:54
(epstopdf)                    size: 5320 bytes
(epstopdf)             Command: <repstopdf --outfile=class_center_align_delegat
e__inherit__graph-eps-converted-to.pdf class_center_align_delegate__inherit__gr
aph.eps>
(epstopdf)             \includegraphics on input line 10.
Package epstopdf Info: Output file is already uptodate.
 <./class_center_align_delegate__inherit__graph-eps-converted-to.pdf>
<class_center_align_delegate__inherit__graph-eps-converted-to.pdf, id=6113, 118
.4425pt x 83.31125pt>
File: class_center_align_delegate__inherit__graph-eps-converted-to.pdf Graphic 
file (type pdf)
<use class_center_align_delegate__inherit__graph-eps-converted-to.pdf>
Package pdftex.def Info: class_center_align_delegate__inherit__graph-eps-conver
ted-to.pdf  used on input line 10.
(pdftex.def)             Requested size: 154.0pt x 108.3262pt.
Package epstopdf Info: Source file: <class_center_align_delegate__coll__graph.e
ps>
(epstopdf)                    date: 2026-10-04 22:45:38
(epstopdf)                    size: 5567 bytes
(epstopdf)             Output file: <class_center_align_delegate__coll__graph-e
ps-converted-to.pdf>
(epstopdf)                    date: 2026-10-04 22:45:54
(epstopdf)                    size: 5320 bytes
(epstopdf)             Command: <repstopdf --outfile=class_center_align_delegat
e__coll__graph-eps-converted-to.pdf class_center_align_delegate__coll__graph.ep
s>
(epstopdf)             \includegraphics on input line 20.
Package epstopdf Info: Output file is already uptodate.
 <./class_center_align_delegate__coll__graph-eps-converted-to.pdf>
<class_center_align_delegate__coll__graph-eps-converted-to.pdf, id=6120, 118.44
25pt x 83.31125pt>
File: class_center_align_delegate__coll__graph-eps-converted-to.pdf Graphic fil
e (type pdf)
<use class_center_align_delegate__coll__graph-eps-converted-to.pdf>
Package pdftex.def Info: class_center_align_delegate__coll__graph-eps-converted
-to.pdf  used on input line 20.
(pdftex.def)             Requested size: 154.0pt x 108.3262pt.
 [52]
LaTeX Font Info:    Font shape `T1/phv/b/n' will be
(Font)              scaled to size 7.19995pt on input line 36.
) (./class_conversation_pdf.tex [53]
Package epstopdf Info: Source file: <class_conversation_pdf_a56e9b7b9a34ec37bd3
8c2a7f151b6040_cgraph.eps>
(epstopdf)                    date: 2026-10-04 22:45:39
(epstopdf)                    size: 5940 bytes
(epstopdf)             Output file: <class_conversation_pdf_a56e9b7b9a34ec37bd3
8c2a7f151b6040_cgraph-eps-converted-to.pdf>
(epstopdf)                    date: 2026-10-04 22:45:55
(epstopdf)                    size: 5714 bytes
(epstopdf)             Command: <repstopdf --outfile=class_conversation_pdf_a56
e9b7b9a34ec37bd38c2a7f151b6040_cgraph-eps-converted-to.pdf class_conversation_p
df_a56e9b7b9a34ec37bd38c2a7f151b6040_cgraph.eps>
(epstopdf)             \includegraphics on input line 92.
Package epstopdf Info: Output file is already uptodate.
 <./class_conversation_pdf_a56e9b7b9a34ec37bd38c2a7f151b6040_cgraph-eps-convert
ed-to.pdf>
<class_conversation_pdf_a56e9b7b9a34ec37bd38c2a7f151b6040_cgraph-eps-converted-
to.pdf, id=6194, 321.2pt x 57.21375pt>
File: class_conversation_pdf_a56e9b7b9a34ec37bd38c2a7f151b6040_cgraph-eps-conve
rted-to.pdf Graphic file (type pdf)
<use class_conversation_pdf_a56e9b7b9a34ec37bd38c2a7f151b6040_cgraph-eps-conver
ted-to.pdf>
Package pdftex.def Info: class_conversation_pdf_a56e9b7b9a34ec37bd38c2a7f151b60
40_cgraph-eps-converted-to.pdf  used on input line 92.
(pdftex.def)             Requested size: 350.0pt x 62.34514pt.
 [54]
Package epstopdf Info: Source file: <class_conversation_pdf_a859395c05186e7e586
6c1850b5a0c551_cgraph.eps>
(epstopdf)                    date: 2026-10-04 22:45:38
(epstopdf)                    size: 5374 bytes
(epstopdf)             Output file: <class_conversation_pdf_a859395c05186e7e586
6c1850b5a0c551_cgraph-eps-converted-to.pdf>
(epstopdf)                    date: 2026-10-04 22:45:55
(epstopdf)                    size: 5285 bytes
(epstopdf)             Command: <repstopdf --outfile=class_conversation_pdf_a85
9395c05186e7e5866c1850b5a0c551_cgraph-eps-converted-to.pdf class_conversation_p
df_a859395c05186e7e5866c1850b5a0c551_cgraph.eps>
(epstopdf)             \includegraphics on input line 114.
Package epstopdf Info: Output file is already uptodate.
 <./class_conversation_pdf_a859395c05186e7e5866c1850b5a0c551_cgraph-eps-convert
ed-to.pdf>
<class_conversation_pdf_a859395c05186e7e5866c1850b5a0c551_cgraph-eps-converted-
to.pdf, id=6221, 357.335pt x 27.10126pt>
File: class_conversation_pdf_a859395c05186e7e5866c1850b5a0c551_cgraph-eps-conve
rted-to.pdf Graphic file (type pdf)
<use class_conversation_pdf_a859395c05186e7e5866c1850b5a0c551_cgraph-eps-conver
ted-to.pdf>
Package pdftex.def Info: class_conversation_pdf_a859395c05186e7e5866c1850b5a0c5
51_cgraph-eps-converted-to.pdf  used on input line 114.
(pdftex.def)             Requested size: 350.0pt x 26.54622pt.
Package epstopdf Info: Source file: <class_conversation_pdf_a859395c05186e7e586
6c1850b5a0c551_icgraph.eps>
(epstopdf)                    date: 2026-10-04 22:45:38
(epstopdf)                    size: 8567 bytes
(epstopdf)             Output file: <class_conversation_pdf_a859395c05186e7e586
6c1850b5a0c551_icgraph-eps-converted-to.pdf>
(epstopdf)                    date: 2026-10-04 22:45:55
(epstopdf)                    size: 6507 bytes
(epstopdf)             Command: <repstopdf --outfile=class_conversation_pdf_a85
9395c05186e7e5866c1850b5a0c551_icgraph-eps-converted-to.pdf class_conversation_
pdf_a859395c05186e7e5866c1850b5a0c551_icgraph.eps>
(epstopdf)             \includegraphics on input line 122.
Package epstopdf Info: Output file is already uptodate.
 <./class_conversation_pdf_a859395c05186e7e5866c1850b5a0c551_icgraph-eps-conver
ted-to.pdf>
<class_conversation_pdf_a859395c05186e7e5866c1850b5a0c551_icgraph-eps-converted
-to.pdf, id=6228, 600.2425pt x 88.33pt>
File: class_conversation_pdf_a859395c05186e7e5866c1850b5a0c551_icgraph-eps-conv
erted-to.pdf Graphic file (type pdf)
<use class_conversation_pdf_a859395c05186e7e5866c1850b5a0c551_icgraph-eps-conve
rted-to.pdf>
Package pdftex.def Info: class_conversation_pdf_a859395c05186e7e5866c1850b5a0c5
51_icgraph-eps-converted-to.pdf  used on input line 122.
(pdftex.def)             Requested size: 350.0pt x 51.50638pt.
Package epstopdf Info: Source file: <class_conversation_pdf_aceb63ae8ede8fd303b
e84f405b3c5c18_icgraph.eps>
(epstopdf)                    date: 2026-10-04 22:45:38
(epstopdf)                    size: 6438 bytes
(epstopdf)             Output file: <class_conversation_pdf_aceb63ae8ede8fd303b
e84f405b3c5c18_icgraph-eps-converted-to.pdf>
(epstopdf)                    date: 2026-10-04 22:45:55
(epstopdf)                    size: 5985 bytes
(epstopdf)             Command: <repstopdf --outfile=class_conversation_pdf_ace
b63ae8ede8fd303be84f405b3c5c18_icgraph-eps-converted-to.pdf class_conversation_
pdf_aceb63ae8ede8fd303be84f405b3c5c18_icgraph.eps>
(epstopdf)             \includegraphics on input line 140.
Package epstopdf Info: Output file is already uptodate.
 <./class_conversation_pdf_aceb63ae8ede8fd303be84f405b3c5c18_icgraph-eps-conver
ted-to.pdf>
<class_conversation_pdf_aceb63ae8ede8fd303be84f405b3c5c18_icgraph-eps-converted
-to.pdf, id=6235, 579.16376pt x 39.14626pt>
File: class_conversation_pdf_aceb63ae8ede8fd303be84f405b3c5c18_icgraph-eps-conv
erted-to.pdf Graphic file (type pdf)
<use class_conversation_pdf_aceb63ae8ede8fd303be84f405b3c5c18_icgraph-eps-conve
rted-to.pdf>
Package pdftex.def Info: class_conversation_pdf_aceb63ae8ede8fd303be84f405b3c5c
18_icgraph-eps-converted-to.pdf  used on input line 140.
(pdftex.def)             Requested size: 350.0pt x 23.65697pt.
Package epstopdf Info: Source file: <class_conversation_pdf_ae4376eb49060b27693
ad49c51086b4f9_cgraph.eps>
(epstopdf)                    date: 2026-10-04 22:45:38
(epstopdf)                    size: 5326 bytes
(epstopdf)             Output file: <class_conversation_pdf_ae4376eb49060b27693
ad49c51086b4f9_cgraph-eps-converted-to.pdf>
(epstopdf)                    date: 2026-10-04 22:45:55
(epstopdf)                    size: 5477 bytes
(epstopdf)             Command: <repstopdf --outfile=class_conversation_pdf_ae4
376eb49060b27693ad49c51086b4f9_cgraph-eps-converted-to.pdf class_conversation_p
df_ae4376eb49060b27693ad49c51086b4f9_cgraph.eps>
(epstopdf)             \includegraphics on input line 158.
Package epstopdf Info: Output file is already uptodate.
 <./class_conversation_pdf_ae4376eb49060b27693ad49c51086b4f9_cgraph-eps-convert
ed-to.pdf>
<class_conversation_pdf_ae4376eb49060b27693ad49c51086b4f9_cgraph-eps-converted-
to.pdf, id=6244, 340.27126pt x 27.10126pt>
File: class_conversation_pdf_ae4376eb49060b27693ad49c51086b4f9_cgraph-eps-conve
rted-to.pdf Graphic file (type pdf)
<use class_conversation_pdf_ae4376eb49060b27693ad49c51086b4f9_cgraph-eps-conver
ted-to.pdf>
Package pdftex.def Info: class_conversation_pdf_ae4376eb49060b27693ad49c51086b4
f9_cgraph-eps-converted-to.pdf  used on input line 158.
(pdftex.def)             Requested size: 350.0pt x 27.87737pt.
Package epstopdf Info: Source file: <class_conversation_pdf_ae4376eb49060b27693
ad49c51086b4f9_icgraph.eps>
(epstopdf)                    date: 2026-10-04 22:45:38
(epstopdf)                    size: 8539 bytes
(epstopdf)             Output file: <class_conversation_pdf_ae4376eb49060b27693
ad49c51086b4f9_icgraph-eps-converted-to.pdf>
(epstopdf)                    date: 2026-10-04 22:45:55
(epstopdf)                    size: 6697 bytes
(epstopdf)             Command: <repstopdf --outfile=class_conversation_pdf_ae4
376eb49060b27693ad49c51086b4f9_icgraph-eps-converted-to.pdf class_conversation_
pdf_ae4376eb49060b27693ad49c51086b4f9_icgraph.eps>
(epstopdf)             \includegraphics on input line 166.
Package epstopdf Info: Output file is already uptodate.
 <./class_conversation_pdf_ae4376eb49060b27693ad49c51086b4f9_icgraph-eps-conver
ted-to.pdf>
<class_conversation_pdf_ae4376eb49060b27693ad49c51086b4f9_icgraph-eps-converted
-to.pdf, id=6251, 583.17876pt x 88.33pt>
File: class_conversation_pdf_ae4376eb49060b27693ad49c51086b4f9_icgraph-eps-conv
erted-to.pdf Graphic file (type pdf)
<use class_conversation_pdf_ae4376eb49060b27693ad49c51086b4f9_icgraph-eps-conve
rted-to.pdf>
Package pdftex.def Info: class_conversation_pdf_ae4376eb49060b27693ad49c51086b4
f9_icgraph-eps-converted-to.pdf  used on input line 166.
(pdftex.def)             Requested size: 350.0pt x 53.01321pt.
Package epstopdf Info: Source file: <class_conversation_pdf_a8b5aae61f5506d682c
e7ec2aea57bc67_icgraph.eps>
(epstopdf)                    date: 2026-10-04 22:45:38
(epstopdf)                    size: 6504 bytes
(epstopdf)             Output file: <class_conversation_pdf_a8b5aae61f5506d682c
e7ec2aea57bc67_icgraph-eps-converted-to.pdf>
(epstopdf)                    date: 2026-10-04 22:45:56
(epstopdf)                    size: 6153 bytes
(epstopdf)             Command: <repstopdf --outfile=class_conversation_pdf_a8b
5aae61f5506d682ce7ec2aea57bc67_icgraph-eps-converted-to.pdf class_conversation_
pdf_a8b5aae61f5506d682ce7ec2aea57bc67_icgraph.eps>
(epstopdf)             \includegraphics on input line 184.
Package epstopdf Info: Output file is already uptodate.
 <./class_conversation_pdf_a8b5aae61f5506d682ce7ec2aea57bc67_icgraph-eps-conver
ted-to.pdf>
<class_conversation_pdf_a8b5aae61f5506d682ce7ec2aea57bc67_icgraph-eps-converted
-to.pdf, id=6258, 537.00626pt x 39.14626pt>
File: class_conversation_pdf_a8b5aae61f5506d682ce7ec2aea57bc67_icgraph-eps-conv
erted-to.pdf Graphic file (type pdf)
<use class_conversation_pdf_a8b5aae61f5506d682ce7ec2aea57bc67_icgraph-eps-conve
rted-to.pdf>
Package pdftex.def Info: class_conversation_pdf_a8b5aae61f5506d682ce7ec2aea57bc
67_icgraph-eps-converted-to.pdf  used on input line 184.
(pdftex.def)             Requested size: 350.0pt x 25.51404pt.
 [55]
Package epstopdf Info: Source file: <class_conversation_pdf_a097bc531a8d76a4ffd
9850db3d713a61_cgraph.eps>
(epstopdf)                    date: 2026-10-04 22:45:39
(epstopdf)                    size: 5336 bytes
(epstopdf)             Output file: <class_conversation_pdf_a097bc531a8d76a4ffd
9850db3d713a61_cgraph-eps-converted-to.pdf>
(epstopdf)                    date: 2026-10-04 22:45:56
(epstopdf)                    size: 5434 bytes
(epstopdf)             Command: <repstopdf --outfile=class_conversation_pdf_a09
7bc531a8d76a4ffd9850db3d713a61_cgraph-eps-converted-to.pdf class_conversation_p
df_a097bc531a8d76a4ffd9850db3d713a61_cgraph.eps>
(epstopdf)             \includegraphics on input line 212.
Package epstopdf Info: Output file is already uptodate.
 <./class_conversation_pdf_a097bc531a8d76a4ffd9850db3d713a61_cgraph-eps-convert
ed-to.pdf>
<class_conversation_pdf_a097bc531a8d76a4ffd9850db3d713a61_cgraph-eps-converted-
to.pdf, id=6276, 332.24126pt x 27.10126pt>
File: class_conversation_pdf_a097bc531a8d76a4ffd9850db3d713a61_cgraph-eps-conve
rted-to.pdf Graphic file (type pdf)
<use class_conversation_pdf_a097bc531a8d76a4ffd9850db3d713a61_cgraph-eps-conver
ted-to.pdf>
Package pdftex.def Info: class_conversation_pdf_a097bc531a8d76a4ffd9850db3d713a
61_cgraph-eps-converted-to.pdf  used on input line 212.
(pdftex.def)             Requested size: 350.0pt x 28.55142pt.
Package epstopdf Info: Source file: <class_conversation_pdf_a504eb4cdcf25ef9599
954a50fce0b209_icgraph.eps>
(epstopdf)                    date: 2026-10-04 22:45:38
(epstopdf)                    size: 13625 bytes
(epstopdf)             Output file: <class_conversation_pdf_a504eb4cdcf25ef9599
954a50fce0b209_icgraph-eps-converted-to.pdf>
(epstopdf)                    date: 2026-10-04 22:45:56
(epstopdf)                    size: 7583 bytes
(epstopdf)             Command: <repstopdf --outfile=class_conversation_pdf_a50
4eb4cdcf25ef9599954a50fce0b209_icgraph-eps-converted-to.pdf class_conversation_
pdf_a504eb4cdcf25ef9599954a50fce0b209_icgraph.eps>
(epstopdf)             \includegraphics on input line 230.
Package epstopdf Info: Output file is already uptodate.
 <./class_conversation_pdf_a504eb4cdcf25ef9599954a50fce0b209_icgraph-eps-conver
ted-to.pdf>
<class_conversation_pdf_a504eb4cdcf25ef9599954a50fce0b209_icgraph-eps-converted
-to.pdf, id=6283, 780.9175pt x 161.60374pt>
File: class_conversation_pdf_a504eb4cdcf25ef9599954a50fce0b209_icgraph-eps-conv
erted-to.pdf Graphic file (type pdf)
<use class_conversation_pdf_a504eb4cdcf25ef9599954a50fce0b209_icgraph-eps-conve
rted-to.pdf>
Package pdftex.def Info: class_conversation_pdf_a504eb4cdcf25ef9599954a50fce0b2
09_icgraph-eps-converted-to.pdf  used on input line 230.
(pdftex.def)             Requested size: 350.0pt x 72.43004pt.
Package epstopdf Info: Source file: <class_conversation_pdf_aeabef80e3219115470
acb1ec8e380a67_icgraph.eps>
(epstopdf)                    date: 2026-10-04 22:45:39
(epstopdf)                    size: 6517 bytes
(epstopdf)             Output file: <class_conversation_pdf_aeabef80e3219115470
acb1ec8e380a67_icgraph-eps-converted-to.pdf>
(epstopdf)                    date: 2026-10-04 22:45:56
(epstopdf)                    size: 6295 bytes
(epstopdf)             Command: <repstopdf --outfile=class_conversation_pdf_aea
bef80e3219115470acb1ec8e380a67_icgraph-eps-converted-to.pdf class_conversation_
pdf_aeabef80e3219115470acb1ec8e380a67_icgraph.eps>
(epstopdf)             \includegraphics on input line 248.
Package epstopdf Info: Output file is already uptodate.
 <./class_conversation_pdf_aeabef80e3219115470acb1ec8e380a67_icgraph-eps-conver
ted-to.pdf>
<class_conversation_pdf_aeabef80e3219115470acb1ec8e380a67_icgraph-eps-converted
-to.pdf, id=6290, 564.1075pt x 39.14626pt>
File: class_conversation_pdf_aeabef80e3219115470acb1ec8e380a67_icgraph-eps-conv
erted-to.pdf Graphic file (type pdf)
<use class_conversation_pdf_aeabef80e3219115470acb1ec8e380a67_icgraph-eps-conve
rted-to.pdf>
Package pdftex.def Info: class_conversation_pdf_aeabef80e3219115470acb1ec8e380a
67_icgraph-eps-converted-to.pdf  used on input line 248.
(pdftex.def)             Requested size: 350.0pt x 24.28833pt.
 [56]
Package epstopdf Info: Source file: <class_conversation_pdf_a4e6f8a22e5cd96432d
362ce0f2d5f4fc_icgraph.eps>
(epstopdf)                    date: 2026-10-04 22:45:38
(epstopdf)                    size: 8546 bytes
(epstopdf)             Output file: <class_conversation_pdf_a4e6f8a22e5cd96432d
362ce0f2d5f4fc_icgraph-eps-converted-to.pdf>
(epstopdf)                    date: 2026-10-04 22:45:56
(epstopdf)                    size: 6594 bytes
(epstopdf)             Command: <repstopdf --outfile=class_conversation_pdf_a4e
6f8a22e5cd96432d362ce0f2d5f4fc_icgraph-eps-converted-to.pdf class_conversation_
pdf_a4e6f8a22e5cd96432d362ce0f2d5f4fc_icgraph.eps>
(epstopdf)             \includegraphics on input line 266.
Package epstopdf Info: Output file is already uptodate.
 <./class_conversation_pdf_a4e6f8a22e5cd96432d362ce0f2d5f4fc_icgraph-eps-conver
ted-to.pdf>
<class_conversation_pdf_a4e6f8a22e5cd96432d362ce0f2d5f4fc_icgraph-eps-converted
-to.pdf, id=6305, 566.115pt x 88.33pt>
File: class_conversation_pdf_a4e6f8a22e5cd96432d362ce0f2d5f4fc_icgraph-eps-conv
erted-to.pdf Graphic file (type pdf)
<use class_conversation_pdf_a4e6f8a22e5cd96432d362ce0f2d5f4fc_icgraph-eps-conve
rted-to.pdf>
Package pdftex.def Info: class_conversation_pdf_a4e6f8a22e5cd96432d362ce0f2d5f4
fc_icgraph-eps-converted-to.pdf  used on input line 266.
(pdftex.def)             Requested size: 350.0pt x 54.61172pt.
Package epstopdf Info: Source file: <class_conversation_pdf_a983b60803f4b959adf
614c93cd73ec33_icgraph.eps>
(epstopdf)                    date: 2026-10-04 22:45:38
(epstopdf)                    size: 9520 bytes
(epstopdf)             Output file: <class_conversation_pdf_a983b60803f4b959adf
614c93cd73ec33_icgraph-eps-converted-to.pdf>
(epstopdf)                    date: 2026-10-04 22:45:57
(epstopdf)                    size: 6802 bytes
(epstopdf)             Command: <repstopdf --outfile=class_conversation_pdf_a98
3b60803f4b959adf614c93cd73ec33_icgraph-eps-converted-to.pdf class_conversation_
pdf_a983b60803f4b959adf614c93cd73ec33_icgraph.eps>
(epstopdf)             \includegraphics on input line 284.
Package epstopdf Info: Output file is already uptodate.
 <./class_conversation_pdf_a983b60803f4b959adf614c93cd73ec33_icgraph-eps-conver
ted-to.pdf>
<class_conversation_pdf_a983b60803f4b959adf614c93cd73ec33_icgraph-eps-converted
-to.pdf, id=6312, 695.59875pt x 88.33pt>
File: class_conversation_pdf_a983b60803f4b959adf614c93cd73ec33_icgraph-eps-conv
erted-to.pdf Graphic file (type pdf)
<use class_conversation_pdf_a983b60803f4b959adf614c93cd73ec33_icgraph-eps-conve
rted-to.pdf>
Package pdftex.def Info: class_conversation_pdf_a983b60803f4b959adf614c93cd73ec
33_icgraph-eps-converted-to.pdf  used on input line 284.
(pdftex.def)             Requested size: 350.0pt x 44.44388pt.
Package epstopdf Info: Source file: <class_conversation_pdf_a6eda5b50445d0ae14e
b5661f76dab418_cgraph.eps>
(epstopdf)                    date: 2026-10-04 22:45:38
(epstopdf)                    size: 14115 bytes
(epstopdf)             Output file: <class_conversation_pdf_a6eda5b50445d0ae14e
b5661f76dab418_cgraph-eps-converted-to.pdf>
(epstopdf)                    date: 2026-10-04 22:45:57
(epstopdf)                    size: 7478 bytes
(epstopdf)             Command: <repstopdf --outfile=class_conversation_pdf_a6e
da5b50445d0ae14eb5661f76dab418_cgraph-eps-converted-to.pdf class_conversation_p
df_a6eda5b50445d0ae14eb5661f76dab418_cgraph.eps>
(epstopdf)             \includegraphics on input line 302.
Package epstopdf Info: Output file is already uptodate.
 <./class_conversation_pdf_a6eda5b50445d0ae14eb5661f76dab418_cgraph-eps-convert
ed-to.pdf>
<class_conversation_pdf_a6eda5b50445d0ae14eb5661f76dab418_cgraph-eps-converted-
to.pdf, id=6319, 952.55875pt x 109.40875pt>
File: class_conversation_pdf_a6eda5b50445d0ae14eb5661f76dab418_cgraph-eps-conve
rted-to.pdf Graphic file (type pdf)
<use class_conversation_pdf_a6eda5b50445d0ae14eb5661f76dab418_cgraph-eps-conver
ted-to.pdf>
Package pdftex.def Info: class_conversation_pdf_a6eda5b50445d0ae14eb5661f76dab4
18_cgraph-eps-converted-to.pdf  used on input line 302.
(pdftex.def)             Requested size: 350.0pt x 40.20012pt.
Package epstopdf Info: Source file: <class_conversation_pdf_a6eda5b50445d0ae14e
b5661f76dab418_icgraph.eps>
(epstopdf)                    date: 2026-10-04 22:45:38
(epstopdf)                    size: 8540 bytes
(epstopdf)             Output file: <class_conversation_pdf_a6eda5b50445d0ae14e
b5661f76dab418_icgraph-eps-converted-to.pdf>
(epstopdf)                    date: 2026-10-04 22:45:57
(epstopdf)                    size: 6495 bytes
(epstopdf)             Command: <repstopdf --outfile=class_conversation_pdf_a6e
da5b50445d0ae14eb5661f76dab418_icgraph-eps-converted-to.pdf class_conversation_
pdf_a6eda5b50445d0ae14eb5661f76dab418_icgraph.eps>
(epstopdf)             \includegraphics on input line 310.
Package epstopdf Info: Output file is already uptodate.
 <./class_conversation_pdf_a6eda5b50445d0ae14eb5661f76dab418_icgraph-eps-conver
ted-to.pdf>
<class_conversation_pdf_a6eda5b50445d0ae14eb5661f76dab418_icgraph-eps-converted
-to.pdf, id=6326, 546.04pt x 88.33pt>
File: class_conversation_pdf_a6eda5b50445d0ae14eb5661f76dab418_icgraph-eps-conv
erted-to.pdf Graphic file (type pdf)
<use class_conversation_pdf_a6eda5b50445d0ae14eb5661f76dab418_icgraph-eps-conve
rted-to.pdf>
Package pdftex.def Info: class_conversation_pdf_a6eda5b50445d0ae14eb5661f76dab4
18_icgraph-eps-converted-to.pdf  used on input line 310.
(pdftex.def)             Requested size: 350.0pt x 56.61725pt.
)
(./class_custom_text_edit.tex [57]
Package epstopdf Info: Source file: <class_custom_text_edit__inherit__graph.eps
>
(epstopdf)                    date: 2026-10-04 22:45:38
(epstopdf)                    size: 5098 bytes
(epstopdf)             Output file: <class_custom_text_edit__inherit__graph-eps
-converted-to.pdf>
(epstopdf)                    date: 2026-10-04 22:45:57
(epstopdf)                    size: 4811 bytes
(epstopdf)             Command: <repstopdf --outfile=class_custom_text_edit__in
herit__graph-eps-converted-to.pdf class_custom_text_edit__inherit__graph.eps>
(epstopdf)             \includegraphics on input line 14.
Package epstopdf Info: Output file is already uptodate.
 <./class_custom_text_edit__inherit__graph-eps-converted-to.pdf>
<class_custom_text_edit__inherit__graph-eps-converted-to.pdf, id=6345, 95.35625
pt x 83.31125pt>
File: class_custom_text_edit__inherit__graph-eps-converted-to.pdf Graphic file 
(type pdf)
<use class_custom_text_edit__inherit__graph-eps-converted-to.pdf>
Package pdftex.def Info: class_custom_text_edit__inherit__graph-eps-converted-t
o.pdf  used on input line 14.
(pdftex.def)             Requested size: 131.0pt x 114.46622pt.
Package epstopdf Info: Source file: <class_custom_text_edit__coll__graph.eps>
(epstopdf)                    date: 2026-10-04 22:45:38
(epstopdf)                    size: 5098 bytes
(epstopdf)             Output file: <class_custom_text_edit__coll__graph-eps-co
nverted-to.pdf>
(epstopdf)                    date: 2026-10-04 22:45:57
(epstopdf)                    size: 4811 bytes
(epstopdf)             Command: <repstopdf --outfile=class_custom_text_edit__co
ll__graph-eps-converted-to.pdf class_custom_text_edit__coll__graph.eps>
(epstopdf)             \includegraphics on input line 24.
Package epstopdf Info: Output file is already uptodate.
 <./class_custom_text_edit__coll__graph-eps-converted-to.pdf>
<class_custom_text_edit__coll__graph-eps-converted-to.pdf, id=6352, 95.35625pt 
x 83.31125pt>
File: class_custom_text_edit__coll__graph-eps-converted-to.pdf Graphic file (ty
pe pdf)
<use class_custom_text_edit__coll__graph-eps-converted-to.pdf>
Package pdftex.def Info: class_custom_text_edit__coll__graph-eps-converted-to.p
df  used on input line 24.
(pdftex.def)             Requested size: 131.0pt x 114.46622pt.
 [58]
Package epstopdf Info: Source file: <class_custom_text_edit_af5ef9dfc855cba8431
067a6ea39613e5_icgraph.eps>
(epstopdf)                    date: 2026-10-04 22:45:38
(epstopdf)                    size: 17964 bytes
(epstopdf)             Output file: <class_custom_text_edit_af5ef9dfc855cba8431
067a6ea39613e5_icgraph-eps-converted-to.pdf>
(epstopdf)                    date: 2026-10-04 22:45:57
(epstopdf)                    size: 8786 bytes
(epstopdf)             Command: <repstopdf --outfile=class_custom_text_edit_af5
ef9dfc855cba8431067a6ea39613e5_icgraph-eps-converted-to.pdf class_custom_text_e
dit_af5ef9dfc855cba8431067a6ea39613e5_icgraph.eps>
(epstopdf)             \includegraphics on input line 87.
Package epstopdf Info: Output file is already uptodate.
 <./class_custom_text_edit_af5ef9dfc855cba8431067a6ea39613e5_icgraph-eps-conver
ted-to.pdf>
<class_custom_text_edit_af5ef9dfc855cba8431067a6ea39613e5_icgraph-eps-converted
-to.pdf, id=6398, 1652.1725pt x 166.6225pt>
File: class_custom_text_edit_af5ef9dfc855cba8431067a6ea39613e5_icgraph-eps-conv
erted-to.pdf Graphic file (type pdf)
<use class_custom_text_edit_af5ef9dfc855cba8431067a6ea39613e5_icgraph-eps-conve
rted-to.pdf>
Package pdftex.def Info: class_custom_text_edit_af5ef9dfc855cba8431067a6ea39613
e5_icgraph-eps-converted-to.pdf  used on input line 87.
(pdftex.def)             Requested size: 350.0pt x 35.29684pt.
Package epstopdf Info: Source file: <class_custom_text_edit_ac87765b7ed4b375247
4893bae4df08bf_cgraph.eps>
(epstopdf)                    date: 2026-10-04 22:45:38
(epstopdf)                    size: 5462 bytes
(epstopdf)             Output file: <class_custom_text_edit_ac87765b7ed4b375247
4893bae4df08bf_cgraph-eps-converted-to.pdf>
(epstopdf)                    date: 2026-10-04 22:45:58
(epstopdf)                    size: 5500 bytes
(epstopdf)             Command: <repstopdf --outfile=class_custom_text_edit_ac8
7765b7ed4b3752474893bae4df08bf_cgraph-eps-converted-to.pdf class_custom_text_ed
it_ac87765b7ed4b3752474893bae4df08bf_cgraph.eps>
(epstopdf)             \includegraphics on input line 101.
Package epstopdf Info: Output file is already uptodate.
 <./class_custom_text_edit_ac87765b7ed4b3752474893bae4df08bf_cgraph-eps-convert
ed-to.pdf>
<class_custom_text_edit_ac87765b7ed4b3752474893bae4df08bf_cgraph-eps-converted-
to.pdf, id=6405, 340.27126pt x 39.14626pt>
File: class_custom_text_edit_ac87765b7ed4b3752474893bae4df08bf_cgraph-eps-conve
rted-to.pdf Graphic file (type pdf)
<use class_custom_text_edit_ac87765b7ed4b3752474893bae4df08bf_cgraph-eps-conver
ted-to.pdf>
Package pdftex.def Info: class_custom_text_edit_ac87765b7ed4b3752474893bae4df08
bf_cgraph-eps-converted-to.pdf  used on input line 101.
(pdftex.def)             Requested size: 350.0pt x 40.26732pt.
Package epstopdf Info: Source file: <class_custom_text_edit_ac87765b7ed4b375247
4893bae4df08bf_icgraph.eps>
(epstopdf)                    date: 2026-10-04 22:45:38
(epstopdf)                    size: 18054 bytes
(epstopdf)             Output file: <class_custom_text_edit_ac87765b7ed4b375247
4893bae4df08bf_icgraph-eps-converted-to.pdf>
(epstopdf)                    date: 2026-10-04 22:45:58
(epstopdf)                    size: 8888 bytes
(epstopdf)             Command: <repstopdf --outfile=class_custom_text_edit_ac8
7765b7ed4b3752474893bae4df08bf_icgraph-eps-converted-to.pdf class_custom_text_e
dit_ac87765b7ed4b3752474893bae4df08bf_icgraph.eps>
(epstopdf)             \includegraphics on input line 109.
Package epstopdf Info: Output file is already uptodate.
 <./class_custom_text_edit_ac87765b7ed4b3752474893bae4df08bf_icgraph-eps-conver
ted-to.pdf>
<class_custom_text_edit_ac87765b7ed4b3752474893bae4df08bf_icgraph-eps-converted
-to.pdf, id=6412, 1636.1125pt x 166.6225pt>
File: class_custom_text_edit_ac87765b7ed4b3752474893bae4df08bf_icgraph-eps-conv
erted-to.pdf Graphic file (type pdf)
<use class_custom_text_edit_ac87765b7ed4b3752474893bae4df08bf_icgraph-eps-conve
rted-to.pdf>
Package pdftex.def Info: class_custom_text_edit_ac87765b7ed4b3752474893bae4df08
bf_icgraph-eps-converted-to.pdf  used on input line 109.
(pdftex.def)             Requested size: 350.0pt x 35.64262pt.
Package epstopdf Info: Source file: <class_custom_text_edit_a8f161a60d8d6dfda8a
568fbfc0a9fed1_cgraph.eps>
(epstopdf)                    date: 2026-10-04 22:45:38
(epstopdf)                    size: 8571 bytes
(epstopdf)             Output file: <class_custom_text_edit_a8f161a60d8d6dfda8a
568fbfc0a9fed1_cgraph-eps-converted-to.pdf>
(epstopdf)                    date: 2026-10-04 22:45:58
(epstopdf)                    size: 6643 bytes
(epstopdf)             Command: <repstopdf --outfile=class_custom_text_edit_a8f
161a60d8d6dfda8a568fbfc0a9fed1_cgraph-eps-converted-to.pdf class_custom_text_ed
it_a8f161a60d8d6dfda8a568fbfc0a9fed1_cgraph.eps>
(epstopdf)             \includegraphics on input line 137.
Package epstopdf Info: Output file is already uptodate.
 <./class_custom_text_edit_a8f161a60d8d6dfda8a568fbfc0a9fed1_cgraph-eps-convert
ed-to.pdf>
<class_custom_text_edit_a8f161a60d8d6dfda8a568fbfc0a9fed1_cgraph-eps-converted-
to.pdf, id=6419, 548.0475pt x 113.42375pt>
File: class_custom_text_edit_a8f161a60d8d6dfda8a568fbfc0a9fed1_cgraph-eps-conve
rted-to.pdf Graphic file (type pdf)
<use class_custom_text_edit_a8f161a60d8d6dfda8a568fbfc0a9fed1_cgraph-eps-conver
ted-to.pdf>
Package pdftex.def Info: class_custom_text_edit_a8f161a60d8d6dfda8a568fbfc0a9fe
d1_cgraph-eps-converted-to.pdf  used on input line 137.
(pdftex.def)             Requested size: 350.0pt x 72.4369pt.
 [59]
Package epstopdf Info: Source file: <class_custom_text_edit_a8f161a60d8d6dfda8a
568fbfc0a9fed1_icgraph.eps>
(epstopdf)                    date: 2026-10-04 22:45:38
(epstopdf)                    size: 16990 bytes
(epstopdf)             Output file: <class_custom_text_edit_a8f161a60d8d6dfda8a
568fbfc0a9fed1_icgraph-eps-converted-to.pdf>
(epstopdf)                    date: 2026-10-04 22:45:58
(epstopdf)                    size: 8635 bytes
(epstopdf)             Command: <repstopdf --outfile=class_custom_text_edit_a8f
161a60d8d6dfda8a568fbfc0a9fed1_icgraph-eps-converted-to.pdf class_custom_text_e
dit_a8f161a60d8d6dfda8a568fbfc0a9fed1_icgraph.eps>
(epstopdf)             \includegraphics on input line 145.
Package epstopdf Info: Output file is already uptodate.
 <./class_custom_text_edit_a8f161a60d8d6dfda8a568fbfc0a9fed1_icgraph-eps-conver
ted-to.pdf>
<class_custom_text_edit_a8f161a60d8d6dfda8a568fbfc0a9fed1_icgraph-eps-converted
-to.pdf, id=6435, 1466.47874pt x 166.6225pt>
File: class_custom_text_edit_a8f161a60d8d6dfda8a568fbfc0a9fed1_icgraph-eps-conv
erted-to.pdf Graphic file (type pdf)
<use class_custom_text_edit_a8f161a60d8d6dfda8a568fbfc0a9fed1_icgraph-eps-conve
rted-to.pdf>
Package pdftex.def Info: class_custom_text_edit_a8f161a60d8d6dfda8a568fbfc0a9fe
d1_icgraph-eps-converted-to.pdf  used on input line 145.
(pdftex.def)             Requested size: 350.0pt x 39.76648pt.
Package epstopdf Info: Source file: <class_custom_text_edit_a16e6725147bf86c40c
376ad62f02929f_cgraph.eps>
(epstopdf)                    date: 2026-10-04 22:45:39
(epstopdf)                    size: 5828 bytes
(epstopdf)             Output file: <class_custom_text_edit_a16e6725147bf86c40c
376ad62f02929f_cgraph-eps-converted-to.pdf>
(epstopdf)                    date: 2026-10-04 22:45:58
(epstopdf)                    size: 6102 bytes
(epstopdf)             Command: <repstopdf --outfile=class_custom_text_edit_a16
e6725147bf86c40c376ad62f02929f_cgraph-eps-converted-to.pdf class_custom_text_ed
it_a16e6725147bf86c40c376ad62f02929f_cgraph.eps>
(epstopdf)             \includegraphics on input line 163.
Package epstopdf Info: Output file is already uptodate.
 <./class_custom_text_edit_a16e6725147bf86c40c376ad62f02929f_cgraph-eps-convert
ed-to.pdf>
<class_custom_text_edit_a16e6725147bf86c40c376ad62f02929f_cgraph-eps-converted-
to.pdf, id=6442, 400.49625pt x 45.16875pt>
File: class_custom_text_edit_a16e6725147bf86c40c376ad62f02929f_cgraph-eps-conve
rted-to.pdf Graphic file (type pdf)
<use class_custom_text_edit_a16e6725147bf86c40c376ad62f02929f_cgraph-eps-conver
ted-to.pdf>
Package pdftex.def Info: class_custom_text_edit_a16e6725147bf86c40c376ad62f0292
9f_cgraph-eps-converted-to.pdf  used on input line 163.
(pdftex.def)             Requested size: 350.0pt x 39.47568pt.
Package epstopdf Info: Source file: <class_custom_text_edit_a418fa720fd5e46a1f8
56e859c4989892_icgraph.eps>
(epstopdf)                    date: 2026-10-04 22:45:38
(epstopdf)                    size: 19643 bytes
(epstopdf)             Output file: <class_custom_text_edit_a418fa720fd5e46a1f8
56e859c4989892_icgraph-eps-converted-to.pdf>
(epstopdf)                    date: 2026-10-04 22:45:59
(epstopdf)                    size: 9341 bytes
(epstopdf)             Command: <repstopdf --outfile=class_custom_text_edit_a41
8fa720fd5e46a1f856e859c4989892_icgraph-eps-converted-to.pdf class_custom_text_e
dit_a418fa720fd5e46a1f856e859c4989892_icgraph.eps>
(epstopdf)             \includegraphics on input line 177.
Package epstopdf Info: Output file is already uptodate.
 <./class_custom_text_edit_a418fa720fd5e46a1f856e859c4989892_icgraph-eps-conver
ted-to.pdf>
<class_custom_text_edit_a418fa720fd5e46a1f856e859c4989892_icgraph-eps-converted
-to.pdf, id=6449, 1833.85126pt x 166.6225pt>
File: class_custom_text_edit_a418fa720fd5e46a1f856e859c4989892_icgraph-eps-conv
erted-to.pdf Graphic file (type pdf)
<use class_custom_text_edit_a418fa720fd5e46a1f856e859c4989892_icgraph-eps-conve
rted-to.pdf>
Package pdftex.def Info: class_custom_text_edit_a418fa720fd5e46a1f856e859c49898
92_icgraph-eps-converted-to.pdf  used on input line 177.
(pdftex.def)             Requested size: 350.0pt x 31.79843pt.
Package epstopdf Info: Source file: <class_custom_text_edit_a7dcc7e53f64b26ce41
2974df2be6a936_icgraph.eps>
(epstopdf)                    date: 2026-10-04 22:45:38
(epstopdf)                    size: 17975 bytes
(epstopdf)             Output file: <class_custom_text_edit_a7dcc7e53f64b26ce41
2974df2be6a936_icgraph-eps-converted-to.pdf>
(epstopdf)                    date: 2026-10-04 22:45:59
(epstopdf)                    size: 8782 bytes
(epstopdf)             Command: <repstopdf --outfile=class_custom_text_edit_a7d
cc7e53f64b26ce412974df2be6a936_icgraph-eps-converted-to.pdf class_custom_text_e
dit_a7dcc7e53f64b26ce412974df2be6a936_icgraph.eps>
(epstopdf)             \includegraphics on input line 201.
Package epstopdf Info: Output file is already uptodate.
 <./class_custom_text_edit_a7dcc7e53f64b26ce412974df2be6a936_icgraph-eps-conver
ted-to.pdf>
<class_custom_text_edit_a7dcc7e53f64b26ce412974df2be6a936_icgraph-eps-converted
-to.pdf, id=6456, 1644.1425pt x 166.6225pt>
File: class_custom_text_edit_a7dcc7e53f64b26ce412974df2be6a936_icgraph-eps-conv
erted-to.pdf Graphic file (type pdf)
<use class_custom_text_edit_a7dcc7e53f64b26ce412974df2be6a936_icgraph-eps-conve
rted-to.pdf>
Package pdftex.def Info: class_custom_text_edit_a7dcc7e53f64b26ce412974df2be6a9
36_icgraph-eps-converted-to.pdf  used on input line 201.
(pdftex.def)             Requested size: 350.0pt x 35.46973pt.
 [60]) (./struct_exam_record.tex [61])
(./class_exam_report_dialog.tex
Package epstopdf Info: Source file: <class_exam_report_dialog__inherit__graph.e
ps>
(epstopdf)                    date: 2026-10-04 22:45:38
(epstopdf)                    size: 5128 bytes
(epstopdf)             Output file: <class_exam_report_dialog__inherit__graph-e
ps-converted-to.pdf>
(epstopdf)                    date: 2026-10-04 22:45:59
(epstopdf)                    size: 5038 bytes
(epstopdf)             Command: <repstopdf --outfile=class_exam_report_dialog__
inherit__graph-eps-converted-to.pdf class_exam_report_dialog__inherit__graph.ep
s>
(epstopdf)             \includegraphics on input line 19.
Package epstopdf Info: Output file is already uptodate.
 <./class_exam_report_dialog__inherit__graph-eps-converted-to.pdf>
<class_exam_report_dialog__inherit__graph-eps-converted-to.pdf, id=6496, 107.40
125pt x 83.31125pt>
File: class_exam_report_dialog__inherit__graph-eps-converted-to.pdf Graphic fil
e (type pdf)
<use class_exam_report_dialog__inherit__graph-eps-converted-to.pdf>
Package pdftex.def Info: class_exam_report_dialog__inherit__graph-eps-converted
-to.pdf  used on input line 19.
(pdftex.def)             Requested size: 143.0pt x 110.93475pt.
Package epstopdf Info: Source file: <class_exam_report_dialog__coll__graph.eps>

(epstopdf)                    date: 2026-10-04 22:45:38
(epstopdf)                    size: 5128 bytes
(epstopdf)             Output file: <class_exam_report_dialog__coll__graph-eps-
converted-to.pdf>
(epstopdf)                    date: 2026-10-04 22:45:59
(epstopdf)                    size: 5038 bytes
(epstopdf)             Command: <repstopdf --outfile=class_exam_report_dialog__
coll__graph-eps-converted-to.pdf class_exam_report_dialog__coll__graph.eps>
(epstopdf)             \includegraphics on input line 29.
Package epstopdf Info: Output file is already uptodate.
 <./class_exam_report_dialog__coll__graph-eps-converted-to.pdf>
<class_exam_report_dialog__coll__graph-eps-converted-to.pdf, id=6503, 107.40125
pt x 83.31125pt>
File: class_exam_report_dialog__coll__graph-eps-converted-to.pdf Graphic file (
type pdf)
<use class_exam_report_dialog__coll__graph-eps-converted-to.pdf>
Package pdftex.def Info: class_exam_report_dialog__coll__graph-eps-converted-to
.pdf  used on input line 29.
(pdftex.def)             Requested size: 143.0pt x 110.93475pt.

Overfull \hbox (32.04723pt too wide) in paragraph at lines 40--41
[][] \T1/phv/m/n/10 (const [] &ses-sion, const QString &exam[]Title, const QVec
tor$\OML/cmm/m/it/10 <$ []
 []

[62]
Package epstopdf Info: Source file: <class_exam_report_dialog_a52aeefab0b780967
e473905045fdbb69_cgraph.eps>
(epstopdf)                    date: 2026-10-04 22:45:38
(epstopdf)                    size: 17378 bytes
(epstopdf)             Output file: <class_exam_report_dialog_a52aeefab0b780967
e473905045fdbb69_cgraph-eps-converted-to.pdf>
(epstopdf)                    date: 2026-10-04 22:46:00
(epstopdf)                    size: 8477 bytes
(epstopdf)             Command: <repstopdf --outfile=class_exam_report_dialog_a
52aeefab0b780967e473905045fdbb69_cgraph-eps-converted-to.pdf class_exam_report_
dialog_a52aeefab0b780967e473905045fdbb69_cgraph.eps>
(epstopdf)             \includegraphics on input line 81.
Package epstopdf Info: Output file is already uptodate.
 <./class_exam_report_dialog_a52aeefab0b780967e473905045fdbb69_cgraph-eps-conve
rted-to.pdf>
<class_exam_report_dialog_a52aeefab0b780967e473905045fdbb69_cgraph-eps-converte
d-to.pdf, id=6545, 688.5725pt x 312.16624pt>
File: class_exam_report_dialog_a52aeefab0b780967e473905045fdbb69_cgraph-eps-con
verted-to.pdf Graphic file (type pdf)
<use class_exam_report_dialog_a52aeefab0b780967e473905045fdbb69_cgraph-eps-conv
erted-to.pdf>
Package pdftex.def Info: class_exam_report_dialog_a52aeefab0b780967e473905045fd
bb69_cgraph-eps-converted-to.pdf  used on input line 81.
(pdftex.def)             Requested size: 350.0pt x 158.67395pt.
Package epstopdf Info: Source file: <class_exam_report_dialog_aba620a1f85047591
376fa2c9fb58c495_icgraph.eps>
(epstopdf)                    date: 2026-10-04 22:45:39
(epstopdf)                    size: 5523 bytes
(epstopdf)             Output file: <class_exam_report_dialog_aba620a1f85047591
376fa2c9fb58c495_icgraph-eps-converted-to.pdf>
(epstopdf)                    date: 2026-10-04 22:46:00
(epstopdf)                    size: 5528 bytes
(epstopdf)             Command: <repstopdf --outfile=class_exam_report_dialog_a
ba620a1f85047591376fa2c9fb58c495_icgraph-eps-converted-to.pdf class_exam_report
_dialog_aba620a1f85047591376fa2c9fb58c495_icgraph.eps>
(epstopdf)             \includegraphics on input line 103.
Package epstopdf Info: Output file is already uptodate.
 <./class_exam_report_dialog_aba620a1f85047591376fa2c9fb58c495_icgraph-eps-conv
erted-to.pdf>
<class_exam_report_dialog_aba620a1f85047591376fa2c9fb58c495_icgraph-eps-convert
ed-to.pdf, id=6552, 336.25626pt x 39.14626pt>
File: class_exam_report_dialog_aba620a1f85047591376fa2c9fb58c495_icgraph-eps-co
nverted-to.pdf Graphic file (type pdf)
<use class_exam_report_dialog_aba620a1f85047591376fa2c9fb58c495_icgraph-eps-con
verted-to.pdf>
Package pdftex.def Info: class_exam_report_dialog_aba620a1f85047591376fa2c9fb58
c495_icgraph-eps-converted-to.pdf  used on input line 103.
(pdftex.def)             Requested size: 350.0pt x 40.74637pt.
 [63]) (./class_exam_session.tex
Package epstopdf Info: Source file: <class_exam_session_a92327389e787905fc61de2
5843434c22_cgraph.eps>
(epstopdf)                    date: 2026-10-04 22:45:38
(epstopdf)                    size: 7291 bytes
(epstopdf)             Output file: <class_exam_session_a92327389e787905fc61de2
5843434c22_cgraph-eps-converted-to.pdf>
(epstopdf)                    date: 2026-10-04 22:46:00
(epstopdf)                    size: 5690 bytes
(epstopdf)             Command: <repstopdf --outfile=class_exam_session_a923273
89e787905fc61de25843434c22_cgraph-eps-converted-to.pdf class_exam_session_a9232
7389e787905fc61de25843434c22_cgraph.eps>
(epstopdf)             \includegraphics on input line 49.
Package epstopdf Info: Output file is already uptodate.
 <./class_exam_session_a92327389e787905fc61de25843434c22_cgraph-eps-converted-t
o.pdf>
<class_exam_session_a92327389e787905fc61de25843434c22_cgraph-eps-converted-to.p
df, id=6583, 399.4925pt x 64.24pt>
File: class_exam_session_a92327389e787905fc61de25843434c22_cgraph-eps-converted
-to.pdf Graphic file (type pdf)
<use class_exam_session_a92327389e787905fc61de25843434c22_cgraph-eps-converted-
to.pdf>
Package pdftex.def Info: class_exam_session_a92327389e787905fc61de25843434c22_c
graph-eps-converted-to.pdf  used on input line 49.
(pdftex.def)             Requested size: 350.0pt x 56.28435pt.
Package epstopdf Info: Source file: <class_exam_session_a92327389e787905fc61de2
5843434c22_icgraph.eps>
(epstopdf)                    date: 2026-10-04 22:45:38
(epstopdf)                    size: 5429 bytes
(epstopdf)             Output file: <class_exam_session_a92327389e787905fc61de2
5843434c22_icgraph-eps-converted-to.pdf>
(epstopdf)                    date: 2026-10-04 22:46:00
(epstopdf)                    size: 5561 bytes
(epstopdf)             Command: <repstopdf --outfile=class_exam_session_a923273
89e787905fc61de25843434c22_icgraph-eps-converted-to.pdf class_exam_session_a923
27389e787905fc61de25843434c22_icgraph.eps>
(epstopdf)             \includegraphics on input line 57.
Package epstopdf Info: Output file is already uptodate.
 <./class_exam_session_a92327389e787905fc61de25843434c22_icgraph-eps-converted-
to.pdf>
<class_exam_session_a92327389e787905fc61de25843434c22_icgraph-eps-converted-to.
pdf, id=6590, 311.1625pt x 39.14626pt>
File: class_exam_session_a92327389e787905fc61de25843434c22_icgraph-eps-converte
d-to.pdf Graphic file (type pdf)
<use class_exam_session_a92327389e787905fc61de25843434c22_icgraph-eps-converted
-to.pdf>
Package pdftex.def Info: class_exam_session_a92327389e787905fc61de25843434c22_i
cgraph-eps-converted-to.pdf  used on input line 57.
(pdftex.def)             Requested size: 346.0pt x 43.5293pt.

[64]
Package epstopdf Info: Source file: <class_exam_session_a2290b2f623c48ffae4d650
e390876253_icgraph.eps>
(epstopdf)                    date: 2026-10-04 22:45:38
(epstopdf)                    size: 7809 bytes
(epstopdf)             Output file: <class_exam_session_a2290b2f623c48ffae4d650
e390876253_icgraph-eps-converted-to.pdf>
(epstopdf)                    date: 2026-10-04 22:46:01
(epstopdf)                    size: 6076 bytes
(epstopdf)             Command: <repstopdf --outfile=class_exam_session_a2290b2
f623c48ffae4d650e390876253_icgraph-eps-converted-to.pdf class_exam_session_a229
0b2f623c48ffae4d650e390876253_icgraph.eps>
(epstopdf)             \includegraphics on input line 86.
Package epstopdf Info: Output file is already uptodate.
 <./class_exam_session_a2290b2f623c48ffae4d650e390876253_icgraph-eps-converted-
to.pdf>
<class_exam_session_a2290b2f623c48ffae4d650e390876253_icgraph-eps-converted-to.
pdf, id=6609, 595.22375pt x 52.195pt>
File: class_exam_session_a2290b2f623c48ffae4d650e390876253_icgraph-eps-converte
d-to.pdf Graphic file (type pdf)
<use class_exam_session_a2290b2f623c48ffae4d650e390876253_icgraph-eps-converted
-to.pdf>
Package pdftex.def Info: class_exam_session_a2290b2f623c48ffae4d650e390876253_i
cgraph-eps-converted-to.pdf  used on input line 86.
(pdftex.def)             Requested size: 350.0pt x 30.69124pt.
Package epstopdf Info: Source file: <class_exam_session_ad668804f5d0650039e6761
6c5c93f237_icgraph.eps>
(epstopdf)                    date: 2026-10-04 22:45:38
(epstopdf)                    size: 5442 bytes
(epstopdf)             Output file: <class_exam_session_ad668804f5d0650039e6761
6c5c93f237_icgraph-eps-converted-to.pdf>
(epstopdf)                    date: 2026-10-04 22:46:01
(epstopdf)                    size: 5638 bytes
(epstopdf)             Command: <repstopdf --outfile=class_exam_session_ad66880
4f5d0650039e67616c5c93f237_icgraph-eps-converted-to.pdf class_exam_session_ad66
8804f5d0650039e67616c5c93f237_icgraph.eps>
(epstopdf)             \includegraphics on input line 104.
Package epstopdf Info: Output file is already uptodate.
 <./class_exam_session_ad668804f5d0650039e67616c5c93f237_icgraph-eps-converted-
to.pdf>
<class_exam_session_ad668804f5d0650039e67616c5c93f237_icgraph-eps-converted-to.
pdf, id=6618, 319.1925pt x 39.14626pt>
File: class_exam_session_ad668804f5d0650039e67616c5c93f237_icgraph-eps-converte
d-to.pdf Graphic file (type pdf)
<use class_exam_session_ad668804f5d0650039e67616c5c93f237_icgraph-eps-converted
-to.pdf>
Package pdftex.def Info: class_exam_session_ad668804f5d0650039e67616c5c93f237_i
cgraph-eps-converted-to.pdf  used on input line 104.
(pdftex.def)             Requested size: 350.0pt x 42.9248pt.
Package epstopdf Info: Source file: <class_exam_session_a352ba6b2936aedcff5784c
565d221949_cgraph.eps>
(epstopdf)                    date: 2026-10-04 22:45:38
(epstopdf)                    size: 5322 bytes
(epstopdf)             Output file: <class_exam_session_a352ba6b2936aedcff5784c
565d221949_cgraph-eps-converted-to.pdf>
(epstopdf)                    date: 2026-10-04 22:46:01
(epstopdf)                    size: 5364 bytes
(epstopdf)             Command: <repstopdf --outfile=class_exam_session_a352ba6
b2936aedcff5784c565d221949_cgraph-eps-converted-to.pdf class_exam_session_a352b
a6b2936aedcff5784c565d221949_cgraph.eps>
(epstopdf)             \includegraphics on input line 122.
Package epstopdf Info: Output file is already uptodate.
 <./class_exam_session_a352ba6b2936aedcff5784c565d221949_cgraph-eps-converted-t
o.pdf>
<class_exam_session_a352ba6b2936aedcff5784c565d221949_cgraph-eps-converted-to.p
df, id=6625, 255.95625pt x 27.10126pt>
File: class_exam_session_a352ba6b2936aedcff5784c565d221949_cgraph-eps-converted
-to.pdf Graphic file (type pdf)
<use class_exam_session_a352ba6b2936aedcff5784c565d221949_cgraph-eps-converted-
to.pdf>
Package pdftex.def Info: class_exam_session_a352ba6b2936aedcff5784c565d221949_c
graph-eps-converted-to.pdf  used on input line 122.
(pdftex.def)             Requested size: 291.0pt x 30.81386pt.
Package epstopdf Info: Source file: <class_exam_session_a352ba6b2936aedcff5784c
565d221949_icgraph.eps>
(epstopdf)                    date: 2026-10-04 22:45:38
(epstopdf)                    size: 6837 bytes
(epstopdf)             Output file: <class_exam_session_a352ba6b2936aedcff5784c
565d221949_icgraph-eps-converted-to.pdf>
(epstopdf)                    date: 2026-10-04 22:46:01
(epstopdf)                    size: 5870 bytes
(epstopdf)             Command: <repstopdf --outfile=class_exam_session_a352ba6
b2936aedcff5784c565d221949_icgraph-eps-converted-to.pdf class_exam_session_a352
ba6b2936aedcff5784c565d221949_icgraph.eps>
(epstopdf)             \includegraphics on input line 130.
Package epstopdf Info: Output file is already uptodate.
 <./class_exam_session_a352ba6b2936aedcff5784c565d221949_icgraph-eps-converted-
to.pdf>
<class_exam_session_a352ba6b2936aedcff5784c565d221949_icgraph-eps-converted-to.
pdf, id=6632, 449.68pt x 52.195pt>
File: class_exam_session_a352ba6b2936aedcff5784c565d221949_icgraph-eps-converte
d-to.pdf Graphic file (type pdf)
<use class_exam_session_a352ba6b2936aedcff5784c565d221949_icgraph-eps-converted
-to.pdf>
Package pdftex.def Info: class_exam_session_a352ba6b2936aedcff5784c565d221949_i
cgraph-eps-converted-to.pdf  used on input line 130.
(pdftex.def)             Requested size: 350.0pt x 40.62671pt.
Package epstopdf Info: Source file: <class_exam_session_a017c2844f59b9345d42970
10ac523396_icgraph.eps>
(epstopdf)                    date: 2026-10-04 22:45:39
(epstopdf)                    size: 6837 bytes
(epstopdf)             Output file: <class_exam_session_a017c2844f59b9345d42970
10ac523396_icgraph-eps-converted-to.pdf>
(epstopdf)                    date: 2026-10-04 22:46:01
(epstopdf)                    size: 5809 bytes
(epstopdf)             Command: <repstopdf --outfile=class_exam_session_a017c28
44f59b9345d4297010ac523396_icgraph-eps-converted-to.pdf class_exam_session_a017
c2844f59b9345d4297010ac523396_icgraph.eps>
(epstopdf)             \includegraphics on input line 148.
Package epstopdf Info: Output file is already uptodate.
 <./class_exam_session_a017c2844f59b9345d4297010ac523396_icgraph-eps-converted-
to.pdf>
<class_exam_session_a017c2844f59b9345d4297010ac523396_icgraph-eps-converted-to.
pdf, id=6640, 449.68pt x 52.195pt>
File: class_exam_session_a017c2844f59b9345d4297010ac523396_icgraph-eps-converte
d-to.pdf Graphic file (type pdf)
<use class_exam_session_a017c2844f59b9345d4297010ac523396_icgraph-eps-converted
-to.pdf>
Package pdftex.def Info: class_exam_session_a017c2844f59b9345d4297010ac523396_i
cgraph-eps-converted-to.pdf  used on input line 148.
(pdftex.def)             Requested size: 350.0pt x 40.62671pt.
 [65])
(./struct_grammar_factory_1_1_factory_item.tex
Package epstopdf Info: Source file: <struct_grammar_factory_1_1_factory_item__c
oll__graph.eps>
(epstopdf)                    date: 2026-10-04 22:45:38
(epstopdf)                    size: 5388 bytes
(epstopdf)             Output file: <struct_grammar_factory_1_1_factory_item__c
oll__graph-eps-converted-to.pdf>
(epstopdf)                    date: 2026-10-04 22:46:02
(epstopdf)                    size: 5378 bytes
(epstopdf)             Command: <repstopdf --outfile=struct_grammar_factory_1_1
_factory_item__coll__graph-eps-converted-to.pdf struct_grammar_factory_1_1_fact
ory_item__coll__graph.eps>
(epstopdf)             \includegraphics on input line 19.
Package epstopdf Info: Output file is already uptodate.
 <./struct_grammar_factory_1_1_factory_item__coll__graph-eps-converted-to.pdf>
<struct_grammar_factory_1_1_factory_item__coll__graph-eps-converted-to.pdf, id=
6658, 156.585pt x 100.375pt>
File: struct_grammar_factory_1_1_factory_item__coll__graph-eps-converted-to.pdf
 Graphic file (type pdf)
<use struct_grammar_factory_1_1_factory_item__coll__graph-eps-converted-to.pdf>

Package pdftex.def Info: struct_grammar_factory_1_1_factory_item__coll__graph-e
ps-converted-to.pdf  used on input line 19.
(pdftex.def)             Requested size: 192.0pt x 123.08066pt.

Underfull \hbox (badness 10000) in paragraph at lines 45--46
|  \T1/pcr/m/n/8 const std::[]unordered[]_[]map$\OML/cmm/m/it/8 <$ \T1/pcr/m/n/
8 std::[]string, std::[]vector$\OML/cmm/m/it/8 <$ [] $>$ $>$ \T1/pcr/m/n/8 & \T
1/pcr/m/sl/8 grammar\T1/pcr/m/n/8 )
 []

[66]
Package epstopdf Info: Source file: <struct_grammar_factory_1_1_factory_item_ae
7d899f0b7b5334fdc11ef605d520dc7_cgraph.eps>
(epstopdf)                    date: 2026-10-04 22:45:38
(epstopdf)                    size: 5446 bytes
(epstopdf)             Output file: <struct_grammar_factory_1_1_factory_item_ae
7d899f0b7b5334fdc11ef605d520dc7_cgraph-eps-converted-to.pdf>
(epstopdf)                    date: 2026-10-04 22:46:02
(epstopdf)                    size: 5386 bytes
(epstopdf)             Command: <repstopdf --outfile=struct_grammar_factory_1_1
_factory_item_ae7d899f0b7b5334fdc11ef605d520dc7_cgraph-eps-converted-to.pdf str
uct_grammar_factory_1_1_factory_item_ae7d899f0b7b5334fdc11ef605d520dc7_cgraph.e
ps>
(epstopdf)             \includegraphics on input line 61.
Package epstopdf Info: Output file is already uptodate.
 <./struct_grammar_factory_1_1_factory_item_ae7d899f0b7b5334fdc11ef605d520dc7_c
graph-eps-converted-to.pdf>
<struct_grammar_factory_1_1_factory_item_ae7d899f0b7b5334fdc11ef605d520dc7_cgra
ph-eps-converted-to.pdf, id=6705, 319.1925pt x 39.14626pt>
File: struct_grammar_factory_1_1_factory_item_ae7d899f0b7b5334fdc11ef605d520dc7
_cgraph-eps-converted-to.pdf Graphic file (type pdf)
<use struct_grammar_factory_1_1_factory_item_ae7d899f0b7b5334fdc11ef605d520dc7_
cgraph-eps-converted-to.pdf>
Package pdftex.def Info: struct_grammar_factory_1_1_factory_item_ae7d899f0b7b53
34fdc11ef605d520dc7_cgraph-eps-converted-to.pdf  used on input line 61.
(pdftex.def)             Requested size: 350.0pt x 42.9248pt.
Package epstopdf Info: Source file: <struct_grammar_factory_1_1_factory_item_ae
7d899f0b7b5334fdc11ef605d520dc7_icgraph.eps>
(epstopdf)                    date: 2026-10-04 22:45:38
(epstopdf)                    size: 16899 bytes
(epstopdf)             Output file: <struct_grammar_factory_1_1_factory_item_ae
7d899f0b7b5334fdc11ef605d520dc7_icgraph-eps-converted-to.pdf>
(epstopdf)                    date: 2026-10-04 22:46:02
(epstopdf)                    size: 8071 bytes
(epstopdf)             Command: <repstopdf --outfile=struct_grammar_factory_1_1
_factory_item_ae7d899f0b7b5334fdc11ef605d520dc7_icgraph-eps-converted-to.pdf st
ruct_grammar_factory_1_1_factory_item_ae7d899f0b7b5334fdc11ef605d520dc7_icgraph
.eps>
(epstopdf)             \includegraphics on input line 69.
Package epstopdf Info: Output file is already uptodate.
 <./struct_grammar_factory_1_1_factory_item_ae7d899f0b7b5334fdc11ef605d520dc7_i
cgraph-eps-converted-to.pdf>
<struct_grammar_factory_1_1_factory_item_ae7d899f0b7b5334fdc11ef605d520dc7_icgr
aph-eps-converted-to.pdf, id=6712, 1477.52pt x 224.84pt>
File: struct_grammar_factory_1_1_factory_item_ae7d899f0b7b5334fdc11ef605d520dc7
_icgraph-eps-converted-to.pdf Graphic file (type pdf)
<use struct_grammar_factory_1_1_factory_item_ae7d899f0b7b5334fdc11ef605d520dc7_
icgraph-eps-converted-to.pdf>
Package pdftex.def Info: struct_grammar_factory_1_1_factory_item_ae7d899f0b7b53
34fdc11ef605d520dc7_icgraph-eps-converted-to.pdf  used on input line 69.
(pdftex.def)             Requested size: 350.0pt x 53.25938pt.
)
(./struct_grammar.tex
Package epstopdf Info: Source file: <struct_grammar__coll__graph.eps>
(epstopdf)                    date: 2026-10-04 22:45:38
(epstopdf)                    size: 5377 bytes
(epstopdf)             Output file: <struct_grammar__coll__graph-eps-converted-
to.pdf>
(epstopdf)                    date: 2026-10-04 22:46:02
(epstopdf)                    size: 5136 bytes
(epstopdf)             Command: <repstopdf --outfile=struct_grammar__coll__grap
h-eps-converted-to.pdf struct_grammar__coll__graph.eps>
(epstopdf)             \includegraphics on input line 19.
Package epstopdf Info: Output file is already uptodate.
 <./struct_grammar__coll__graph-eps-converted-to.pdf>
<struct_grammar__coll__graph-eps-converted-to.pdf, id=6727, 80.3pt x 100.375pt>

File: struct_grammar__coll__graph-eps-converted-to.pdf Graphic file (type pdf)
<use struct_grammar__coll__graph-eps-converted-to.pdf>
Package pdftex.def Info: struct_grammar__coll__graph-eps-converted-to.pdf  used
 on input line 19.
(pdftex.def)             Requested size: 116.0pt x 145.00394pt.

[67]
Package epstopdf Info: Source file: <struct_grammar_aa201250a002a7d07d398fee189
a74427_cgraph.eps>
(epstopdf)                    date: 2026-10-04 22:45:38
(epstopdf)                    size: 15045 bytes
(epstopdf)             Output file: <struct_grammar_aa201250a002a7d07d398fee189
a74427_cgraph-eps-converted-to.pdf>
(epstopdf)                    date: 2026-10-04 22:46:02
(epstopdf)                    size: 8360 bytes
(epstopdf)             Command: <repstopdf --outfile=struct_grammar_aa201250a00
2a7d07d398fee189a74427_cgraph-eps-converted-to.pdf struct_grammar_aa201250a002a
7d07d398fee189a74427_cgraph.eps>
(epstopdf)             \includegraphics on input line 78.
Package epstopdf Info: Output file is already uptodate.
 <./struct_grammar_aa201250a002a7d07d398fee189a74427_cgraph-eps-converted-to.pd
f>
<struct_grammar_aa201250a002a7d07d398fee189a74427_cgraph-eps-converted-to.pdf, 
id=6780, 499.8675pt x 326.21875pt>
File: struct_grammar_aa201250a002a7d07d398fee189a74427_cgraph-eps-converted-to.
pdf Graphic file (type pdf)
<use struct_grammar_aa201250a002a7d07d398fee189a74427_cgraph-eps-converted-to.p
df>
Package pdftex.def Info: struct_grammar_aa201250a002a7d07d398fee189a74427_cgrap
h-eps-converted-to.pdf  used on input line 78.
(pdftex.def)             Requested size: 350.0pt x 228.42125pt.
 [68]
Package epstopdf Info: Source file: <struct_grammar_aa201250a002a7d07d398fee189
a74427_icgraph.eps>
(epstopdf)                    date: 2026-10-04 22:45:38
(epstopdf)                    size: 19297 bytes
(epstopdf)             Output file: <struct_grammar_aa201250a002a7d07d398fee189
a74427_icgraph-eps-converted-to.pdf>
(epstopdf)                    date: 2026-10-04 22:46:03
(epstopdf)                    size: 8269 bytes
(epstopdf)             Command: <repstopdf --outfile=struct_grammar_aa201250a00
2a7d07d398fee189a74427_icgraph-eps-converted-to.pdf struct_grammar_aa201250a002
a7d07d398fee189a74427_icgraph.eps>
(epstopdf)             \includegraphics on input line 86.
Package epstopdf Info: Output file is already uptodate.
 <./struct_grammar_aa201250a002a7d07d398fee189a74427_icgraph-eps-converted-to.p
df>
<struct_grammar_aa201250a002a7d07d398fee189a74427_icgraph-eps-converted-to.pdf,
 id=6809, 1235.61626pt x 257.96375pt>
File: struct_grammar_aa201250a002a7d07d398fee189a74427_icgraph-eps-converted-to
.pdf Graphic file (type pdf)
<use struct_grammar_aa201250a002a7d07d398fee189a74427_icgraph-eps-converted-to.
pdf>
Package pdftex.def Info: struct_grammar_aa201250a002a7d07d398fee189a74427_icgra
ph-eps-converted-to.pdf  used on input line 86.
(pdftex.def)             Requested size: 350.0pt x 73.0717pt.

Underfull \hbox (badness 10000) in paragraph at lines 93--94
|  \T1/pcr/m/n/8 const std::[]unordered[]_[]map$\OML/cmm/m/it/8 <$ \T1/pcr/m/n/
8 std::[]string, std::[]vector$\OML/cmm/m/it/8 <$ [] $>$ $>$ \T1/pcr/m/n/8 & \T
1/pcr/m/sl/8 grammar\T1/pcr/m/n/8 )
 []

Package epstopdf Info: Source file: <struct_grammar_aadc4653fd0a6173388fe469277
2c59ad_cgraph.eps>
(epstopdf)                    date: 2026-10-04 22:45:38
(epstopdf)                    size: 5301 bytes
(epstopdf)             Output file: <struct_grammar_aadc4653fd0a6173388fe469277
2c59ad_cgraph-eps-converted-to.pdf>
(epstopdf)                    date: 2026-10-04 22:46:03
(epstopdf)                    size: 5168 bytes
(epstopdf)             Command: <repstopdf --outfile=struct_grammar_aadc4653fd0
a6173388fe4692772c59ad_cgraph-eps-converted-to.pdf struct_grammar_aadc4653fd0a6
173388fe4692772c59ad_cgraph.eps>
(epstopdf)             \includegraphics on input line 100.
Package epstopdf Info: Output file is already uptodate.
 <./struct_grammar_aadc4653fd0a6173388fe4692772c59ad_cgraph-eps-converted-to.pd
f>
<struct_grammar_aadc4653fd0a6173388fe4692772c59ad_cgraph-eps-converted-to.pdf, 
id=6818, 274.02374pt x 27.10126pt>
File: struct_grammar_aadc4653fd0a6173388fe4692772c59ad_cgraph-eps-converted-to.
pdf Graphic file (type pdf)
<use struct_grammar_aadc4653fd0a6173388fe4692772c59ad_cgraph-eps-converted-to.p
df>
Package pdftex.def Info: struct_grammar_aadc4653fd0a6173388fe4692772c59ad_cgrap
h-eps-converted-to.pdf  used on input line 100.
(pdftex.def)             Requested size: 309.0pt x 30.56284pt.


Package textcomp Warning: Symbol \textrightarrow not provided by
(textcomp)                font family phv in TS1 encoding.
(textcomp)                Default family used instead on input line 117.


! LaTeX Error: Unicode character α (U+03B1)
               not set up for use with LaTeX.

See the LaTeX manual or LaTeX Companion for explanation.
Type  H <return>  for immediate help.
 ...                                              
                                                  
l.117 ...rts a new production of the form A → α
                                                   into the grammar, where {...

You may provide a definition with
\DeclareUnicodeCharacter 


! LaTeX Error: Unicode character α (U+03B1)
               not set up for use with LaTeX.

See the LaTeX manual or LaTeX Companion for explanation.
Type  H <return>  for immediate help.
 ...                                              
                                                  
l.117 ...{\ttfamily consequent} is the sequence α
                                                  . It also updates the inte...

You may provide a definition with
\DeclareUnicodeCharacter 

[69{/usr/local/texlive/2026/texmf-dist/fonts/enc/dvips/cm-super/cm-super-ts1.en
c}]
Package epstopdf Info: Source file: <struct_grammar_aa8ba510e14b7d86c9f03061134
3ed130_icgraph.eps>
(epstopdf)                    date: 2026-10-04 22:45:38
(epstopdf)                    size: 20306 bytes
(epstopdf)             Output file: <struct_grammar_aa8ba510e14b7d86c9f03061134
3ed130_icgraph-eps-converted-to.pdf>
(epstopdf)                    date: 2026-10-04 22:46:03
(epstopdf)                    size: 8635 bytes
(epstopdf)             Command: <repstopdf --outfile=struct_grammar_aa8ba510e14
b7d86c9f030611343ed130_icgraph-eps-converted-to.pdf struct_grammar_aa8ba510e14b
7d86c9f030611343ed130_icgraph.eps>
(epstopdf)             \includegraphics on input line 131.
Package epstopdf Info: Output file is already uptodate.
 <./struct_grammar_aa8ba510e14b7d86c9f030611343ed130_icgraph-eps-converted-to.p
df>
<struct_grammar_aa8ba510e14b7d86c9f030611343ed130_icgraph-eps-converted-to.pdf,
 id=6834, 1398.22375pt x 257.96375pt>
File: struct_grammar_aa8ba510e14b7d86c9f030611343ed130_icgraph-eps-converted-to
.pdf Graphic file (type pdf)
<use struct_grammar_aa8ba510e14b7d86c9f030611343ed130_icgraph-eps-converted-to.
pdf>
Package pdftex.def Info: struct_grammar_aa8ba510e14b7d86c9f030611343ed130_icgra
ph-eps-converted-to.pdf  used on input line 131.
(pdftex.def)             Requested size: 350.0pt x 64.56949pt.
Package epstopdf Info: Source file: <struct_grammar_a95e0f2efad2652f2048670b878
94d033_icgraph.eps>
(epstopdf)                    date: 2026-10-04 22:45:38
(epstopdf)                    size: 20267 bytes
(epstopdf)             Output file: <struct_grammar_a95e0f2efad2652f2048670b878
94d033_icgraph-eps-converted-to.pdf>
(epstopdf)                    date: 2026-10-04 22:46:03
(epstopdf)                    size: 8743 bytes
(epstopdf)             Command: <repstopdf --outfile=struct_grammar_a95e0f2efad
2652f2048670b87894d033_icgraph-eps-converted-to.pdf struct_grammar_a95e0f2efad2
652f2048670b87894d033_icgraph.eps>
(epstopdf)             \includegraphics on input line 149.
Package epstopdf Info: Output file is already uptodate.
 <./struct_grammar_a95e0f2efad2652f2048670b87894d033_icgraph-eps-converted-to.p
df>
<struct_grammar_a95e0f2efad2652f2048670b87894d033_icgraph-eps-converted-to.pdf,
 id=6841, 1363.0925pt x 257.96375pt>
File: struct_grammar_a95e0f2efad2652f2048670b87894d033_icgraph-eps-converted-to
.pdf Graphic file (type pdf)
<use struct_grammar_a95e0f2efad2652f2048670b87894d033_icgraph-eps-converted-to.
pdf>
Package pdftex.def Info: struct_grammar_a95e0f2efad2652f2048670b87894d033_icgra
ph-eps-converted-to.pdf  used on input line 149.
(pdftex.def)             Requested size: 350.0pt x 66.23451pt.

Underfull \hbox (badness 10000) detected at line 167
[][][]
 []

Package epstopdf Info: Source file: <struct_grammar_a561bf0737bee1806306e3a33be
cde483_icgraph.eps>
(epstopdf)                    date: 2026-10-04 22:45:38
(epstopdf)                    size: 20327 bytes
(epstopdf)             Output file: <struct_grammar_a561bf0737bee1806306e3a33be
cde483_icgraph-eps-converted-to.pdf>
(epstopdf)                    date: 2026-10-04 22:46:03
(epstopdf)                    size: 8977 bytes
(epstopdf)             Command: <repstopdf --outfile=struct_grammar_a561bf0737b
ee1806306e3a33becde483_icgraph-eps-converted-to.pdf struct_grammar_a561bf0737be
e1806306e3a33becde483_icgraph.eps>
(epstopdf)             \includegraphics on input line 175.
Package epstopdf Info: Output file is already uptodate.
 <./struct_grammar_a561bf0737bee1806306e3a33becde483_icgraph-eps-converted-to.p
df>
<struct_grammar_a561bf0737bee1806306e3a33becde483_icgraph-eps-converted-to.pdf,
 id=6850, 1446.40375pt x 257.96375pt>
File: struct_grammar_a561bf0737bee1806306e3a33becde483_icgraph-eps-converted-to
.pdf Graphic file (type pdf)
<use struct_grammar_a561bf0737bee1806306e3a33becde483_icgraph-eps-converted-to.
pdf>
Package pdftex.def Info: struct_grammar_a561bf0737bee1806306e3a33becde483_icgra
ph-eps-converted-to.pdf  used on input line 175.
(pdftex.def)             Requested size: 350.0pt x 62.42032pt.
 [70]
Underfull \hbox (badness 10000) detected at line 193
[][][]
 []

Package epstopdf Info: Source file: <struct_grammar_a833632e1ccfa0f84222a4b7168
cf975e_icgraph.eps>
(epstopdf)                    date: 2026-10-04 22:45:38
(epstopdf)                    size: 20312 bytes
(epstopdf)             Output file: <struct_grammar_a833632e1ccfa0f84222a4b7168
cf975e_icgraph-eps-converted-to.pdf>
(epstopdf)                    date: 2026-10-04 22:46:04
(epstopdf)                    size: 8876 bytes
(epstopdf)             Command: <repstopdf --outfile=struct_grammar_a833632e1cc
fa0f84222a4b7168cf975e_icgraph-eps-converted-to.pdf struct_grammar_a833632e1ccf
a0f84222a4b7168cf975e_icgraph.eps>
(epstopdf)             \includegraphics on input line 201.
Package epstopdf Info: Output file is already uptodate.
 <./struct_grammar_a833632e1ccfa0f84222a4b7168cf975e_icgraph-eps-converted-to.p
df>
<struct_grammar_a833632e1ccfa0f84222a4b7168cf975e_icgraph-eps-converted-to.pdf,
 id=6866, 1428.33624pt x 257.96375pt>
File: struct_grammar_a833632e1ccfa0f84222a4b7168cf975e_icgraph-eps-converted-to
.pdf Graphic file (type pdf)
<use struct_grammar_a833632e1ccfa0f84222a4b7168cf975e_icgraph-eps-converted-to.
pdf>
Package pdftex.def Info: struct_grammar_a833632e1ccfa0f84222a4b7168cf975e_icgra
ph-eps-converted-to.pdf  used on input line 201.
(pdftex.def)             Requested size: 350.0pt x 63.2115pt.

Underfull \hbox (badness 10000) detected at line 223
[][][]
 []

Package epstopdf Info: Source file: <struct_grammar_a022dfdd9e12d6f5396aa7adc4b
5f19ba_cgraph.eps>
(epstopdf)                    date: 2026-10-04 22:45:38
(epstopdf)                    size: 5350 bytes
(epstopdf)             Output file: <struct_grammar_a022dfdd9e12d6f5396aa7adc4b
5f19ba_cgraph-eps-converted-to.pdf>
(epstopdf)                    date: 2026-10-04 22:46:04
(epstopdf)                    size: 5133 bytes
(epstopdf)             Command: <repstopdf --outfile=struct_grammar_a022dfdd9e1
2d6f5396aa7adc4b5f19ba_cgraph-eps-converted-to.pdf struct_grammar_a022dfdd9e12d
6f5396aa7adc4b5f19ba_cgraph.eps>
(epstopdf)             \includegraphics on input line 231.
Package epstopdf Info: Output file is already uptodate.
 <./struct_grammar_a022dfdd9e12d6f5396aa7adc4b5f19ba_cgraph-eps-converted-to.pd
f>
<struct_grammar_a022dfdd9e12d6f5396aa7adc4b5f19ba_cgraph-eps-converted-to.pdf, 
id=6875, 324.21124pt x 27.10126pt>
File: struct_grammar_a022dfdd9e12d6f5396aa7adc4b5f19ba_cgraph-eps-converted-to.
pdf Graphic file (type pdf)
<use struct_grammar_a022dfdd9e12d6f5396aa7adc4b5f19ba_cgraph-eps-converted-to.p
df>
Package pdftex.def Info: struct_grammar_a022dfdd9e12d6f5396aa7adc4b5f19ba_cgrap
h-eps-converted-to.pdf  used on input line 231.
(pdftex.def)             Requested size: 350.0pt x 29.25897pt.
Package epstopdf Info: Source file: <struct_grammar_a022dfdd9e12d6f5396aa7adc4b
5f19ba_icgraph.eps>
(epstopdf)                    date: 2026-10-04 22:45:38
(epstopdf)                    size: 20313 bytes
(epstopdf)             Output file: <struct_grammar_a022dfdd9e12d6f5396aa7adc4b
5f19ba_icgraph-eps-converted-to.pdf>
(epstopdf)                    date: 2026-10-04 22:46:04
(epstopdf)                    size: 8527 bytes
(epstopdf)             Command: <repstopdf --outfile=struct_grammar_a022dfdd9e1
2d6f5396aa7adc4b5f19ba_icgraph-eps-converted-to.pdf struct_grammar_a022dfdd9e12
d6f5396aa7adc4b5f19ba_icgraph.eps>
(epstopdf)             \includegraphics on input line 239.
Package epstopdf Info: Output file is already uptodate.
 <./struct_grammar_a022dfdd9e12d6f5396aa7adc4b5f19ba_icgraph-eps-converted-to.p
df>
<struct_grammar_a022dfdd9e12d6f5396aa7adc4b5f19ba_icgraph-eps-converted-to.pdf,
 id=6882, 1410.26875pt x 257.96375pt>
File: struct_grammar_a022dfdd9e12d6f5396aa7adc4b5f19ba_icgraph-eps-converted-to
.pdf Graphic file (type pdf)
<use struct_grammar_a022dfdd9e12d6f5396aa7adc4b5f19ba_icgraph-eps-converted-to.
pdf>
Package pdftex.def Info: struct_grammar_a022dfdd9e12d6f5396aa7adc4b5f19ba_icgra
ph-eps-converted-to.pdf  used on input line 239.
(pdftex.def)             Requested size: 350.0pt x 64.01842pt.
 [71]
Package epstopdf Info: Source file: <struct_grammar_a1b3e0c211d198cdc9cb1502ae8
815514_icgraph.eps>
(epstopdf)                    date: 2026-10-04 22:45:38
(epstopdf)                    size: 20315 bytes
(epstopdf)             Output file: <struct_grammar_a1b3e0c211d198cdc9cb1502ae8
815514_icgraph-eps-converted-to.pdf>
(epstopdf)                    date: 2026-10-04 22:46:04
(epstopdf)                    size: 8627 bytes
(epstopdf)             Command: <repstopdf --outfile=struct_grammar_a1b3e0c211d
198cdc9cb1502ae8815514_icgraph-eps-converted-to.pdf struct_grammar_a1b3e0c211d1
98cdc9cb1502ae8815514_icgraph.eps>
(epstopdf)             \includegraphics on input line 257.
Package epstopdf Info: Output file is already uptodate.
 <./struct_grammar_a1b3e0c211d198cdc9cb1502ae8815514_icgraph-eps-converted-to.p
df>
<struct_grammar_a1b3e0c211d198cdc9cb1502ae8815514_icgraph-eps-converted-to.pdf,
 id=6898, 1413.28pt x 257.96375pt>
File: struct_grammar_a1b3e0c211d198cdc9cb1502ae8815514_icgraph-eps-converted-to
.pdf Graphic file (type pdf)
<use struct_grammar_a1b3e0c211d198cdc9cb1502ae8815514_icgraph-eps-converted-to.
pdf>
Package pdftex.def Info: struct_grammar_a1b3e0c211d198cdc9cb1502ae8815514_icgra
ph-eps-converted-to.pdf  used on input line 257.
(pdftex.def)             Requested size: 350.0pt x 63.8846pt.

Underfull \hbox (badness 10000) detected at line 277
[][][]
 []

Package epstopdf Info: Source file: <struct_grammar_a753563f170d65c9e286eb171c9
45c495_icgraph.eps>
(epstopdf)                    date: 2026-10-04 22:45:38
(epstopdf)                    size: 21769 bytes
(epstopdf)             Output file: <struct_grammar_a753563f170d65c9e286eb171c9
45c495_icgraph-eps-converted-to.pdf>
(epstopdf)                    date: 2026-10-04 22:46:04
(epstopdf)                    size: 8729 bytes
(epstopdf)             Command: <repstopdf --outfile=struct_grammar_a753563f170
d65c9e286eb171c945c495_icgraph-eps-converted-to.pdf struct_grammar_a753563f170d
65c9e286eb171c945c495_icgraph.eps>
(epstopdf)             \includegraphics on input line 285.
Package epstopdf Info: Output file is already uptodate.
 <./struct_grammar_a753563f170d65c9e286eb171c945c495_icgraph-eps-converted-to.p
df>
<struct_grammar_a753563f170d65c9e286eb171c945c495_icgraph-eps-converted-to.pdf,
 id=6907, 1587.9325pt x 257.96375pt>
File: struct_grammar_a753563f170d65c9e286eb171c945c495_icgraph-eps-converted-to
.pdf Graphic file (type pdf)
<use struct_grammar_a753563f170d65c9e286eb171c945c495_icgraph-eps-converted-to.
pdf>
Package pdftex.def Info: struct_grammar_a753563f170d65c9e286eb171c945c495_icgra
ph-eps-converted-to.pdf  used on input line 285.
(pdftex.def)             Requested size: 350.0pt x 56.85847pt.
Package epstopdf Info: Source file: <struct_grammar_a27ecdbca735ffb275a2bad9d1e
a539c3_icgraph.eps>
(epstopdf)                    date: 2026-10-04 22:45:39
(epstopdf)                    size: 20295 bytes
(epstopdf)             Output file: <struct_grammar_a27ecdbca735ffb275a2bad9d1e
a539c3_icgraph-eps-converted-to.pdf>
(epstopdf)                    date: 2026-10-04 22:46:05
(epstopdf)                    size: 8502 bytes
(epstopdf)             Command: <repstopdf --outfile=struct_grammar_a27ecdbca73
5ffb275a2bad9d1ea539c3_icgraph-eps-converted-to.pdf struct_grammar_a27ecdbca735
ffb275a2bad9d1ea539c3_icgraph.eps>
(epstopdf)             \includegraphics on input line 308.
Package epstopdf Info: Output file is already uptodate.
 <./struct_grammar_a27ecdbca735ffb275a2bad9d1ea539c3_icgraph-eps-converted-to.p
df>
<struct_grammar_a27ecdbca735ffb275a2bad9d1ea539c3_icgraph-eps-converted-to.pdf,
 id=6914, 1377.145pt x 257.96375pt>
File: struct_grammar_a27ecdbca735ffb275a2bad9d1ea539c3_icgraph-eps-converted-to
.pdf Graphic file (type pdf)
<use struct_grammar_a27ecdbca735ffb275a2bad9d1ea539c3_icgraph-eps-converted-to.
pdf>
Package pdftex.def Info: struct_grammar_a27ecdbca735ffb275a2bad9d1ea539c3_icgra
ph-eps-converted-to.pdf  used on input line 308.
(pdftex.def)             Requested size: 350.0pt x 65.56142pt.
 [72]
Underfull \hbox (badness 10000) detected at line 328
[][][]
 []

Package epstopdf Info: Source file: <struct_grammar_add2f414fe2ddf7e578a70c255d
aa1996_cgraph.eps>
(epstopdf)                    date: 2026-10-04 22:45:38
(epstopdf)                    size: 5275 bytes
(epstopdf)             Output file: <struct_grammar_add2f414fe2ddf7e578a70c255d
aa1996_cgraph-eps-converted-to.pdf>
(epstopdf)                    date: 2026-10-04 22:46:05
(epstopdf)                    size: 5233 bytes
(epstopdf)             Command: <repstopdf --outfile=struct_grammar_add2f414fe2
ddf7e578a70c255daa1996_cgraph-eps-converted-to.pdf struct_grammar_add2f414fe2dd
f7e578a70c255daa1996_cgraph.eps>
(epstopdf)             \includegraphics on input line 336.
Package epstopdf Info: Output file is already uptodate.
 <./struct_grammar_add2f414fe2ddf7e578a70c255daa1996_cgraph-eps-converted-to.pd
f>
<struct_grammar_add2f414fe2ddf7e578a70c255daa1996_cgraph-eps-converted-to.pdf, 
id=6929, 213.79875pt x 27.10126pt>
File: struct_grammar_add2f414fe2ddf7e578a70c255daa1996_cgraph-eps-converted-to.
pdf Graphic file (type pdf)
<use struct_grammar_add2f414fe2ddf7e578a70c255daa1996_cgraph-eps-converted-to.p
df>
Package pdftex.def Info: struct_grammar_add2f414fe2ddf7e578a70c255daa1996_cgrap
h-eps-converted-to.pdf  used on input line 336.
(pdftex.def)             Requested size: 249.0pt x 31.56317pt.
Package epstopdf Info: Source file: <struct_grammar_add2f414fe2ddf7e578a70c255d
aa1996_icgraph.eps>
(epstopdf)                    date: 2026-10-04 22:45:38
(epstopdf)                    size: 20275 bytes
(epstopdf)             Output file: <struct_grammar_add2f414fe2ddf7e578a70c255d
aa1996_icgraph-eps-converted-to.pdf>
(epstopdf)                    date: 2026-10-04 22:46:05
(epstopdf)                    size: 8511 bytes
(epstopdf)             Command: <repstopdf --outfile=struct_grammar_add2f414fe2
ddf7e578a70c255daa1996_icgraph-eps-converted-to.pdf struct_grammar_add2f414fe2d
df7e578a70c255daa1996_icgraph.eps>
(epstopdf)             \includegraphics on input line 344.
Package epstopdf Info: Output file is already uptodate.
 <./struct_grammar_add2f414fe2ddf7e578a70c255daa1996_icgraph-eps-converted-to.p
df>
<struct_grammar_add2f414fe2ddf7e578a70c255daa1996_icgraph-eps-converted-to.pdf,
 id=6936, 1354.05875pt x 257.96375pt>
File: struct_grammar_add2f414fe2ddf7e578a70c255daa1996_icgraph-eps-converted-to
.pdf Graphic file (type pdf)
<use struct_grammar_add2f414fe2ddf7e578a70c255daa1996_icgraph-eps-converted-to.
pdf>
Package pdftex.def Info: struct_grammar_add2f414fe2ddf7e578a70c255daa1996_icgra
ph-eps-converted-to.pdf  used on input line 344.
(pdftex.def)             Requested size: 350.0pt x 66.67929pt.
 [73]) (./class_grammar_editor_dialog.tex
Package epstopdf Info: Source file: <class_grammar_editor_dialog__inherit__grap
h.eps>
(epstopdf)                    date: 2026-10-04 22:45:38
(epstopdf)                    size: 5140 bytes
(epstopdf)             Output file: <class_grammar_editor_dialog__inherit__grap
h-eps-converted-to.pdf>
(epstopdf)                    date: 2026-10-04 22:46:05
(epstopdf)                    size: 4898 bytes
(epstopdf)             Command: <repstopdf --outfile=class_grammar_editor_dialo
g__inherit__graph-eps-converted-to.pdf class_grammar_editor_dialog__inherit__gr
aph.eps>
(epstopdf)             \includegraphics on input line 19.
Package epstopdf Info: Output file is already uptodate.
 <./class_grammar_editor_dialog__inherit__graph-eps-converted-to.pdf>
<class_grammar_editor_dialog__inherit__graph-eps-converted-to.pdf, id=6960, 118
.4425pt x 83.31125pt>
File: class_grammar_editor_dialog__inherit__graph-eps-converted-to.pdf Graphic 
file (type pdf)
<use class_grammar_editor_dialog__inherit__graph-eps-converted-to.pdf>
Package pdftex.def Info: class_grammar_editor_dialog__inherit__graph-eps-conver
ted-to.pdf  used on input line 19.
(pdftex.def)             Requested size: 154.0pt x 108.3262pt.
Package epstopdf Info: Source file: <class_grammar_editor_dialog__coll__graph.e
ps>
(epstopdf)                    date: 2026-10-04 22:45:38
(epstopdf)                    size: 5140 bytes
(epstopdf)             Output file: <class_grammar_editor_dialog__coll__graph-e
ps-converted-to.pdf>
(epstopdf)                    date: 2026-10-04 22:46:05
(epstopdf)                    size: 4898 bytes
(epstopdf)             Command: <repstopdf --outfile=class_grammar_editor_dialo
g__coll__graph-eps-converted-to.pdf class_grammar_editor_dialog__coll__graph.ep
s>
(epstopdf)             \includegraphics on input line 29.
Package epstopdf Info: Output file is already uptodate.
 <./class_grammar_editor_dialog__coll__graph-eps-converted-to.pdf>
<class_grammar_editor_dialog__coll__graph-eps-converted-to.pdf, id=6967, 118.44
25pt x 83.31125pt>
File: class_grammar_editor_dialog__coll__graph-eps-converted-to.pdf Graphic fil
e (type pdf)
<use class_grammar_editor_dialog__coll__graph-eps-converted-to.pdf>
Package pdftex.def Info: class_grammar_editor_dialog__coll__graph-eps-converted
-to.pdf  used on input line 29.
(pdftex.def)             Requested size: 154.0pt x 108.3262pt.
 [74]
Package epstopdf Info: Source file: <class_grammar_editor_dialog_a5d7cbecc4f7a1
9e02b00943c1f69ba67_cgraph.eps>
(epstopdf)                    date: 2026-10-04 22:45:38
(epstopdf)                    size: 5930 bytes
(epstopdf)             Output file: <class_grammar_editor_dialog_a5d7cbecc4f7a1
9e02b00943c1f69ba67_cgraph-eps-converted-to.pdf>
(epstopdf)                    date: 2026-10-04 22:46:06
(epstopdf)                    size: 5698 bytes
(epstopdf)             Command: <repstopdf --outfile=class_grammar_editor_dialo
g_a5d7cbecc4f7a19e02b00943c1f69ba67_cgraph-eps-converted-to.pdf class_grammar_e
ditor_dialog_a5d7cbecc4f7a19e02b00943c1f69ba67_cgraph.eps>
(epstopdf)             \includegraphics on input line 110.
Package epstopdf Info: Output file is already uptodate.
 <./class_grammar_editor_dialog_a5d7cbecc4f7a19e02b00943c1f69ba67_cgraph-eps-co
nverted-to.pdf>
<class_grammar_editor_dialog_a5d7cbecc4f7a19e02b00943c1f69ba67_cgraph-eps-conve
rted-to.pdf, id=7007, 256.96pt x 51.19125pt>
File: class_grammar_editor_dialog_a5d7cbecc4f7a19e02b00943c1f69ba67_cgraph-eps-
converted-to.pdf Graphic file (type pdf)
<use class_grammar_editor_dialog_a5d7cbecc4f7a19e02b00943c1f69ba67_cgraph-eps-c
onverted-to.pdf>
Package pdftex.def Info: class_grammar_editor_dialog_a5d7cbecc4f7a19e02b00943c1
f69ba67_cgraph-eps-converted-to.pdf  used on input line 110.
(pdftex.def)             Requested size: 292.0pt x 58.17662pt.
Package epstopdf Info: Source file: <class_grammar_editor_dialog_a69f1b5701d1a9
3cfec6ebc028ff68aac_cgraph.eps>
(epstopdf)                    date: 2026-10-04 22:45:38
(epstopdf)                    size: 5907 bytes
(epstopdf)             Output file: <class_grammar_editor_dialog_a69f1b5701d1a9
3cfec6ebc028ff68aac_cgraph-eps-converted-to.pdf>
(epstopdf)                    date: 2026-10-04 22:46:06
(epstopdf)                    size: 5761 bytes
(epstopdf)             Command: <repstopdf --outfile=class_grammar_editor_dialo
g_a69f1b5701d1a93cfec6ebc028ff68aac_cgraph-eps-converted-to.pdf class_grammar_e
ditor_dialog_a69f1b5701d1a93cfec6ebc028ff68aac_cgraph.eps>
(epstopdf)             \includegraphics on input line 128.
Package epstopdf Info: Output file is already uptodate.
 <./class_grammar_editor_dialog_a69f1b5701d1a93cfec6ebc028ff68aac_cgraph-eps-co
nverted-to.pdf>
<class_grammar_editor_dialog_a69f1b5701d1a93cfec6ebc028ff68aac_cgraph-eps-conve
rted-to.pdf, id=7014, 250.9375pt x 51.19125pt>
File: class_grammar_editor_dialog_a69f1b5701d1a93cfec6ebc028ff68aac_cgraph-eps-
converted-to.pdf Graphic file (type pdf)
<use class_grammar_editor_dialog_a69f1b5701d1a93cfec6ebc028ff68aac_cgraph-eps-c
onverted-to.pdf>
Package pdftex.def Info: class_grammar_editor_dialog_a69f1b5701d1a93cfec6ebc028
ff68aac_cgraph-eps-converted-to.pdf  used on input line 128.
(pdftex.def)             Requested size: 286.0pt x 58.3508pt.
 [75])
(./struct_grammar_factory.tex [76] [77]
Package epstopdf Info: Source file: <struct_grammar_factory_a384f98c92be56b27c6
5e20edebd32bcd_icgraph.eps>
(epstopdf)                    date: 2026-10-04 22:45:38
(epstopdf)                    size: 19345 bytes
(epstopdf)             Output file: <struct_grammar_factory_a384f98c92be56b27c6
5e20edebd32bcd_icgraph-eps-converted-to.pdf>
(epstopdf)                    date: 2026-10-04 22:46:06
(epstopdf)                    size: 8941 bytes
(epstopdf)             Command: <repstopdf --outfile=struct_grammar_factory_a38
4f98c92be56b27c65e20edebd32bcd_icgraph-eps-converted-to.pdf struct_grammar_fact
ory_a384f98c92be56b27c65e20edebd32bcd_icgraph.eps>
(epstopdf)             \includegraphics on input line 114.
Package epstopdf Info: Output file is already uptodate.
 <./struct_grammar_factory_a384f98c92be56b27c65e20edebd32bcd_icgraph-eps-conver
ted-to.pdf>
<struct_grammar_factory_a384f98c92be56b27c65e20edebd32bcd_icgraph-eps-converted
-to.pdf, id=7203, 1494.58376pt x 224.84pt>
File: struct_grammar_factory_a384f98c92be56b27c65e20edebd32bcd_icgraph-eps-conv
erted-to.pdf Graphic file (type pdf)
<use struct_grammar_factory_a384f98c92be56b27c65e20edebd32bcd_icgraph-eps-conve
rted-to.pdf>
Package pdftex.def Info: struct_grammar_factory_a384f98c92be56b27c65e20edebd32b
cd_icgraph-eps-converted-to.pdf  used on input line 114.
(pdftex.def)             Requested size: 350.0pt x 52.65213pt.

Underfull \hbox (badness 10000) detected at line 129
[][][]
 []

Package epstopdf Info: Source file: <struct_grammar_factory_a0048c0c61b253a0f2d
29bcce7c6ead44_cgraph.eps>
(epstopdf)                    date: 2026-10-04 22:45:38
(epstopdf)                    size: 10715 bytes
(epstopdf)             Output file: <struct_grammar_factory_a0048c0c61b253a0f2d
29bcce7c6ead44_cgraph-eps-converted-to.pdf>
(epstopdf)                    date: 2026-10-04 22:46:06
(epstopdf)                    size: 7296 bytes
(epstopdf)             Command: <repstopdf --outfile=struct_grammar_factory_a00
48c0c61b253a0f2d29bcce7c6ead44_cgraph-eps-converted-to.pdf struct_grammar_facto
ry_a0048c0c61b253a0f2d29bcce7c6ead44_cgraph.eps>
(epstopdf)             \includegraphics on input line 137.
Package epstopdf Info: Output file is already uptodate.
 <./struct_grammar_factory_a0048c0c61b253a0f2d29bcce7c6ead44_cgraph-eps-convert
ed-to.pdf>
<struct_grammar_factory_a0048c0c61b253a0f2d29bcce7c6ead44_cgraph-eps-converted-
to.pdf, id=7214, 549.05125pt x 162.6075pt>
File: struct_grammar_factory_a0048c0c61b253a0f2d29bcce7c6ead44_cgraph-eps-conve
rted-to.pdf Graphic file (type pdf)
<use struct_grammar_factory_a0048c0c61b253a0f2d29bcce7c6ead44_cgraph-eps-conver
ted-to.pdf>
Package pdftex.def Info: struct_grammar_factory_a0048c0c61b253a0f2d29bcce7c6ead
44_cgraph-eps-converted-to.pdf  used on input line 137.
(pdftex.def)             Requested size: 350.0pt x 103.65904pt.
Package epstopdf Info: Source file: <struct_grammar_factory_a0048c0c61b253a0f2d
29bcce7c6ead44_icgraph.eps>
(epstopdf)                    date: 2026-10-04 22:45:38
(epstopdf)                    size: 15768 bytes
(epstopdf)             Output file: <struct_grammar_factory_a0048c0c61b253a0f2d
29bcce7c6ead44_icgraph-eps-converted-to.pdf>
(epstopdf)                    date: 2026-10-04 22:46:06
(epstopdf)                    size: 7915 bytes
(epstopdf)             Command: <repstopdf --outfile=struct_grammar_factory_a00
48c0c61b253a0f2d29bcce7c6ead44_icgraph-eps-converted-to.pdf struct_grammar_fact
ory_a0048c0c61b253a0f2d29bcce7c6ead44_icgraph.eps>
(epstopdf)             \includegraphics on input line 145.
Package epstopdf Info: Output file is already uptodate.
 <./struct_grammar_factory_a0048c0c61b253a0f2d29bcce7c6ead44_icgraph-eps-conver
ted-to.pdf>
<struct_grammar_factory_a0048c0c61b253a0f2d29bcce7c6ead44_icgraph-eps-converted
-to.pdf, id=7221, 1292.83pt x 224.84pt>
File: struct_grammar_factory_a0048c0c61b253a0f2d29bcce7c6ead44_icgraph-eps-conv
erted-to.pdf Graphic file (type pdf)
<use struct_grammar_factory_a0048c0c61b253a0f2d29bcce7c6ead44_icgraph-eps-conve
rted-to.pdf>
Package pdftex.def Info: struct_grammar_factory_a0048c0c61b253a0f2d29bcce7c6ead
44_icgraph-eps-converted-to.pdf  used on input line 145.
(pdftex.def)             Requested size: 350.0pt x 60.86885pt.
 [78]
Underfull \hbox (badness 10000) detected at line 167
[][][]
 []

Package epstopdf Info: Source file: <struct_grammar_factory_aca2925bbcb27fa32b0
b53d626dfd7b7e_icgraph.eps>
(epstopdf)                    date: 2026-10-04 22:45:38
(epstopdf)                    size: 8020 bytes
(epstopdf)             Output file: <struct_grammar_factory_aca2925bbcb27fa32b0
b53d626dfd7b7e_icgraph-eps-converted-to.pdf>
(epstopdf)                    date: 2026-10-04 22:46:07
(epstopdf)                    size: 6165 bytes
(epstopdf)             Command: <repstopdf --outfile=struct_grammar_factory_aca
2925bbcb27fa32b0b53d626dfd7b7e_icgraph-eps-converted-to.pdf struct_grammar_fact
ory_aca2925bbcb27fa32b0b53d626dfd7b7e_icgraph.eps>
(epstopdf)             \includegraphics on input line 175.
Package epstopdf Info: Output file is already uptodate.
 <./struct_grammar_factory_aca2925bbcb27fa32b0b53d626dfd7b7e_icgraph-eps-conver
ted-to.pdf>
<struct_grammar_factory_aca2925bbcb27fa32b0b53d626dfd7b7e_icgraph-eps-converted
-to.pdf, id=7237, 540.0175pt x 76.285pt>
File: struct_grammar_factory_aca2925bbcb27fa32b0b53d626dfd7b7e_icgraph-eps-conv
erted-to.pdf Graphic file (type pdf)
<use struct_grammar_factory_aca2925bbcb27fa32b0b53d626dfd7b7e_icgraph-eps-conve
rted-to.pdf>
Package pdftex.def Info: struct_grammar_factory_aca2925bbcb27fa32b0b53d626dfd7b
7e_icgraph-eps-converted-to.pdf  used on input line 175.
(pdftex.def)             Requested size: 350.0pt x 49.4438pt.

Underfull \hbox (badness 10000) detected at line 193
[][][]
 []

Package epstopdf Info: Source file: <struct_grammar_factory_a008edfd357bd31ea65
66c4bc0bca6845_cgraph.eps>
(epstopdf)                    date: 2026-10-04 22:45:38
(epstopdf)                    size: 71831 bytes
(epstopdf)             Output file: <struct_grammar_factory_a008edfd357bd31ea65
66c4bc0bca6845_cgraph-eps-converted-to.pdf>
(epstopdf)                    date: 2026-10-04 22:46:07
(epstopdf)                    size: 18663 bytes
(epstopdf)             Command: <repstopdf --outfile=struct_grammar_factory_a00
8edfd357bd31ea6566c4bc0bca6845_cgraph-eps-converted-to.pdf struct_grammar_facto
ry_a008edfd357bd31ea6566c4bc0bca6845_cgraph.eps>
(epstopdf)             \includegraphics on input line 201.
Package epstopdf Info: Output file is already uptodate.
 <./struct_grammar_factory_a008edfd357bd31ea6566c4bc0bca6845_cgraph-eps-convert
ed-to.pdf>
<struct_grammar_factory_a008edfd357bd31ea6566c4bc0bca6845_cgraph-eps-converted-
to.pdf, id=7246, 1874.00125pt x 1200.485pt>
File: struct_grammar_factory_a008edfd357bd31ea6566c4bc0bca6845_cgraph-eps-conve
rted-to.pdf Graphic file (type pdf)
<use struct_grammar_factory_a008edfd357bd31ea6566c4bc0bca6845_cgraph-eps-conver
ted-to.pdf>
Package pdftex.def Info: struct_grammar_factory_a008edfd357bd31ea6566c4bc0bca68
45_cgraph-eps-converted-to.pdf  used on input line 201.
(pdftex.def)             Requested size: 350.0pt x 224.21112pt.
 [79]
Underfull \hbox (badness 10000) detected at line 219
[][][]
 []

Package epstopdf Info: Source file: <struct_grammar_factory_a9d305dd64af208b12d
6153e1ab63bc38_cgraph.eps>
(epstopdf)                    date: 2026-10-04 22:45:39
(epstopdf)                    size: 76003 bytes
(epstopdf)             Output file: <struct_grammar_factory_a9d305dd64af208b12d
6153e1ab63bc38_cgraph-eps-converted-to.pdf>
(epstopdf)                    date: 2026-10-04 22:46:07
(epstopdf)                    size: 19467 bytes
(epstopdf)             Command: <repstopdf --outfile=struct_grammar_factory_a9d
305dd64af208b12d6153e1ab63bc38_cgraph-eps-converted-to.pdf struct_grammar_facto
ry_a9d305dd64af208b12d6153e1ab63bc38_cgraph.eps>
(epstopdf)             \includegraphics on input line 227.
Package epstopdf Info: Output file is already uptodate.
 <./struct_grammar_factory_a9d305dd64af208b12d6153e1ab63bc38_cgraph-eps-convert
ed-to.pdf>
<struct_grammar_factory_a9d305dd64af208b12d6153e1ab63bc38_cgraph-eps-converted-
to.pdf, id=7263, 1844.8925pt x 1399.2275pt>
File: struct_grammar_factory_a9d305dd64af208b12d6153e1ab63bc38_cgraph-eps-conve
rted-to.pdf Graphic file (type pdf)
<use struct_grammar_factory_a9d305dd64af208b12d6153e1ab63bc38_cgraph-eps-conver
ted-to.pdf>
Package pdftex.def Info: struct_grammar_factory_a9d305dd64af208b12d6153e1ab63bc
38_cgraph-eps-converted-to.pdf  used on input line 227.
(pdftex.def)             Requested size: 350.0pt x 265.45033pt.
 [80]
Underfull \hbox (badness 10000) in paragraph at lines 234--235
|  \T1/pcr/m/n/8 const std::[]unordered[]_[]map$\OML/cmm/m/it/8 <$ \T1/pcr/m/n/
8 std::[]string, std::[]unordered[]_[]set$\OML/cmm/m/it/8 <$ \T1/pcr/m/n/8 std:
:[]string $\OML/cmm/m/it/8 >$ $>$ \T1/pcr/m/n/8 &
 []


Underfull \hbox (badness 10000) detected at line 245
[][][]
 []

Package epstopdf Info: Source file: <struct_grammar_factory_a545a96027491b8858a
a2621f6476385f_icgraph.eps>
(epstopdf)                    date: 2026-10-04 22:45:39
(epstopdf)                    size: 5454 bytes
(epstopdf)             Output file: <struct_grammar_factory_a545a96027491b8858a
a2621f6476385f_icgraph-eps-converted-to.pdf>
(epstopdf)                    date: 2026-10-04 22:46:07
(epstopdf)                    size: 5699 bytes
(epstopdf)             Command: <repstopdf --outfile=struct_grammar_factory_a54
5a96027491b8858aa2621f6476385f_icgraph-eps-converted-to.pdf struct_grammar_fact
ory_a545a96027491b8858aa2621f6476385f_icgraph.eps>
(epstopdf)             \includegraphics on input line 253.
Package epstopdf Info: Output file is already uptodate.
 <./struct_grammar_factory_a545a96027491b8858aa2621f6476385f_icgraph-eps-conver
ted-to.pdf>
<struct_grammar_factory_a545a96027491b8858aa2621f6476385f_icgraph-eps-converted
-to.pdf, id=7276, 330.23375pt x 39.14626pt>
File: struct_grammar_factory_a545a96027491b8858aa2621f6476385f_icgraph-eps-conv
erted-to.pdf Graphic file (type pdf)
<use struct_grammar_factory_a545a96027491b8858aa2621f6476385f_icgraph-eps-conve
rted-to.pdf>
Package pdftex.def Info: struct_grammar_factory_a545a96027491b8858aa2621f647638
5f_icgraph-eps-converted-to.pdf  used on input line 253.
(pdftex.def)             Requested size: 350.0pt x 41.49063pt.
 [81]
Underfull \hbox (badness 10000) detected at line 271
[][][]
 []

Package epstopdf Info: Source file: <struct_grammar_factory_a6bf9e0a5e0808f5616
5d488abde34c5f_icgraph.eps>
(epstopdf)                    date: 2026-10-04 22:45:38
(epstopdf)                    size: 7071 bytes
(epstopdf)             Output file: <struct_grammar_factory_a6bf9e0a5e0808f5616
5d488abde34c5f_icgraph-eps-converted-to.pdf>
(epstopdf)                    date: 2026-10-04 22:46:07
(epstopdf)                    size: 5936 bytes
(epstopdf)             Command: <repstopdf --outfile=struct_grammar_factory_a6b
f9e0a5e0808f56165d488abde34c5f_icgraph-eps-converted-to.pdf struct_grammar_fact
ory_a6bf9e0a5e0808f56165d488abde34c5f_icgraph.eps>
(epstopdf)             \includegraphics on input line 279.
Package epstopdf Info: Output file is already uptodate.
 <./struct_grammar_factory_a6bf9e0a5e0808f56165d488abde34c5f_icgraph-eps-conver
ted-to.pdf>
<struct_grammar_factory_a6bf9e0a5e0808f56165d488abde34c5f_icgraph-eps-converted
-to.pdf, id=7294, 540.0175pt x 60.225pt>
File: struct_grammar_factory_a6bf9e0a5e0808f56165d488abde34c5f_icgraph-eps-conv
erted-to.pdf Graphic file (type pdf)
<use struct_grammar_factory_a6bf9e0a5e0808f56165d488abde34c5f_icgraph-eps-conve
rted-to.pdf>
Package pdftex.def Info: struct_grammar_factory_a6bf9e0a5e0808f56165d488abde34c
5f_icgraph-eps-converted-to.pdf  used on input line 279.
(pdftex.def)             Requested size: 350.0pt x 39.03458pt.

Underfull \hbox (badness 10000) detected at line 297
[][][]
 []

Package epstopdf Info: Source file: <struct_grammar_factory_af8f0bc614939cd7268
fb61c70d10fcb5_cgraph.eps>
(epstopdf)                    date: 2026-10-04 22:45:39
(epstopdf)                    size: 7549 bytes
(epstopdf)             Output file: <struct_grammar_factory_af8f0bc614939cd7268
fb61c70d10fcb5_cgraph-eps-converted-to.pdf>
(epstopdf)                    date: 2026-10-04 22:46:08
(epstopdf)                    size: 6420 bytes
(epstopdf)             Command: <repstopdf --outfile=struct_grammar_factory_af8
f0bc614939cd7268fb61c70d10fcb5_cgraph-eps-converted-to.pdf struct_grammar_facto
ry_af8f0bc614939cd7268fb61c70d10fcb5_cgraph.eps>
(epstopdf)             \includegraphics on input line 305.
Package epstopdf Info: Output file is already uptodate.
 <./struct_grammar_factory_af8f0bc614939cd7268fb61c70d10fcb5_cgraph-eps-convert
ed-to.pdf>
<struct_grammar_factory_af8f0bc614939cd7268fb61c70d10fcb5_cgraph-eps-converted-
to.pdf, id=7303, 332.24126pt x 113.42375pt>
File: struct_grammar_factory_af8f0bc614939cd7268fb61c70d10fcb5_cgraph-eps-conve
rted-to.pdf Graphic file (type pdf)
<use struct_grammar_factory_af8f0bc614939cd7268fb61c70d10fcb5_cgraph-eps-conver
ted-to.pdf>
Package pdftex.def Info: struct_grammar_factory_af8f0bc614939cd7268fb61c70d10fc
b5_cgraph-eps-converted-to.pdf  used on input line 305.
(pdftex.def)             Requested size: 350.0pt x 119.49304pt.
 [82]
Underfull \hbox (badness 10000) detected at line 323
[][][]
 []

Package epstopdf Info: Source file: <struct_grammar_factory_a289b675f7307cbbd98
6d3684ceefc8db_cgraph.eps>
(epstopdf)                    date: 2026-10-04 22:45:38
(epstopdf)                    size: 5469 bytes
(epstopdf)             Output file: <struct_grammar_factory_a289b675f7307cbbd98
6d3684ceefc8db_cgraph-eps-converted-to.pdf>
(epstopdf)                    date: 2026-10-04 22:46:08
(epstopdf)                    size: 5714 bytes
(epstopdf)             Command: <repstopdf --outfile=struct_grammar_factory_a28
9b675f7307cbbd986d3684ceefc8db_cgraph-eps-converted-to.pdf struct_grammar_facto
ry_a289b675f7307cbbd986d3684ceefc8db_cgraph.eps>
(epstopdf)             \includegraphics on input line 331.
Package epstopdf Info: Output file is already uptodate.
 <./struct_grammar_factory_a289b675f7307cbbd986d3684ceefc8db_cgraph-eps-convert
ed-to.pdf>
<struct_grammar_factory_a289b675f7307cbbd986d3684ceefc8db_cgraph-eps-converted-
to.pdf, id=7321, 355.3275pt x 39.14626pt>
File: struct_grammar_factory_a289b675f7307cbbd986d3684ceefc8db_cgraph-eps-conve
rted-to.pdf Graphic file (type pdf)
<use struct_grammar_factory_a289b675f7307cbbd986d3684ceefc8db_cgraph-eps-conver
ted-to.pdf>
Package pdftex.def Info: struct_grammar_factory_a289b675f7307cbbd986d3684ceefc8
db_cgraph-eps-converted-to.pdf  used on input line 331.
(pdftex.def)             Requested size: 350.0pt x 38.56076pt.
Package epstopdf Info: Source file: <struct_grammar_factory_a289b675f7307cbbd98
6d3684ceefc8db_icgraph.eps>
(epstopdf)                    date: 2026-10-04 22:45:38
(epstopdf)                    size: 6465 bytes
(epstopdf)             Output file: <struct_grammar_factory_a289b675f7307cbbd98
6d3684ceefc8db_icgraph-eps-converted-to.pdf>
(epstopdf)                    date: 2026-10-04 22:46:08
(epstopdf)                    size: 5899 bytes
(epstopdf)             Command: <repstopdf --outfile=struct_grammar_factory_a28
9b675f7307cbbd986d3684ceefc8db_icgraph-eps-converted-to.pdf struct_grammar_fact
ory_a289b675f7307cbbd986d3684ceefc8db_icgraph.eps>
(epstopdf)             \includegraphics on input line 339.
Package epstopdf Info: Output file is already uptodate.
 <./struct_grammar_factory_a289b675f7307cbbd986d3684ceefc8db_icgraph-eps-conver
ted-to.pdf>
<struct_grammar_factory_a289b675f7307cbbd986d3684ceefc8db_icgraph-eps-converted
-to.pdf, id=7328, 392.46625pt x 64.24pt>
File: struct_grammar_factory_a289b675f7307cbbd986d3684ceefc8db_icgraph-eps-conv
erted-to.pdf Graphic file (type pdf)
<use struct_grammar_factory_a289b675f7307cbbd986d3684ceefc8db_icgraph-eps-conve
rted-to.pdf>
Package pdftex.def Info: struct_grammar_factory_a289b675f7307cbbd986d3684ceefc8
db_icgraph-eps-converted-to.pdf  used on input line 339.
(pdftex.def)             Requested size: 350.0pt x 57.293pt.

Underfull \hbox (badness 10000) detected at line 374
[][][]
 []

Package epstopdf Info: Source file: <struct_grammar_factory_a7bebc5a4fe3d80cf03
8767fe99b88883_cgraph.eps>
(epstopdf)                    date: 2026-10-04 22:45:38
(epstopdf)                    size: 5325 bytes
(epstopdf)             Output file: <struct_grammar_factory_a7bebc5a4fe3d80cf03
8767fe99b88883_cgraph-eps-converted-to.pdf>
(epstopdf)                    date: 2026-10-04 22:46:08
(epstopdf)                    size: 5555 bytes
(epstopdf)             Command: <repstopdf --outfile=struct_grammar_factory_a7b
ebc5a4fe3d80cf038767fe99b88883_cgraph-eps-converted-to.pdf struct_grammar_facto
ry_a7bebc5a4fe3d80cf038767fe99b88883_cgraph.eps>
(epstopdf)             \includegraphics on input line 382.
Package epstopdf Info: Output file is already uptodate.
 <./struct_grammar_factory_a7bebc5a4fe3d80cf038767fe99b88883_cgraph-eps-convert
ed-to.pdf>
<struct_grammar_factory_a7bebc5a4fe3d80cf038767fe99b88883_cgraph-eps-converted-
to.pdf, id=7339, 319.1925pt x 27.10126pt>
File: struct_grammar_factory_a7bebc5a4fe3d80cf038767fe99b88883_cgraph-eps-conve
rted-to.pdf Graphic file (type pdf)
<use struct_grammar_factory_a7bebc5a4fe3d80cf038767fe99b88883_cgraph-eps-conver
ted-to.pdf>
Package pdftex.def Info: struct_grammar_factory_a7bebc5a4fe3d80cf038767fe99b888
83_cgraph-eps-converted-to.pdf  used on input line 382.
(pdftex.def)             Requested size: 350.0pt x 29.71718pt.
Package epstopdf Info: Source file: <struct_grammar_factory_a7bebc5a4fe3d80cf03
8767fe99b88883_icgraph.eps>
(epstopdf)                    date: 2026-10-04 22:45:38
(epstopdf)                    size: 6349 bytes
(epstopdf)             Output file: <struct_grammar_factory_a7bebc5a4fe3d80cf03
8767fe99b88883_icgraph-eps-converted-to.pdf>
(epstopdf)                    date: 2026-10-04 22:46:08
(epstopdf)                    size: 5697 bytes
(epstopdf)             Command: <repstopdf --outfile=struct_grammar_factory_a7b
ebc5a4fe3d80cf038767fe99b88883_icgraph-eps-converted-to.pdf struct_grammar_fact
ory_a7bebc5a4fe3d80cf038767fe99b88883_icgraph.eps>
(epstopdf)             \includegraphics on input line 390.
Package epstopdf Info: Output file is already uptodate.
 <./struct_grammar_factory_a7bebc5a4fe3d80cf038767fe99b88883_icgraph-eps-conver
ted-to.pdf>
<struct_grammar_factory_a7bebc5a4fe3d80cf038767fe99b88883_icgraph-eps-converted
-to.pdf, id=7346, 357.335pt x 64.24pt>
File: struct_grammar_factory_a7bebc5a4fe3d80cf038767fe99b88883_icgraph-eps-conv
erted-to.pdf Graphic file (type pdf)
<use struct_grammar_factory_a7bebc5a4fe3d80cf038767fe99b88883_icgraph-eps-conve
rted-to.pdf>
Package pdftex.def Info: struct_grammar_factory_a7bebc5a4fe3d80cf038767fe99b888
83_icgraph-eps-converted-to.pdf  used on input line 390.
(pdftex.def)             Requested size: 350.0pt x 62.92438pt.
 [83]
Package epstopdf Info: Source file: <struct_grammar_factory_a0248fb175bd5ddaae3
0e82e7d1b3304c_cgraph.eps>
(epstopdf)                    date: 2026-10-04 22:45:38
(epstopdf)                    size: 8683 bytes
(epstopdf)             Output file: <struct_grammar_factory_a0248fb175bd5ddaae3
0e82e7d1b3304c_cgraph-eps-converted-to.pdf>
(epstopdf)                    date: 2026-10-04 22:46:09
(epstopdf)                    size: 6867 bytes
(epstopdf)             Command: <repstopdf --outfile=struct_grammar_factory_a02
48fb175bd5ddaae30e82e7d1b3304c_cgraph-eps-converted-to.pdf struct_grammar_facto
ry_a0248fb175bd5ddaae30e82e7d1b3304c_cgraph.eps>
(epstopdf)             \includegraphics on input line 429.
Package epstopdf Info: Output file is already uptodate.
 <./struct_grammar_factory_a0248fb175bd5ddaae30e82e7d1b3304c_cgraph-eps-convert
ed-to.pdf>
<struct_grammar_factory_a0248fb175bd5ddaae30e82e7d1b3304c_cgraph-eps-converted-
to.pdf, id=7364, 367.3725pt x 162.6075pt>
File: struct_grammar_factory_a0248fb175bd5ddaae30e82e7d1b3304c_cgraph-eps-conve
rted-to.pdf Graphic file (type pdf)
<use struct_grammar_factory_a0248fb175bd5ddaae30e82e7d1b3304c_cgraph-eps-conver
ted-to.pdf>
Package pdftex.def Info: struct_grammar_factory_a0248fb175bd5ddaae30e82e7d1b330
4c_cgraph-eps-converted-to.pdf  used on input line 429.
(pdftex.def)             Requested size: 350.0pt x 154.92783pt.
Package epstopdf Info: Source file: <struct_grammar_factory_a0248fb175bd5ddaae3
0e82e7d1b3304c_icgraph.eps>
(epstopdf)                    date: 2026-10-04 22:45:38
(epstopdf)                    size: 5365 bytes
(epstopdf)             Output file: <struct_grammar_factory_a0248fb175bd5ddaae3
0e82e7d1b3304c_icgraph-eps-converted-to.pdf>
(epstopdf)                    date: 2026-10-04 22:46:09
(epstopdf)                    size: 5157 bytes
(epstopdf)             Command: <repstopdf --outfile=struct_grammar_factory_a02
48fb175bd5ddaae30e82e7d1b3304c_icgraph-eps-converted-to.pdf struct_grammar_fact
ory_a0248fb175bd5ddaae30e82e7d1b3304c_icgraph.eps>
(epstopdf)             \includegraphics on input line 437.
Package epstopdf Info: Output file is already uptodate.
 <./struct_grammar_factory_a0248fb175bd5ddaae30e82e7d1b3304c_icgraph-eps-conver
ted-to.pdf>
<struct_grammar_factory_a0248fb175bd5ddaae30e82e7d1b3304c_icgraph-eps-converted
-to.pdf, id=7371, 367.3725pt x 27.10126pt>
File: struct_grammar_factory_a0248fb175bd5ddaae30e82e7d1b3304c_icgraph-eps-conv
erted-to.pdf Graphic file (type pdf)
<use struct_grammar_factory_a0248fb175bd5ddaae30e82e7d1b3304c_icgraph-eps-conve
rted-to.pdf>
Package pdftex.def Info: struct_grammar_factory_a0248fb175bd5ddaae30e82e7d1b330
4c_icgraph-eps-converted-to.pdf  used on input line 437.
(pdftex.def)             Requested size: 350.0pt x 25.82129pt.

Underfull \hbox (badness 10000) detected at line 457
[][][]
 []

Package epstopdf Info: Source file: <struct_grammar_factory_ab6c2988168d6b13fc7
d166f22c708003_icgraph.eps>
(epstopdf)                    date: 2026-10-04 22:45:38
(epstopdf)                    size: 6469 bytes
(epstopdf)             Output file: <struct_grammar_factory_ab6c2988168d6b13fc7
d166f22c708003_icgraph-eps-converted-to.pdf>
(epstopdf)                    date: 2026-10-04 22:46:09
(epstopdf)                    size: 5843 bytes
(epstopdf)             Command: <repstopdf --outfile=struct_grammar_factory_ab6
c2988168d6b13fc7d166f22c708003_icgraph-eps-converted-to.pdf struct_grammar_fact
ory_ab6c2988168d6b13fc7d166f22c708003_icgraph.eps>
(epstopdf)             \includegraphics on input line 465.
Package epstopdf Info: Output file is already uptodate.
 <./struct_grammar_factory_ab6c2988168d6b13fc7d166f22c708003_icgraph-eps-conver
ted-to.pdf>
<struct_grammar_factory_ab6c2988168d6b13fc7d166f22c708003_icgraph-eps-converted
-to.pdf, id=7380, 574.145pt x 39.14626pt>
File: struct_grammar_factory_ab6c2988168d6b13fc7d166f22c708003_icgraph-eps-conv
erted-to.pdf Graphic file (type pdf)
<use struct_grammar_factory_ab6c2988168d6b13fc7d166f22c708003_icgraph-eps-conve
rted-to.pdf>
Package pdftex.def Info: struct_grammar_factory_ab6c2988168d6b13fc7d166f22c7080
03_icgraph-eps-converted-to.pdf  used on input line 465.
(pdftex.def)             Requested size: 350.0pt x 23.86423pt.
 [84]
Underfull \hbox (badness 10000) detected at line 478
[][][]
 []

Package epstopdf Info: Source file: <struct_grammar_factory_a4aa75c7d88bef41863
9ca3ba5ee3404b_cgraph.eps>
(epstopdf)                    date: 2026-10-04 22:45:38
(epstopdf)                    size: 16079 bytes
(epstopdf)             Output file: <struct_grammar_factory_a4aa75c7d88bef41863
9ca3ba5ee3404b_cgraph-eps-converted-to.pdf>
(epstopdf)                    date: 2026-10-04 22:46:09
(epstopdf)                    size: 8572 bytes
(epstopdf)             Command: <repstopdf --outfile=struct_grammar_factory_a4a
a75c7d88bef418639ca3ba5ee3404b_cgraph-eps-converted-to.pdf struct_grammar_facto
ry_a4aa75c7d88bef418639ca3ba5ee3404b_cgraph.eps>
(epstopdf)             \includegraphics on input line 486.
Package epstopdf Info: Output file is already uptodate.
 <./struct_grammar_factory_a4aa75c7d88bef418639ca3ba5ee3404b_cgraph-eps-convert
ed-to.pdf>
<struct_grammar_factory_a4aa75c7d88bef418639ca3ba5ee3404b_cgraph-eps-converted-
to.pdf, id=7397, 647.41875pt x 326.21875pt>
File: struct_grammar_factory_a4aa75c7d88bef418639ca3ba5ee3404b_cgraph-eps-conve
rted-to.pdf Graphic file (type pdf)
<use struct_grammar_factory_a4aa75c7d88bef418639ca3ba5ee3404b_cgraph-eps-conver
ted-to.pdf>
Package pdftex.def Info: struct_grammar_factory_a4aa75c7d88bef418639ca3ba5ee340
4b_cgraph-eps-converted-to.pdf  used on input line 486.
(pdftex.def)             Requested size: 350.0pt x 176.3546pt.
Package epstopdf Info: Source file: <struct_grammar_factory_a4aa75c7d88bef41863
9ca3ba5ee3404b_icgraph.eps>
(epstopdf)                    date: 2026-10-04 22:45:38
(epstopdf)                    size: 7312 bytes
(epstopdf)             Output file: <struct_grammar_factory_a4aa75c7d88bef41863
9ca3ba5ee3404b_icgraph-eps-converted-to.pdf>
(epstopdf)                    date: 2026-10-04 22:46:10
(epstopdf)                    size: 5864 bytes
(epstopdf)             Command: <repstopdf --outfile=struct_grammar_factory_a4a
a75c7d88bef418639ca3ba5ee3404b_icgraph-eps-converted-to.pdf struct_grammar_fact
ory_a4aa75c7d88bef418639ca3ba5ee3404b_icgraph.eps>
(epstopdf)             \includegraphics on input line 494.
Package epstopdf Info: Output file is already uptodate.
 <./struct_grammar_factory_a4aa75c7d88bef418639ca3ba5ee3404b_icgraph-eps-conver
ted-to.pdf>
<struct_grammar_factory_a4aa75c7d88bef418639ca3ba5ee3404b_icgraph-eps-converted
-to.pdf, id=7404, 504.88625pt x 64.24pt>
File: struct_grammar_factory_a4aa75c7d88bef418639ca3ba5ee3404b_icgraph-eps-conv
erted-to.pdf Graphic file (type pdf)
<use struct_grammar_factory_a4aa75c7d88bef418639ca3ba5ee3404b_icgraph-eps-conve
rted-to.pdf>
Package pdftex.def Info: struct_grammar_factory_a4aa75c7d88bef418639ca3ba5ee340
4b_icgraph-eps-converted-to.pdf  used on input line 494.
(pdftex.def)             Requested size: 350.0pt x 44.53345pt.

Underfull \hbox (badness 10000) detected at line 507
[][][]
 []

Package epstopdf Info: Source file: <struct_grammar_factory_a5368eb47dd1f9d7de0
83c41c0250e7e4_cgraph.eps>
(epstopdf)                    date: 2026-10-04 22:45:38
(epstopdf)                    size: 23455 bytes
(epstopdf)             Output file: <struct_grammar_factory_a5368eb47dd1f9d7de0
83c41c0250e7e4_cgraph-eps-converted-to.pdf>
(epstopdf)                    date: 2026-10-04 22:46:10
(epstopdf)                    size: 10046 bytes
(epstopdf)             Command: <repstopdf --outfile=struct_grammar_factory_a53
68eb47dd1f9d7de083c41c0250e7e4_cgraph-eps-converted-to.pdf struct_grammar_facto
ry_a5368eb47dd1f9d7de083c41c0250e7e4_cgraph.eps>
(epstopdf)             \includegraphics on input line 515.
Package epstopdf Info: Output file is already uptodate.
 <./struct_grammar_factory_a5368eb47dd1f9d7de083c41c0250e7e4_cgraph-eps-convert
ed-to.pdf>
<struct_grammar_factory_a5368eb47dd1f9d7de083c41c0250e7e4_cgraph-eps-converted-
to.pdf, id=7413, 705.63625pt x 498.86375pt>
File: struct_grammar_factory_a5368eb47dd1f9d7de083c41c0250e7e4_cgraph-eps-conve
rted-to.pdf Graphic file (type pdf)
<use struct_grammar_factory_a5368eb47dd1f9d7de083c41c0250e7e4_cgraph-eps-conver
ted-to.pdf>
Package pdftex.def Info: struct_grammar_factory_a5368eb47dd1f9d7de083c41c0250e7
e4_cgraph-eps-converted-to.pdf  used on input line 515.
(pdftex.def)             Requested size: 350.0pt x 247.4369pt.
 [85]
Package epstopdf Info: Source file: <struct_grammar_factory_a5368eb47dd1f9d7de0
83c41c0250e7e4_icgraph.eps>
(epstopdf)                    date: 2026-10-04 22:45:38
(epstopdf)                    size: 7312 bytes
(epstopdf)             Output file: <struct_grammar_factory_a5368eb47dd1f9d7de0
83c41c0250e7e4_icgraph-eps-converted-to.pdf>
(epstopdf)                    date: 2026-10-04 22:46:10
(epstopdf)                    size: 5970 bytes
(epstopdf)             Command: <repstopdf --outfile=struct_grammar_factory_a53
68eb47dd1f9d7de083c41c0250e7e4_icgraph-eps-converted-to.pdf struct_grammar_fact
ory_a5368eb47dd1f9d7de083c41c0250e7e4_icgraph.eps>
(epstopdf)             \includegraphics on input line 523.
Package epstopdf Info: Output file is already uptodate.
 <./struct_grammar_factory_a5368eb47dd1f9d7de083c41c0250e7e4_icgraph-eps-conver
ted-to.pdf>
<struct_grammar_factory_a5368eb47dd1f9d7de083c41c0250e7e4_icgraph-eps-converted
-to.pdf, id=7428, 504.88625pt x 64.24pt>
File: struct_grammar_factory_a5368eb47dd1f9d7de083c41c0250e7e4_icgraph-eps-conv
erted-to.pdf Graphic file (type pdf)
<use struct_grammar_factory_a5368eb47dd1f9d7de083c41c0250e7e4_icgraph-eps-conve
rted-to.pdf>
Package pdftex.def Info: struct_grammar_factory_a5368eb47dd1f9d7de083c41c0250e7
e4_icgraph-eps-converted-to.pdf  used on input line 523.
(pdftex.def)             Requested size: 350.0pt x 44.53345pt.

Underfull \hbox (badness 10000) detected at line 536
[][][]
 []

Package epstopdf Info: Source file: <struct_grammar_factory_aa5d138c30fed1776d3
7e6fa63e1048fc_cgraph.eps>
(epstopdf)                    date: 2026-10-04 22:45:38
(epstopdf)                    size: 24989 bytes
(epstopdf)             Output file: <struct_grammar_factory_aa5d138c30fed1776d3
7e6fa63e1048fc_cgraph-eps-converted-to.pdf>
(epstopdf)                    date: 2026-10-04 22:46:10
(epstopdf)                    size: 10500 bytes
(epstopdf)             Command: <repstopdf --outfile=struct_grammar_factory_aa5
d138c30fed1776d37e6fa63e1048fc_cgraph-eps-converted-to.pdf struct_grammar_facto
ry_aa5d138c30fed1776d37e6fa63e1048fc_cgraph.eps>
(epstopdf)             \includegraphics on input line 544.
Package epstopdf Info: Output file is already uptodate.
 <./struct_grammar_factory_aa5d138c30fed1776d37e6fa63e1048fc_cgraph-eps-convert
ed-to.pdf>
<struct_grammar_factory_aa5d138c30fed1776d37e6fa63e1048fc_cgraph-eps-converted-
to.pdf, id=7437, 705.63625pt x 498.86375pt>
File: struct_grammar_factory_aa5d138c30fed1776d37e6fa63e1048fc_cgraph-eps-conve
rted-to.pdf Graphic file (type pdf)
<use struct_grammar_factory_aa5d138c30fed1776d37e6fa63e1048fc_cgraph-eps-conver
ted-to.pdf>
Package pdftex.def Info: struct_grammar_factory_aa5d138c30fed1776d37e6fa63e1048
fc_cgraph-eps-converted-to.pdf  used on input line 544.
(pdftex.def)             Requested size: 350.0pt x 247.4369pt.
 [86]
Package epstopdf Info: Source file: <struct_grammar_factory_aa5d138c30fed1776d3
7e6fa63e1048fc_icgraph.eps>
(epstopdf)                    date: 2026-10-04 22:45:38
(epstopdf)                    size: 13304 bytes
(epstopdf)             Output file: <struct_grammar_factory_aa5d138c30fed1776d3
7e6fa63e1048fc_icgraph-eps-converted-to.pdf>
(epstopdf)                    date: 2026-10-04 22:46:10
(epstopdf)                    size: 7254 bytes
(epstopdf)             Command: <repstopdf --outfile=struct_grammar_factory_aa5
d138c30fed1776d37e6fa63e1048fc_icgraph-eps-converted-to.pdf struct_grammar_fact
ory_aa5d138c30fed1776d37e6fa63e1048fc_icgraph.eps>
(epstopdf)             \includegraphics on input line 552.
Package epstopdf Info: Output file is already uptodate.
 <./struct_grammar_factory_aa5d138c30fed1776d37e6fa63e1048fc_icgraph-eps-conver
ted-to.pdf>
<struct_grammar_factory_aa5d138c30fed1776d37e6fa63e1048fc_icgraph-eps-converted
-to.pdf, id=7450, 1096.095pt x 170.6375pt>
File: struct_grammar_factory_aa5d138c30fed1776d37e6fa63e1048fc_icgraph-eps-conv
erted-to.pdf Graphic file (type pdf)
<use struct_grammar_factory_aa5d138c30fed1776d37e6fa63e1048fc_icgraph-eps-conve
rted-to.pdf>
Package pdftex.def Info: struct_grammar_factory_aa5d138c30fed1776d37e6fa63e1048
fc_icgraph-eps-converted-to.pdf  used on input line 552.
(pdftex.def)             Requested size: 350.0pt x 54.48793pt.

Underfull \hbox (badness 10000) detected at line 567
[][][]
 []

Package epstopdf Info: Source file: <struct_grammar_factory_a8e3ce26320d4bd74ba
47a4f4d5c4ba4f_cgraph.eps>
(epstopdf)                    date: 2026-10-04 22:45:38
(epstopdf)                    size: 27927 bytes
(epstopdf)             Output file: <struct_grammar_factory_a8e3ce26320d4bd74ba
47a4f4d5c4ba4f_cgraph-eps-converted-to.pdf>
(epstopdf)                    date: 2026-10-04 22:46:11
(epstopdf)                    size: 11036 bytes
(epstopdf)             Command: <repstopdf --outfile=struct_grammar_factory_a8e
3ce26320d4bd74ba47a4f4d5c4ba4f_cgraph-eps-converted-to.pdf struct_grammar_facto
ry_a8e3ce26320d4bd74ba47a4f4d5c4ba4f_cgraph.eps>
(epstopdf)             \includegraphics on input line 575.
Package epstopdf Info: Output file is already uptodate.
 <./struct_grammar_factory_a8e3ce26320d4bd74ba47a4f4d5c4ba4f_cgraph-eps-convert
ed-to.pdf>
<struct_grammar_factory_a8e3ce26320d4bd74ba47a4f4d5c4ba4f_cgraph-eps-converted-
to.pdf, id=7459, 853.1875pt x 498.86375pt>
File: struct_grammar_factory_a8e3ce26320d4bd74ba47a4f4d5c4ba4f_cgraph-eps-conve
rted-to.pdf Graphic file (type pdf)
<use struct_grammar_factory_a8e3ce26320d4bd74ba47a4f4d5c4ba4f_cgraph-eps-conver
ted-to.pdf>
Package pdftex.def Info: struct_grammar_factory_a8e3ce26320d4bd74ba47a4f4d5c4ba
4f_cgraph-eps-converted-to.pdf  used on input line 575.
(pdftex.def)             Requested size: 350.0pt x 204.64964pt.
 [87]
Package epstopdf Info: Source file: <struct_grammar_factory_a8e3ce26320d4bd74ba
47a4f4d5c4ba4f_icgraph.eps>
(epstopdf)                    date: 2026-10-04 22:45:38
(epstopdf)                    size: 11601 bytes
(epstopdf)             Output file: <struct_grammar_factory_a8e3ce26320d4bd74ba
47a4f4d5c4ba4f_icgraph-eps-converted-to.pdf>
(epstopdf)                    date: 2026-10-04 22:46:11
(epstopdf)                    size: 6880 bytes
(epstopdf)             Command: <repstopdf --outfile=struct_grammar_factory_a8e
3ce26320d4bd74ba47a4f4d5c4ba4f_icgraph-eps-converted-to.pdf struct_grammar_fact
ory_a8e3ce26320d4bd74ba47a4f4d5c4ba4f_icgraph.eps>
(epstopdf)             \includegraphics on input line 583.
Package epstopdf Info: Output file is already uptodate.
 <./struct_grammar_factory_a8e3ce26320d4bd74ba47a4f4d5c4ba4f_icgraph-eps-conver
ted-to.pdf>
<struct_grammar_factory_a8e3ce26320d4bd74ba47a4f4d5c4ba4f_icgraph-eps-converted
-to.pdf, id=7473, 948.54375pt x 122.4575pt>
File: struct_grammar_factory_a8e3ce26320d4bd74ba47a4f4d5c4ba4f_icgraph-eps-conv
erted-to.pdf Graphic file (type pdf)
<use struct_grammar_factory_a8e3ce26320d4bd74ba47a4f4d5c4ba4f_icgraph-eps-conve
rted-to.pdf>
Package pdftex.def Info: struct_grammar_factory_a8e3ce26320d4bd74ba47a4f4d5c4ba
4f_icgraph-eps-converted-to.pdf  used on input line 583.
(pdftex.def)             Requested size: 350.0pt x 45.18523pt.

Underfull \hbox (badness 10000) detected at line 598
[][][]
 []

Package epstopdf Info: Source file: <struct_grammar_factory_a6c928859881a49c81e
c6be76a36c74d7_cgraph.eps>
(epstopdf)                    date: 2026-10-04 22:45:38
(epstopdf)                    size: 31609 bytes
(epstopdf)             Output file: <struct_grammar_factory_a6c928859881a49c81e
c6be76a36c74d7_cgraph-eps-converted-to.pdf>
(epstopdf)                    date: 2026-10-04 22:46:11
(epstopdf)                    size: 11762 bytes
(epstopdf)             Command: <repstopdf --outfile=struct_grammar_factory_a6c
928859881a49c81ec6be76a36c74d7_cgraph-eps-converted-to.pdf struct_grammar_facto
ry_a6c928859881a49c81ec6be76a36c74d7_cgraph.eps>
(epstopdf)             \includegraphics on input line 606.
Package epstopdf Info: Output file is already uptodate.
 <./struct_grammar_factory_a6c928859881a49c81ec6be76a36c74d7_cgraph-eps-convert
ed-to.pdf>
<struct_grammar_factory_a6c928859881a49c81ec6be76a36c74d7_cgraph-eps-converted-
to.pdf, id=7482, 1000.73875pt x 548.0475pt>
File: struct_grammar_factory_a6c928859881a49c81ec6be76a36c74d7_cgraph-eps-conve
rted-to.pdf Graphic file (type pdf)
<use struct_grammar_factory_a6c928859881a49c81ec6be76a36c74d7_cgraph-eps-conver
ted-to.pdf>
Package pdftex.def Info: struct_grammar_factory_a6c928859881a49c81ec6be76a36c74
d7_cgraph-eps-converted-to.pdf  used on input line 606.
(pdftex.def)             Requested size: 350.0pt x 191.67732pt.
 [88]
Package epstopdf Info: Source file: <struct_grammar_factory_a6c928859881a49c81e
c6be76a36c74d7_icgraph.eps>
(epstopdf)                    date: 2026-10-04 22:45:38
(epstopdf)                    size: 10133 bytes
(epstopdf)             Output file: <struct_grammar_factory_a6c928859881a49c81e
c6be76a36c74d7_icgraph-eps-converted-to.pdf>
(epstopdf)                    date: 2026-10-04 22:46:11
(epstopdf)                    size: 6582 bytes
(epstopdf)             Command: <repstopdf --outfile=struct_grammar_factory_a6c
928859881a49c81ec6be76a36c74d7_icgraph-eps-converted-to.pdf struct_grammar_fact
ory_a6c928859881a49c81ec6be76a36c74d7_icgraph.eps>
(epstopdf)             \includegraphics on input line 614.
Package epstopdf Info: Output file is already uptodate.
 <./struct_grammar_factory_a6c928859881a49c81ec6be76a36c74d7_icgraph-eps-conver
ted-to.pdf>
<struct_grammar_factory_a6c928859881a49c81ec6be76a36c74d7_icgraph-eps-converted
-to.pdf, id=7495, 800.9925pt x 84.315pt>
File: struct_grammar_factory_a6c928859881a49c81ec6be76a36c74d7_icgraph-eps-conv
erted-to.pdf Graphic file (type pdf)
<use struct_grammar_factory_a6c928859881a49c81ec6be76a36c74d7_icgraph-eps-conve
rted-to.pdf>
Package pdftex.def Info: struct_grammar_factory_a6c928859881a49c81ec6be76a36c74
d7_icgraph-eps-converted-to.pdf  used on input line 614.
(pdftex.def)             Requested size: 350.0pt x 36.84268pt.

Underfull \hbox (badness 10000) detected at line 629
[][][]
 []

Package epstopdf Info: Source file: <struct_grammar_factory_a06b08500014ade97db
2a3b6fd72096d9_cgraph.eps>
(epstopdf)                    date: 2026-10-04 22:45:38
(epstopdf)                    size: 34672 bytes
(epstopdf)             Output file: <struct_grammar_factory_a06b08500014ade97db
2a3b6fd72096d9_cgraph-eps-converted-to.pdf>
(epstopdf)                    date: 2026-10-04 22:46:11
(epstopdf)                    size: 12436 bytes
(epstopdf)             Command: <repstopdf --outfile=struct_grammar_factory_a06
b08500014ade97db2a3b6fd72096d9_cgraph-eps-converted-to.pdf struct_grammar_facto
ry_a06b08500014ade97db2a3b6fd72096d9_cgraph.eps>
(epstopdf)             \includegraphics on input line 637.
Package epstopdf Info: Output file is already uptodate.
 <./struct_grammar_factory_a06b08500014ade97db2a3b6fd72096d9_cgraph-eps-convert
ed-to.pdf>
<struct_grammar_factory_a06b08500014ade97db2a3b6fd72096d9_cgraph-eps-converted-
to.pdf, id=7504, 1149.29375pt x 736.7525pt>
File: struct_grammar_factory_a06b08500014ade97db2a3b6fd72096d9_cgraph-eps-conve
rted-to.pdf Graphic file (type pdf)
<use struct_grammar_factory_a06b08500014ade97db2a3b6fd72096d9_cgraph-eps-conver
ted-to.pdf>
Package pdftex.def Info: struct_grammar_factory_a06b08500014ade97db2a3b6fd72096
d9_cgraph-eps-converted-to.pdf  used on input line 637.
(pdftex.def)             Requested size: 350.0pt x 224.3663pt.
 [89]
Package epstopdf Info: Source file: <struct_grammar_factory_a06b08500014ade97db
2a3b6fd72096d9_icgraph.eps>
(epstopdf)                    date: 2026-10-04 22:45:38
(epstopdf)                    size: 8699 bytes
(epstopdf)             Output file: <struct_grammar_factory_a06b08500014ade97db
2a3b6fd72096d9_icgraph-eps-converted-to.pdf>
(epstopdf)                    date: 2026-10-04 22:46:12
(epstopdf)                    size: 6247 bytes
(epstopdf)             Command: <repstopdf --outfile=struct_grammar_factory_a06
b08500014ade97db2a3b6fd72096d9_icgraph-eps-converted-to.pdf struct_grammar_fact
ory_a06b08500014ade97db2a3b6fd72096d9_icgraph.eps>
(epstopdf)             \includegraphics on input line 645.
Package epstopdf Info: Output file is already uptodate.
 <./struct_grammar_factory_a06b08500014ade97db2a3b6fd72096d9_icgraph-eps-conver
ted-to.pdf>
<struct_grammar_factory_a06b08500014ade97db2a3b6fd72096d9_icgraph-eps-converted
-to.pdf, id=7517, 652.4375pt x 64.24pt>
File: struct_grammar_factory_a06b08500014ade97db2a3b6fd72096d9_icgraph-eps-conv
erted-to.pdf Graphic file (type pdf)
<use struct_grammar_factory_a06b08500014ade97db2a3b6fd72096d9_icgraph-eps-conve
rted-to.pdf>
Package pdftex.def Info: struct_grammar_factory_a06b08500014ade97db2a3b6fd72096
d9_icgraph-eps-converted-to.pdf  used on input line 645.
(pdftex.def)             Requested size: 350.0pt x 34.46265pt.

Underfull \hbox (badness 10000) detected at line 660
[][][]
 []

Package epstopdf Info: Source file: <struct_grammar_factory_ae4773738861fc98eb1
aff9dc78cf019b_cgraph.eps>
(epstopdf)                    date: 2026-10-04 22:45:38
(epstopdf)                    size: 37671 bytes
(epstopdf)             Output file: <struct_grammar_factory_ae4773738861fc98eb1
aff9dc78cf019b_cgraph-eps-converted-to.pdf>
(epstopdf)                    date: 2026-10-04 22:46:12
(epstopdf)                    size: 12823 bytes
(epstopdf)             Command: <repstopdf --outfile=struct_grammar_factory_ae4
773738861fc98eb1aff9dc78cf019b_cgraph-eps-converted-to.pdf struct_grammar_facto
ry_ae4773738861fc98eb1aff9dc78cf019b_cgraph.eps>
(epstopdf)             \includegraphics on input line 668.
Package epstopdf Info: Output file is already uptodate.
 <./struct_grammar_factory_ae4773738861fc98eb1aff9dc78cf019b_cgraph-eps-convert
ed-to.pdf>
<struct_grammar_factory_ae4773738861fc98eb1aff9dc78cf019b_cgraph-eps-converted-
to.pdf, id=7526, 1296.845pt x 853.1875pt>
File: struct_grammar_factory_ae4773738861fc98eb1aff9dc78cf019b_cgraph-eps-conve
rted-to.pdf Graphic file (type pdf)
<use struct_grammar_factory_ae4773738861fc98eb1aff9dc78cf019b_cgraph-eps-conver
ted-to.pdf>
Package pdftex.def Info: struct_grammar_factory_ae4773738861fc98eb1aff9dc78cf01
9b_cgraph-eps-converted-to.pdf  used on input line 668.
(pdftex.def)             Requested size: 350.0pt x 230.25955pt.
 [90]
Package epstopdf Info: Source file: <struct_grammar_factory_ae4773738861fc98eb1
aff9dc78cf019b_icgraph.eps>
(epstopdf)                    date: 2026-10-04 22:45:38
(epstopdf)                    size: 7312 bytes
(epstopdf)             Output file: <struct_grammar_factory_ae4773738861fc98eb1
aff9dc78cf019b_icgraph-eps-converted-to.pdf>
(epstopdf)                    date: 2026-10-04 22:46:12
(epstopdf)                    size: 5916 bytes
(epstopdf)             Command: <repstopdf --outfile=struct_grammar_factory_ae4
773738861fc98eb1aff9dc78cf019b_icgraph-eps-converted-to.pdf struct_grammar_fact
ory_ae4773738861fc98eb1aff9dc78cf019b_icgraph.eps>
(epstopdf)             \includegraphics on input line 676.
Package epstopdf Info: Output file is already uptodate.
 <./struct_grammar_factory_ae4773738861fc98eb1aff9dc78cf019b_icgraph-eps-conver
ted-to.pdf>
<struct_grammar_factory_ae4773738861fc98eb1aff9dc78cf019b_icgraph-eps-converted
-to.pdf, id=7539, 504.88625pt x 64.24pt>
File: struct_grammar_factory_ae4773738861fc98eb1aff9dc78cf019b_icgraph-eps-conv
erted-to.pdf Graphic file (type pdf)
<use struct_grammar_factory_ae4773738861fc98eb1aff9dc78cf019b_icgraph-eps-conve
rted-to.pdf>
Package pdftex.def Info: struct_grammar_factory_ae4773738861fc98eb1aff9dc78cf01
9b_icgraph-eps-converted-to.pdf  used on input line 676.
(pdftex.def)             Requested size: 350.0pt x 44.53345pt.

Underfull \hbox (badness 10000) detected at line 698
[][][]
 []

Package epstopdf Info: Source file: <struct_grammar_factory_a44b66cee9f82b56439
92e1290f3653bb_icgraph.eps>
(epstopdf)                    date: 2026-10-04 22:45:38
(epstopdf)                    size: 19317 bytes
(epstopdf)             Output file: <struct_grammar_factory_a44b66cee9f82b56439
92e1290f3653bb_icgraph-eps-converted-to.pdf>
(epstopdf)                    date: 2026-10-04 22:46:12
(epstopdf)                    size: 8652 bytes
(epstopdf)             Command: <repstopdf --outfile=struct_grammar_factory_a44
b66cee9f82b5643992e1290f3653bb_icgraph-eps-converted-to.pdf struct_grammar_fact
ory_a44b66cee9f82b5643992e1290f3653bb_icgraph.eps>
(epstopdf)             \includegraphics on input line 706.
Package epstopdf Info: Output file is already uptodate.
 <./struct_grammar_factory_a44b66cee9f82b5643992e1290f3653bb_icgraph-eps-conver
ted-to.pdf>
<struct_grammar_factory_a44b66cee9f82b5643992e1290f3653bb_icgraph-eps-converted
-to.pdf, id=7552, 1452.42625pt x 224.84pt>
File: struct_grammar_factory_a44b66cee9f82b5643992e1290f3653bb_icgraph-eps-conv
erted-to.pdf Graphic file (type pdf)
<use struct_grammar_factory_a44b66cee9f82b5643992e1290f3653bb_icgraph-eps-conve
rted-to.pdf>
Package pdftex.def Info: struct_grammar_factory_a44b66cee9f82b5643992e1290f3653
bb_icgraph-eps-converted-to.pdf  used on input line 706.
(pdftex.def)             Requested size: 350.0pt x 54.17883pt.
 [91]
Package epstopdf Info: Source file: <struct_grammar_factory_a7eb4aeb1e55ff7e38e
9f5b8a1fbfd464_cgraph.eps>
(epstopdf)                    date: 2026-10-04 22:45:38
(epstopdf)                    size: 5457 bytes
(epstopdf)             Output file: <struct_grammar_factory_a7eb4aeb1e55ff7e38e
9f5b8a1fbfd464_cgraph-eps-converted-to.pdf>
(epstopdf)                    date: 2026-10-04 22:46:12
(epstopdf)                    size: 5587 bytes
(epstopdf)             Command: <repstopdf --outfile=struct_grammar_factory_a7e
b4aeb1e55ff7e38e9f5b8a1fbfd464_cgraph-eps-converted-to.pdf struct_grammar_facto
ry_a7eb4aeb1e55ff7e38e9f5b8a1fbfd464_cgraph.eps>
(epstopdf)             \includegraphics on input line 733.
Package epstopdf Info: Output file is already uptodate.
 <./struct_grammar_factory_a7eb4aeb1e55ff7e38e9f5b8a1fbfd464_cgraph-eps-convert
ed-to.pdf>
<struct_grammar_factory_a7eb4aeb1e55ff7e38e9f5b8a1fbfd464_cgraph-eps-converted-
to.pdf, id=7570, 326.21875pt x 39.14626pt>
File: struct_grammar_factory_a7eb4aeb1e55ff7e38e9f5b8a1fbfd464_cgraph-eps-conve
rted-to.pdf Graphic file (type pdf)
<use struct_grammar_factory_a7eb4aeb1e55ff7e38e9f5b8a1fbfd464_cgraph-eps-conver
ted-to.pdf>
Package pdftex.def Info: struct_grammar_factory_a7eb4aeb1e55ff7e38e9f5b8a1fbfd4
64_cgraph-eps-converted-to.pdf  used on input line 733.
(pdftex.def)             Requested size: 350.0pt x 42.00374pt.
Package epstopdf Info: Source file: <struct_grammar_factory_a7eb4aeb1e55ff7e38e
9f5b8a1fbfd464_icgraph.eps>
(epstopdf)                    date: 2026-10-04 22:45:38
(epstopdf)                    size: 19466 bytes
(epstopdf)             Output file: <struct_grammar_factory_a7eb4aeb1e55ff7e38e
9f5b8a1fbfd464_icgraph-eps-converted-to.pdf>
(epstopdf)                    date: 2026-10-04 22:46:12
(epstopdf)                    size: 8797 bytes
(epstopdf)             Command: <repstopdf --outfile=struct_grammar_factory_a7e
b4aeb1e55ff7e38e9f5b8a1fbfd464_icgraph-eps-converted-to.pdf struct_grammar_fact
ory_a7eb4aeb1e55ff7e38e9f5b8a1fbfd464_icgraph.eps>
(epstopdf)             \includegraphics on input line 741.
Package epstopdf Info: Output file is already uptodate.
 <./struct_grammar_factory_a7eb4aeb1e55ff7e38e9f5b8a1fbfd464_icgraph-eps-conver
ted-to.pdf>
<struct_grammar_factory_a7eb4aeb1e55ff7e38e9f5b8a1fbfd464_icgraph-eps-converted
-to.pdf, id=7577, 1469.49pt x 224.84pt>
File: struct_grammar_factory_a7eb4aeb1e55ff7e38e9f5b8a1fbfd464_icgraph-eps-conv
erted-to.pdf Graphic file (type pdf)
<use struct_grammar_factory_a7eb4aeb1e55ff7e38e9f5b8a1fbfd464_icgraph-eps-conve
rted-to.pdf>
Package pdftex.def Info: struct_grammar_factory_a7eb4aeb1e55ff7e38e9f5b8a1fbfd4
64_icgraph-eps-converted-to.pdf  used on input line 741.
(pdftex.def)             Requested size: 350.0pt x 53.551pt.

Underfull \hbox (badness 10000) detected at line 759
[][][]
 []

Package epstopdf Info: Source file: <struct_grammar_factory_a9e9e0dd8e183913fed
41772c540ec549_icgraph.eps>
(epstopdf)                    date: 2026-10-04 22:45:38
(epstopdf)                    size: 5514 bytes
(epstopdf)             Output file: <struct_grammar_factory_a9e9e0dd8e183913fed
41772c540ec549_icgraph-eps-converted-to.pdf>
(epstopdf)                    date: 2026-10-04 22:46:13
(epstopdf)                    size: 5894 bytes
(epstopdf)             Command: <repstopdf --outfile=struct_grammar_factory_a9e
9e0dd8e183913fed41772c540ec549_icgraph-eps-converted-to.pdf struct_grammar_fact
ory_a9e9e0dd8e183913fed41772c540ec549_icgraph.eps>
(epstopdf)             \includegraphics on input line 767.
Package epstopdf Info: Output file is already uptodate.
 <./struct_grammar_factory_a9e9e0dd8e183913fed41772c540ec549_icgraph-eps-conver
ted-to.pdf>
<struct_grammar_factory_a9e9e0dd8e183913fed41772c540ec549_icgraph-eps-converted
-to.pdf, id=7587, 322.20375pt x 39.14626pt>
File: struct_grammar_factory_a9e9e0dd8e183913fed41772c540ec549_icgraph-eps-conv
erted-to.pdf Graphic file (type pdf)
<use struct_grammar_factory_a9e9e0dd8e183913fed41772c540ec549_icgraph-eps-conve
rted-to.pdf>
Package pdftex.def Info: struct_grammar_factory_a9e9e0dd8e183913fed41772c540ec5
49_icgraph-eps-converted-to.pdf  used on input line 767.
(pdftex.def)             Requested size: 350.0pt x 42.52519pt.
 [92]
Underfull \hbox (badness 10000) detected at line 785
[][][]
 []

Package epstopdf Info: Source file: <struct_grammar_factory_a5c57d8d96992059e78
a68e5bd5ec5260_cgraph.eps>
(epstopdf)                    date: 2026-10-04 22:45:38
(epstopdf)                    size: 44780 bytes
(epstopdf)             Output file: <struct_grammar_factory_a5c57d8d96992059e78
a68e5bd5ec5260_cgraph-eps-converted-to.pdf>
(epstopdf)                    date: 2026-10-04 22:46:13
(epstopdf)                    size: 14013 bytes
(epstopdf)             Command: <repstopdf --outfile=struct_grammar_factory_a5c
57d8d96992059e78a68e5bd5ec5260_cgraph-eps-converted-to.pdf struct_grammar_facto
ry_a5c57d8d96992059e78a68e5bd5ec5260_cgraph.eps>
(epstopdf)             \includegraphics on input line 793.
Package epstopdf Info: Output file is already uptodate.
 <./struct_grammar_factory_a5c57d8d96992059e78a68e5bd5ec5260_cgraph-eps-convert
ed-to.pdf>
<struct_grammar_factory_a5c57d8d96992059e78a68e5bd5ec5260_cgraph-eps-converted-
to.pdf, id=7605, 1466.47874pt x 818.05624pt>
File: struct_grammar_factory_a5c57d8d96992059e78a68e5bd5ec5260_cgraph-eps-conve
rted-to.pdf Graphic file (type pdf)
<use struct_grammar_factory_a5c57d8d96992059e78a68e5bd5ec5260_cgraph-eps-conver
ted-to.pdf>
Package pdftex.def Info: struct_grammar_factory_a5c57d8d96992059e78a68e5bd5ec52
60_cgraph-eps-converted-to.pdf  used on input line 793.
(pdftex.def)             Requested size: 350.0pt x 195.23904pt.
Package epstopdf Info: Source file: <struct_grammar_factory_a5c57d8d96992059e78
a68e5bd5ec5260_icgraph.eps>
(epstopdf)                    date: 2026-10-04 22:45:38
(epstopdf)                    size: 6343 bytes
(epstopdf)             Output file: <struct_grammar_factory_a5c57d8d96992059e78
a68e5bd5ec5260_icgraph-eps-converted-to.pdf>
(epstopdf)                    date: 2026-10-04 22:46:13
(epstopdf)                    size: 5691 bytes
(epstopdf)             Command: <repstopdf --outfile=struct_grammar_factory_a5c
57d8d96992059e78a68e5bd5ec5260_icgraph-eps-converted-to.pdf struct_grammar_fact
ory_a5c57d8d96992059e78a68e5bd5ec5260_icgraph.eps>
(epstopdf)             \includegraphics on input line 801.
Package epstopdf Info: Output file is already uptodate.
 <./struct_grammar_factory_a5c57d8d96992059e78a68e5bd5ec5260_icgraph-eps-conver
ted-to.pdf>
<struct_grammar_factory_a5c57d8d96992059e78a68e5bd5ec5260_icgraph-eps-converted
-to.pdf, id=7612, 357.335pt x 64.24pt>
File: struct_grammar_factory_a5c57d8d96992059e78a68e5bd5ec5260_icgraph-eps-conv
erted-to.pdf Graphic file (type pdf)
<use struct_grammar_factory_a5c57d8d96992059e78a68e5bd5ec5260_icgraph-eps-conve
rted-to.pdf>
Package pdftex.def Info: struct_grammar_factory_a5c57d8d96992059e78a68e5bd5ec52
60_icgraph-eps-converted-to.pdf  used on input line 801.
(pdftex.def)             Requested size: 350.0pt x 62.92438pt.
 [93]
Package epstopdf Info: Source file: <struct_grammar_factory_a4f167379fa626f0734
d6e99b34b96a54_cgraph.eps>
(epstopdf)                    date: 2026-10-04 22:45:38
(epstopdf)                    size: 7686 bytes
(epstopdf)             Output file: <struct_grammar_factory_a4f167379fa626f0734
d6e99b34b96a54_cgraph-eps-converted-to.pdf>
(epstopdf)                    date: 2026-10-04 22:46:13
(epstopdf)                    size: 6441 bytes
(epstopdf)             Command: <repstopdf --outfile=struct_grammar_factory_a4f
167379fa626f0734d6e99b34b96a54_cgraph-eps-converted-to.pdf struct_grammar_facto
ry_a4f167379fa626f0734d6e99b34b96a54_cgraph.eps>
(epstopdf)             \includegraphics on input line 840.
Package epstopdf Info: Output file is already uptodate.
 <./struct_grammar_factory_a4f167379fa626f0734d6e99b34b96a54_cgraph-eps-convert
ed-to.pdf>
<struct_grammar_factory_a4f167379fa626f0734d6e99b34b96a54_cgraph-eps-converted-
to.pdf, id=7630, 334.24875pt x 125.46875pt>
File: struct_grammar_factory_a4f167379fa626f0734d6e99b34b96a54_cgraph-eps-conve
rted-to.pdf Graphic file (type pdf)
<use struct_grammar_factory_a4f167379fa626f0734d6e99b34b96a54_cgraph-eps-conver
ted-to.pdf>
Package pdftex.def Info: struct_grammar_factory_a4f167379fa626f0734d6e99b34b96a
54_cgraph-eps-converted-to.pdf  used on input line 840.
(pdftex.def)             Requested size: 350.0pt x 131.39188pt.
Package epstopdf Info: Source file: <struct_grammar_factory_a4f167379fa626f0734
d6e99b34b96a54_icgraph.eps>
(epstopdf)                    date: 2026-10-04 22:45:38
(epstopdf)                    size: 5469 bytes
(epstopdf)             Output file: <struct_grammar_factory_a4f167379fa626f0734
d6e99b34b96a54_icgraph-eps-converted-to.pdf>
(epstopdf)                    date: 2026-10-04 22:46:13
(epstopdf)                    size: 5492 bytes
(epstopdf)             Command: <repstopdf --outfile=struct_grammar_factory_a4f
167379fa626f0734d6e99b34b96a54_icgraph-eps-converted-to.pdf struct_grammar_fact
ory_a4f167379fa626f0734d6e99b34b96a54_icgraph.eps>
(epstopdf)             \includegraphics on input line 848.
Package epstopdf Info: Output file is already uptodate.
 <./struct_grammar_factory_a4f167379fa626f0734d6e99b34b96a54_icgraph-eps-conver
ted-to.pdf>
<struct_grammar_factory_a4f167379fa626f0734d6e99b34b96a54_icgraph-eps-converted
-to.pdf, id=7637, 364.36125pt x 39.14626pt>
File: struct_grammar_factory_a4f167379fa626f0734d6e99b34b96a54_icgraph-eps-conv
erted-to.pdf Graphic file (type pdf)
<use struct_grammar_factory_a4f167379fa626f0734d6e99b34b96a54_icgraph-eps-conve
rted-to.pdf>
Package pdftex.def Info: struct_grammar_factory_a4f167379fa626f0734d6e99b34b96a
54_icgraph-eps-converted-to.pdf  used on input line 848.
(pdftex.def)             Requested size: 350.0pt x 37.60445pt.

Underfull \hbox (badness 10000) detected at line 870
[][][]
 []

Package epstopdf Info: Source file: <struct_grammar_factory_ab4d6073366842e8539
dace5eb00564e9_icgraph.eps>
(epstopdf)                    date: 2026-10-04 22:45:38
(epstopdf)                    size: 6338 bytes
(epstopdf)             Output file: <struct_grammar_factory_ab4d6073366842e8539
dace5eb00564e9_icgraph-eps-converted-to.pdf>
(epstopdf)                    date: 2026-10-04 22:46:14
(epstopdf)                    size: 5688 bytes
(epstopdf)             Command: <repstopdf --outfile=struct_grammar_factory_ab4
d6073366842e8539dace5eb00564e9_icgraph-eps-converted-to.pdf struct_grammar_fact
ory_ab4d6073366842e8539dace5eb00564e9_icgraph.eps>
(epstopdf)             \includegraphics on input line 878.
Package epstopdf Info: Output file is already uptodate.
 <./struct_grammar_factory_ab4d6073366842e8539dace5eb00564e9_icgraph-eps-conver
ted-to.pdf>
<struct_grammar_factory_ab4d6073366842e8539dace5eb00564e9_icgraph-eps-converted
-to.pdf, id=7646, 546.04pt x 27.10126pt>
File: struct_grammar_factory_ab4d6073366842e8539dace5eb00564e9_icgraph-eps-conv
erted-to.pdf Graphic file (type pdf)
<use struct_grammar_factory_ab4d6073366842e8539dace5eb00564e9_icgraph-eps-conve
rted-to.pdf>
Package pdftex.def Info: struct_grammar_factory_ab4d6073366842e8539dace5eb00564
e9_icgraph-eps-converted-to.pdf  used on input line 878.
(pdftex.def)             Requested size: 350.0pt x 17.3712pt.
 [94]) (./struct_grammar_parse_error.tex [95])
(./struct_grammar_parser.tex [96]

Package textcomp Warning: Symbol \textrightarrow not provided by
(textcomp)                font family phv in TS1 encoding.
(textcomp)                Default family used instead on input line 28.


! LaTeX Error: Unicode character ε (U+03B5)
               not set up for use with LaTeX.

See the LaTeX manual or LaTeX Companion for explanation.
Type  H <return>  for immediate help.
 ...                                              
                                                  
l.46 ...kens are the meta symbols (\$, EPSILON, ε
                                                  , ·) and any token contai...

You may provide a definition with
\DeclareUnicodeCharacter 


Underfull \hbox (badness 10000) detected at line 53
[][][]
 []


Underfull \hbox (badness 10000) detected at line 71
[][][]
 []

) (./struct_grammar_parse_result.tex
Package epstopdf Info: Source file: <struct_grammar_parse_result__coll__graph.e
ps>
(epstopdf)                    date: 2026-10-04 22:45:38
(epstopdf)                    size: 6406 bytes
(epstopdf)             Output file: <struct_grammar_parse_result__coll__graph-e
ps-converted-to.pdf>
(epstopdf)                    date: 2026-10-04 22:46:14
(epstopdf)                    size: 5682 bytes
(epstopdf)             Command: <repstopdf --outfile=struct_grammar_parse_resul
t__coll__graph-eps-converted-to.pdf struct_grammar_parse_result__coll__graph.ep
s>
(epstopdf)             \includegraphics on input line 19.
Package epstopdf Info: Output file is already uptodate.
 <./struct_grammar_parse_result__coll__graph-eps-converted-to.pdf>
<struct_grammar_parse_result__coll__graph-eps-converted-to.pdf, id=7746, 119.44
624pt x 172.645pt>
File: struct_grammar_parse_result__coll__graph-eps-converted-to.pdf Graphic fil
e (type pdf)
<use struct_grammar_parse_result__coll__graph-eps-converted-to.pdf>
Package pdftex.def Info: struct_grammar_parse_result__coll__graph-eps-converted
-to.pdf  used on input line 19.
(pdftex.def)             Requested size: 155.0pt x 224.04857pt.
 [97] [98]) (./class_grammar_syntax_highlighter.tex
Package epstopdf Info: Source file: <class_grammar_syntax_highlighter__inherit_
_graph.eps>
(epstopdf)                    date: 2026-10-04 22:45:38
(epstopdf)                    size: 5165 bytes
(epstopdf)             Output file: <class_grammar_syntax_highlighter__inherit_
_graph-eps-converted-to.pdf>
(epstopdf)                    date: 2026-10-04 22:46:14
(epstopdf)                    size: 5174 bytes
(epstopdf)             Command: <repstopdf --outfile=class_grammar_syntax_highl
ighter__inherit__graph-eps-converted-to.pdf class_grammar_syntax_highlighter__i
nherit__graph.eps>
(epstopdf)             \includegraphics on input line 19.
Package epstopdf Info: Output file is already uptodate.
 <./class_grammar_syntax_highlighter__inherit__graph-eps-converted-to.pdf>
<class_grammar_syntax_highlighter__inherit__graph-eps-converted-to.pdf, id=7797
, 142.5325pt x 83.31125pt>
File: class_grammar_syntax_highlighter__inherit__graph-eps-converted-to.pdf Gra
phic file (type pdf)
<use class_grammar_syntax_highlighter__inherit__graph-eps-converted-to.pdf>
Package pdftex.def Info: class_grammar_syntax_highlighter__inherit__graph-eps-c
onverted-to.pdf  used on input line 19.
(pdftex.def)             Requested size: 178.0pt x 104.04218pt.
Package epstopdf Info: Source file: <class_grammar_syntax_highlighter__coll__gr
aph.eps>
(epstopdf)                    date: 2026-10-04 22:45:38
(epstopdf)                    size: 5165 bytes
(epstopdf)             Output file: <class_grammar_syntax_highlighter__coll__gr
aph-eps-converted-to.pdf>
(epstopdf)                    date: 2026-10-04 22:46:14
(epstopdf)                    size: 5174 bytes
(epstopdf)             Command: <repstopdf --outfile=class_grammar_syntax_highl
ighter__coll__graph-eps-converted-to.pdf class_grammar_syntax_highlighter__coll
__graph.eps>
(epstopdf)             \includegraphics on input line 29.
Package epstopdf Info: Output file is already uptodate.
 <./class_grammar_syntax_highlighter__coll__graph-eps-converted-to.pdf>
<class_grammar_syntax_highlighter__coll__graph-eps-converted-to.pdf, id=7804, 1
42.5325pt x 83.31125pt>
File: class_grammar_syntax_highlighter__coll__graph-eps-converted-to.pdf Graphi
c file (type pdf)
<use class_grammar_syntax_highlighter__coll__graph-eps-converted-to.pdf>
Package pdftex.def Info: class_grammar_syntax_highlighter__coll__graph-eps-conv
erted-to.pdf  used on input line 29.
(pdftex.def)             Requested size: 178.0pt x 104.04218pt.
 [99])
(./class_grammar_view.tex
Package epstopdf Info: Source file: <class_grammar_view__inherit__graph.eps>
(epstopdf)                    date: 2026-10-04 22:45:39
(epstopdf)                    size: 5117 bytes
(epstopdf)             Output file: <class_grammar_view__inherit__graph-eps-con
verted-to.pdf>
(epstopdf)                    date: 2026-10-04 22:46:15
(epstopdf)                    size: 4602 bytes
(epstopdf)             Command: <repstopdf --outfile=class_grammar_view__inheri
t__graph-eps-converted-to.pdf class_grammar_view__inherit__graph.eps>
(epstopdf)             \includegraphics on input line 14.
Package epstopdf Info: Output file is already uptodate.
 <./class_grammar_view__inherit__graph-eps-converted-to.pdf>
<class_grammar_view__inherit__graph-eps-converted-to.pdf, id=7833, 86.3225pt x 
83.31125pt>
File: class_grammar_view__inherit__graph-eps-converted-to.pdf Graphic file (typ
e pdf)
<use class_grammar_view__inherit__graph-eps-converted-to.pdf>
Package pdftex.def Info: class_grammar_view__inherit__graph-eps-converted-to.pd
f  used on input line 14.
(pdftex.def)             Requested size: 122.0pt x 117.74599pt.
Package epstopdf Info: Source file: <class_grammar_view__coll__graph.eps>
(epstopdf)                    date: 2026-10-04 22:45:38
(epstopdf)                    size: 5117 bytes
(epstopdf)             Output file: <class_grammar_view__coll__graph-eps-conver
ted-to.pdf>
(epstopdf)                    date: 2026-10-04 22:46:15
(epstopdf)                    size: 4602 bytes
(epstopdf)             Command: <repstopdf --outfile=class_grammar_view__coll__
graph-eps-converted-to.pdf class_grammar_view__coll__graph.eps>
(epstopdf)             \includegraphics on input line 24.
Package epstopdf Info: Output file is already uptodate.
 <./class_grammar_view__coll__graph-eps-converted-to.pdf>
<class_grammar_view__coll__graph-eps-converted-to.pdf, id=7840, 86.3225pt x 83.
31125pt>
File: class_grammar_view__coll__graph-eps-converted-to.pdf Graphic file (type p
df)
<use class_grammar_view__coll__graph-eps-converted-to.pdf>
Package pdftex.def Info: class_grammar_view__coll__graph-eps-converted-to.pdf  
used on input line 24.
(pdftex.def)             Requested size: 122.0pt x 117.74599pt.
 [100]
Package epstopdf Info: Source file: <class_grammar_view_a4daa0c6bb987225b8aa1db
ea3a300148_icgraph.eps>
(epstopdf)                    date: 2026-10-04 22:45:38
(epstopdf)                    size: 16890 bytes
(epstopdf)             Output file: <class_grammar_view_a4daa0c6bb987225b8aa1db
ea3a300148_icgraph-eps-converted-to.pdf>
(epstopdf)                    date: 2026-10-04 22:46:15
(epstopdf)                    size: 8312 bytes
(epstopdf)             Command: <repstopdf --outfile=class_grammar_view_a4daa0c
6bb987225b8aa1dbea3a300148_icgraph-eps-converted-to.pdf class_grammar_view_a4da
a0c6bb987225b8aa1dbea3a300148_icgraph.eps>
(epstopdf)             \includegraphics on input line 58.
Package epstopdf Info: Output file is already uptodate.
 <./class_grammar_view_a4daa0c6bb987225b8aa1dbea3a300148_icgraph-eps-converted-
to.pdf>
<class_grammar_view_a4daa0c6bb987225b8aa1dbea3a300148_icgraph-eps-converted-to.
pdf, id=7866, 1457.445pt x 166.6225pt>
File: class_grammar_view_a4daa0c6bb987225b8aa1dbea3a300148_icgraph-eps-converte
d-to.pdf Graphic file (type pdf)
<use class_grammar_view_a4daa0c6bb987225b8aa1dbea3a300148_icgraph-eps-converted
-to.pdf>
Package pdftex.def Info: class_grammar_view_a4daa0c6bb987225b8aa1dbea3a300148_i
cgraph-eps-converted-to.pdf  used on input line 58.
(pdftex.def)             Requested size: 350.0pt x 40.01309pt.
Package epstopdf Info: Source file: <class_grammar_view_a7f3a0c9126451289e0a6c8
950cbca93d_cgraph.eps>
(epstopdf)                    date: 2026-10-04 22:45:38
(epstopdf)                    size: 5334 bytes
(epstopdf)             Output file: <class_grammar_view_a7f3a0c9126451289e0a6c8
950cbca93d_cgraph-eps-converted-to.pdf>
(epstopdf)                    date: 2026-10-04 22:46:15
(epstopdf)                    size: 5146 bytes
(epstopdf)             Command: <repstopdf --outfile=class_grammar_view_a7f3a0c
9126451289e0a6c8950cbca93d_cgraph-eps-converted-to.pdf class_grammar_view_a7f3a
0c9126451289e0a6c8950cbca93d_cgraph.eps>
(epstopdf)             \includegraphics on input line 90.
Package epstopdf Info: Output file is already uptodate.
 <./class_grammar_view_a7f3a0c9126451289e0a6c8950cbca93d_cgraph-eps-converted-t
o.pdf>
<class_grammar_view_a7f3a0c9126451289e0a6c8950cbca93d_cgraph-eps-converted-to.p
df, id=7873, 283.0575pt x 27.10126pt>
File: class_grammar_view_a7f3a0c9126451289e0a6c8950cbca93d_cgraph-eps-converted
-to.pdf Graphic file (type pdf)
<use class_grammar_view_a7f3a0c9126451289e0a6c8950cbca93d_cgraph-eps-converted-
to.pdf>
Package pdftex.def Info: class_grammar_view_a7f3a0c9126451289e0a6c8950cbca93d_c
graph-eps-converted-to.pdf  used on input line 90.
(pdftex.def)             Requested size: 318.0pt x 30.44954pt.
Package epstopdf Info: Source file: <class_grammar_view_a5ac21727ce96d18e20a808
ad2a855ced_icgraph.eps>
(epstopdf)                    date: 2026-10-04 22:45:38
(epstopdf)                    size: 5329 bytes
(epstopdf)             Output file: <class_grammar_view_a5ac21727ce96d18e20a808
ad2a855ced_icgraph-eps-converted-to.pdf>
(epstopdf)                    date: 2026-10-04 22:46:15
(epstopdf)                    size: 5144 bytes
(epstopdf)             Command: <repstopdf --outfile=class_grammar_view_a5ac217
27ce96d18e20a808ad2a855ced_icgraph-eps-converted-to.pdf class_grammar_view_a5ac
21727ce96d18e20a808ad2a855ced_icgraph.eps>
(epstopdf)             \includegraphics on input line 104.
Package epstopdf Info: Output file is already uptodate.
 <./class_grammar_view_a5ac21727ce96d18e20a808ad2a855ced_icgraph-eps-converted-
to.pdf>
<class_grammar_view_a5ac21727ce96d18e20a808ad2a855ced_icgraph-eps-converted-to.
pdf, id=7883, 283.0575pt x 27.10126pt>
File: class_grammar_view_a5ac21727ce96d18e20a808ad2a855ced_icgraph-eps-converte
d-to.pdf Graphic file (type pdf)
<use class_grammar_view_a5ac21727ce96d18e20a808ad2a855ced_icgraph-eps-converted
-to.pdf>
Package pdftex.def Info: class_grammar_view_a5ac21727ce96d18e20a808ad2a855ced_i
cgraph-eps-converted-to.pdf  used on input line 104.
(pdftex.def)             Requested size: 318.0pt x 30.44954pt.
 [101]) (./class_app_layout_1_1_height_for_width_keeper.tex
Package epstopdf Info: Source file: <class_app_layout_1_1_height_for_width_keep
er__inherit__graph.eps>
(epstopdf)                    date: 2026-10-04 22:45:38
(epstopdf)                    size: 5241 bytes
(epstopdf)             Output file: <class_app_layout_1_1_height_for_width_keep
er__inherit__graph-eps-converted-to.pdf>
(epstopdf)                    date: 2026-10-04 22:46:15
(epstopdf)                    size: 5669 bytes
(epstopdf)             Command: <repstopdf --outfile=class_app_layout_1_1_heigh
t_for_width_keeper__inherit__graph-eps-converted-to.pdf class_app_layout_1_1_he
ight_for_width_keeper__inherit__graph.eps>
(epstopdf)             \includegraphics on input line 19.
Package epstopdf Info: Output file is already uptodate.
 <./class_app_layout_1_1_height_for_width_keeper__inherit__graph-eps-converted-
to.pdf>
<class_app_layout_1_1_height_for_width_keeper__inherit__graph-eps-converted-to.
pdf, id=7909, 145.54375pt x 94.3525pt>
File: class_app_layout_1_1_height_for_width_keeper__inherit__graph-eps-converte
d-to.pdf Graphic file (type pdf)
<use class_app_layout_1_1_height_for_width_keeper__inherit__graph-eps-converted
-to.pdf>
Package pdftex.def Info: class_app_layout_1_1_height_for_width_keeper__inherit_
_graph-eps-converted-to.pdf  used on input line 19.
(pdftex.def)             Requested size: 181.0pt x 117.34715pt.
Package epstopdf Info: Source file: <class_app_layout_1_1_height_for_width_keep
er__coll__graph.eps>
(epstopdf)                    date: 2026-10-04 22:45:39
(epstopdf)                    size: 5241 bytes
(epstopdf)             Output file: <class_app_layout_1_1_height_for_width_keep
er__coll__graph-eps-converted-to.pdf>
(epstopdf)                    date: 2026-10-04 22:46:16
(epstopdf)                    size: 5669 bytes
(epstopdf)             Command: <repstopdf --outfile=class_app_layout_1_1_heigh
t_for_width_keeper__coll__graph-eps-converted-to.pdf class_app_layout_1_1_heigh
t_for_width_keeper__coll__graph.eps>
(epstopdf)             \includegraphics on input line 29.
Package epstopdf Info: Output file is already uptodate.
 <./class_app_layout_1_1_height_for_width_keeper__coll__graph-eps-converted-to.
pdf>
<class_app_layout_1_1_height_for_width_keeper__coll__graph-eps-converted-to.pdf
, id=7916, 145.54375pt x 94.3525pt>
File: class_app_layout_1_1_height_for_width_keeper__coll__graph-eps-converted-t
o.pdf Graphic file (type pdf)
<use class_app_layout_1_1_height_for_width_keeper__coll__graph-eps-converted-to
.pdf>
Package pdftex.def Info: class_app_layout_1_1_height_for_width_keeper__coll__gr
aph-eps-converted-to.pdf  used on input line 29.
(pdftex.def)             Requested size: 181.0pt x 117.34715pt.
Package epstopdf Info: Source file: <class_app_layout_1_1_height_for_width_keep
er_acfdec3a1b4b808bd81fdb04c818afd1f_icgraph.eps>
(epstopdf)                    date: 2026-10-04 22:45:39
(epstopdf)                    size: 14568 bytes
(epstopdf)             Output file: <class_app_layout_1_1_height_for_width_keep
er_acfdec3a1b4b808bd81fdb04c818afd1f_icgraph-eps-converted-to.pdf>
(epstopdf)                    date: 2026-10-04 22:46:16
(epstopdf)                    size: 8022 bytes
(epstopdf)             Command: <repstopdf --outfile=class_app_layout_1_1_heigh
t_for_width_keeper_acfdec3a1b4b808bd81fdb04c818afd1f_icgraph-eps-converted-to.p
df class_app_layout_1_1_height_for_width_keeper_acfdec3a1b4b808bd81fdb04c818afd
1f_icgraph.eps>
(epstopdf)             \includegraphics on input line 60.
Package epstopdf Info: Output file is already uptodate.
 <./class_app_layout_1_1_height_for_width_keeper_acfdec3a1b4b808bd81fdb04c818af
d1f_icgraph-eps-converted-to.pdf>
<class_app_layout_1_1_height_for_width_keeper_acfdec3a1b4b808bd81fdb04c818afd1f
_icgraph-eps-converted-to.pdf, id=7929, 707.64375pt x 248.93pt>
File: class_app_layout_1_1_height_for_width_keeper_acfdec3a1b4b808bd81fdb04c818
afd1f_icgraph-eps-converted-to.pdf Graphic file (type pdf)
<use class_app_layout_1_1_height_for_width_keeper_acfdec3a1b4b808bd81fdb04c818a
fd1f_icgraph-eps-converted-to.pdf>
Package pdftex.def Info: class_app_layout_1_1_height_for_width_keeper_acfdec3a1
b4b808bd81fdb04c818afd1f_icgraph-eps-converted-to.pdf  used on input line 60.
(pdftex.def)             Requested size: 350.0pt x 123.12006pt.
 [102]) (./class_l_l1_parser.tex
Package epstopdf Info: Source file: <class_l_l1_parser__coll__graph.eps>
(epstopdf)                    date: 2026-10-04 22:45:38
(epstopdf)                    size: 6400 bytes
(epstopdf)             Output file: <class_l_l1_parser__coll__graph-eps-convert
ed-to.pdf>
(epstopdf)                    date: 2026-10-04 22:46:16
(epstopdf)                    size: 5572 bytes
(epstopdf)             Command: <repstopdf --outfile=class_l_l1_parser__coll__g
raph-eps-converted-to.pdf class_l_l1_parser__coll__graph.eps>
(epstopdf)             \includegraphics on input line 14.
Package epstopdf Info: Output file is already uptodate.
 <./class_l_l1_parser__coll__graph-eps-converted-to.pdf>
<class_l_l1_parser__coll__graph-eps-converted-to.pdf, id=7948, 80.3pt x 172.645
pt>
File: class_l_l1_parser__coll__graph-eps-converted-to.pdf Graphic file (type pd
f)
<use class_l_l1_parser__coll__graph-eps-converted-to.pdf>
Package pdftex.def Info: class_l_l1_parser__coll__graph-eps-converted-to.pdf  u
sed on input line 14.
(pdftex.def)             Requested size: 116.0pt x 249.40678pt.
 [103]
Package epstopdf Info: Source file: <class_l_l1_parser_a465f1e33d92dae2869755e1
1846aed59_cgraph.eps>
(epstopdf)                    date: 2026-10-04 22:45:38
(epstopdf)                    size: 15987 bytes
(epstopdf)             Output file: <class_l_l1_parser_a465f1e33d92dae2869755e1
1846aed59_cgraph-eps-converted-to.pdf>
(epstopdf)                    date: 2026-10-04 22:46:16
(epstopdf)                    size: 7683 bytes
(epstopdf)             Command: <repstopdf --outfile=class_l_l1_parser_a465f1e3
3d92dae2869755e11846aed59_cgraph-eps-converted-to.pdf class_l_l1_parser_a465f1e
33d92dae2869755e11846aed59_cgraph.eps>
(epstopdf)             \includegraphics on input line 62.
Package epstopdf Info: Output file is already uptodate.
 <./class_l_l1_parser_a465f1e33d92dae2869755e11846aed59_cgraph-eps-converted-to
.pdf>
<class_l_l1_parser_a465f1e33d92dae2869755e11846aed59_cgraph-eps-converted-to.pd
f, id=7996, 819.06pt x 151.56625pt>
File: class_l_l1_parser_a465f1e33d92dae2869755e11846aed59_cgraph-eps-converted-
to.pdf Graphic file (type pdf)
<use class_l_l1_parser_a465f1e33d92dae2869755e11846aed59_cgraph-eps-converted-t
o.pdf>
Package pdftex.def Info: class_l_l1_parser_a465f1e33d92dae2869755e11846aed59_cg
raph-eps-converted-to.pdf  used on input line 62.
(pdftex.def)             Requested size: 350.0pt x 64.76749pt.
Package epstopdf Info: Source file: <class_l_l1_parser_a465f1e33d92dae2869755e1
1846aed59_icgraph.eps>
(epstopdf)                    date: 2026-10-04 22:45:38
(epstopdf)                    size: 5339 bytes
(epstopdf)             Output file: <class_l_l1_parser_a465f1e33d92dae2869755e1
1846aed59_icgraph-eps-converted-to.pdf>
(epstopdf)                    date: 2026-10-04 22:46:16
(epstopdf)                    size: 5172 bytes
(epstopdf)             Command: <repstopdf --outfile=class_l_l1_parser_a465f1e3
3d92dae2869755e11846aed59_icgraph-eps-converted-to.pdf class_l_l1_parser_a465f1
e33d92dae2869755e11846aed59_icgraph.eps>
(epstopdf)             \includegraphics on input line 70.
Package epstopdf Info: Output file is already uptodate.
 <./class_l_l1_parser_a465f1e33d92dae2869755e11846aed59_icgraph-eps-converted-t
o.pdf>
<class_l_l1_parser_a465f1e33d92dae2869755e11846aed59_icgraph-eps-converted-to.p
df, id=8003, 325.215pt x 27.10126pt>
File: class_l_l1_parser_a465f1e33d92dae2869755e11846aed59_icgraph-eps-converted
-to.pdf Graphic file (type pdf)
<use class_l_l1_parser_a465f1e33d92dae2869755e11846aed59_icgraph-eps-converted-
to.pdf>
Package pdftex.def Info: class_l_l1_parser_a465f1e33d92dae2869755e11846aed59_ic
graph-eps-converted-to.pdf  used on input line 70.
(pdftex.def)             Requested size: 350.0pt x 29.16882pt.
 [104]
Package epstopdf Info: Source file: <class_l_l1_parser_a9d31e18fd46ed0c7560f03a
7e2f0cbeb_cgraph.eps>
(epstopdf)                    date: 2026-10-04 22:45:38
(epstopdf)                    size: 10115 bytes
(epstopdf)             Output file: <class_l_l1_parser_a9d31e18fd46ed0c7560f03a
7e2f0cbeb_cgraph-eps-converted-to.pdf>
(epstopdf)                    date: 2026-10-04 22:46:16
(epstopdf)                    size: 6488 bytes
(epstopdf)             Command: <repstopdf --outfile=class_l_l1_parser_a9d31e18
fd46ed0c7560f03a7e2f0cbeb_cgraph-eps-converted-to.pdf class_l_l1_parser_a9d31e1
8fd46ed0c7560f03a7e2f0cbeb_cgraph.eps>
(epstopdf)             \includegraphics on input line 93.
Package epstopdf Info: Output file is already uptodate.
 <./class_l_l1_parser_a9d31e18fd46ed0c7560f03a7e2f0cbeb_cgraph-eps-converted-to
.pdf>
<class_l_l1_parser_a9d31e18fd46ed0c7560f03a7e2f0cbeb_cgraph-eps-converted-to.pd
f, id=8042, 648.4225pt x 82.3075pt>
File: class_l_l1_parser_a9d31e18fd46ed0c7560f03a7e2f0cbeb_cgraph-eps-converted-
to.pdf Graphic file (type pdf)
<use class_l_l1_parser_a9d31e18fd46ed0c7560f03a7e2f0cbeb_cgraph-eps-converted-t
o.pdf>
Package pdftex.def Info: class_l_l1_parser_a9d31e18fd46ed0c7560f03a7e2f0cbeb_cg
raph-eps-converted-to.pdf  used on input line 93.
(pdftex.def)             Requested size: 350.0pt x 44.4278pt.
Package epstopdf Info: Source file: <class_l_l1_parser_a2f702d940802a8b02538cb1
73a6c7e5e_cgraph.eps>
(epstopdf)                    date: 2026-10-04 22:45:39
(epstopdf)                    size: 6774 bytes
(epstopdf)             Output file: <class_l_l1_parser_a2f702d940802a8b02538cb1
73a6c7e5e_cgraph-eps-converted-to.pdf>
(epstopdf)                    date: 2026-10-04 22:46:17
(epstopdf)                    size: 5905 bytes
(epstopdf)             Command: <repstopdf --outfile=class_l_l1_parser_a2f702d9
40802a8b02538cb173a6c7e5e_cgraph-eps-converted-to.pdf class_l_l1_parser_a2f702d
940802a8b02538cb173a6c7e5e_cgraph.eps>
(epstopdf)             \includegraphics on input line 115.
Package epstopdf Info: Output file is already uptodate.
 <./class_l_l1_parser_a2f702d940802a8b02538cb173a6c7e5e_cgraph-eps-converted-to
.pdf>
<class_l_l1_parser_a2f702d940802a8b02538cb173a6c7e5e_cgraph-eps-converted-to.pd
f, id=8049, 436.63126pt x 45.16875pt>
File: class_l_l1_parser_a2f702d940802a8b02538cb173a6c7e5e_cgraph-eps-converted-
to.pdf Graphic file (type pdf)
<use class_l_l1_parser_a2f702d940802a8b02538cb173a6c7e5e_cgraph-eps-converted-t
o.pdf>
Package pdftex.def Info: class_l_l1_parser_a2f702d940802a8b02538cb173a6c7e5e_cg
raph-eps-converted-to.pdf  used on input line 115.
(pdftex.def)             Requested size: 350.0pt x 36.20671pt.
Package epstopdf Info: Source file: <class_l_l1_parser_a2f702d940802a8b02538cb1
73a6c7e5e_icgraph.eps>
(epstopdf)                    date: 2026-10-04 22:45:38
(epstopdf)                    size: 9161 bytes
(epstopdf)             Output file: <class_l_l1_parser_a2f702d940802a8b02538cb1
73a6c7e5e_icgraph-eps-converted-to.pdf>
(epstopdf)                    date: 2026-10-04 22:46:17
(epstopdf)                    size: 6446 bytes
(epstopdf)             Command: <repstopdf --outfile=class_l_l1_parser_a2f702d9
40802a8b02538cb173a6c7e5e_icgraph-eps-converted-to.pdf class_l_l1_parser_a2f702
d940802a8b02538cb173a6c7e5e_icgraph.eps>
(epstopdf)             \includegraphics on input line 123.
Package epstopdf Info: Output file is already uptodate.
 <./class_l_l1_parser_a2f702d940802a8b02538cb173a6c7e5e_icgraph-eps-converted-t
o.pdf>
<class_l_l1_parser_a2f702d940802a8b02538cb173a6c7e5e_icgraph-eps-converted-to.p
df, id=8056, 679.53876pt x 103.38625pt>
File: class_l_l1_parser_a2f702d940802a8b02538cb173a6c7e5e_icgraph-eps-converted
-to.pdf Graphic file (type pdf)
<use class_l_l1_parser_a2f702d940802a8b02538cb173a6c7e5e_icgraph-eps-converted-
to.pdf>
Package pdftex.def Info: class_l_l1_parser_a2f702d940802a8b02538cb173a6c7e5e_ic
graph-eps-converted-to.pdf  used on input line 123.
(pdftex.def)             Requested size: 350.0pt x 53.25002pt.
 [105]
Underfull \hbox (badness 10000) detected at line 146
[][][]
 []


Underfull \hbox (badness 10000) detected at line 149
[][][]
 []

Package epstopdf Info: Source file: <class_l_l1_parser_a02ee1f3ebc4cedacbb11204
e3e8cbfdc_cgraph.eps>
(epstopdf)                    date: 2026-10-04 22:45:38
(epstopdf)                    size: 7766 bytes
(epstopdf)             Output file: <class_l_l1_parser_a02ee1f3ebc4cedacbb11204
e3e8cbfdc_cgraph-eps-converted-to.pdf>
(epstopdf)                    date: 2026-10-04 22:46:17
(epstopdf)                    size: 6200 bytes
(epstopdf)             Command: <repstopdf --outfile=class_l_l1_parser_a02ee1f3
ebc4cedacbb11204e3e8cbfdc_cgraph-eps-converted-to.pdf class_l_l1_parser_a02ee1f
3ebc4cedacbb11204e3e8cbfdc_cgraph.eps>
(epstopdf)             \includegraphics on input line 160.
Package epstopdf Info: Output file is already uptodate.
 <./class_l_l1_parser_a02ee1f3ebc4cedacbb11204e3e8cbfdc_cgraph-eps-converted-to
.pdf>
<class_l_l1_parser_a02ee1f3ebc4cedacbb11204e3e8cbfdc_cgraph-eps-converted-to.pd
f, id=8084, 500.87125pt x 82.3075pt>
File: class_l_l1_parser_a02ee1f3ebc4cedacbb11204e3e8cbfdc_cgraph-eps-converted-
to.pdf Graphic file (type pdf)
<use class_l_l1_parser_a02ee1f3ebc4cedacbb11204e3e8cbfdc_cgraph-eps-converted-t
o.pdf>
Package pdftex.def Info: class_l_l1_parser_a02ee1f3ebc4cedacbb11204e3e8cbfdc_cg
raph-eps-converted-to.pdf  used on input line 160.
(pdftex.def)             Requested size: 350.0pt x 57.51688pt.
Package epstopdf Info: Source file: <class_l_l1_parser_a02ee1f3ebc4cedacbb11204
e3e8cbfdc_icgraph.eps>
(epstopdf)                    date: 2026-10-04 22:45:38
(epstopdf)                    size: 9167 bytes
(epstopdf)             Output file: <class_l_l1_parser_a02ee1f3ebc4cedacbb11204
e3e8cbfdc_icgraph-eps-converted-to.pdf>
(epstopdf)                    date: 2026-10-04 22:46:17
(epstopdf)                    size: 6463 bytes
(epstopdf)             Command: <repstopdf --outfile=class_l_l1_parser_a02ee1f3
ebc4cedacbb11204e3e8cbfdc_icgraph-eps-converted-to.pdf class_l_l1_parser_a02ee1
f3ebc4cedacbb11204e3e8cbfdc_icgraph.eps>
(epstopdf)             \includegraphics on input line 168.
Package epstopdf Info: Output file is already uptodate.
 <./class_l_l1_parser_a02ee1f3ebc4cedacbb11204e3e8cbfdc_icgraph-eps-converted-t
o.pdf>
<class_l_l1_parser_a02ee1f3ebc4cedacbb11204e3e8cbfdc_icgraph-eps-converted-to.p
df, id=8091, 688.5725pt x 103.38625pt>
File: class_l_l1_parser_a02ee1f3ebc4cedacbb11204e3e8cbfdc_icgraph-eps-converted
-to.pdf Graphic file (type pdf)
<use class_l_l1_parser_a02ee1f3ebc4cedacbb11204e3e8cbfdc_icgraph-eps-converted-
to.pdf>
Package pdftex.def Info: class_l_l1_parser_a02ee1f3ebc4cedacbb11204e3e8cbfdc_ic
graph-eps-converted-to.pdf  used on input line 168.
(pdftex.def)             Requested size: 350.0pt x 52.55116pt.

Underfull \hbox (badness 3199) in paragraph at lines 185--186
[]\T1/phv/m/n/10 For each pro-duc-tion rule $\OML/cmm/m/it/10 A \OMS/cmsy/m/n/1
0 ! \OML/cmm/m/it/10 $\T1/phv/m/n/10 , the func-tion cal-cu-lates the pre-dic-
tion sym-bols us-ing the
 []


Underfull \hbox (badness 10000) detected at line 190
[][][]
 []

Package epstopdf Info: Source file: <class_l_l1_parser_a7b33aead1b94c61884afb06
f204fd3e4_cgraph.eps>
(epstopdf)                    date: 2026-10-04 22:45:38
(epstopdf)                    size: 12508 bytes
(epstopdf)             Output file: <class_l_l1_parser_a7b33aead1b94c61884afb06
f204fd3e4_cgraph-eps-converted-to.pdf>
(epstopdf)                    date: 2026-10-04 22:46:17
(epstopdf)                    size: 6974 bytes
(epstopdf)             Command: <repstopdf --outfile=class_l_l1_parser_a7b33aea
d1b94c61884afb06f204fd3e4_cgraph-eps-converted-to.pdf class_l_l1_parser_a7b33ae
ad1b94c61884afb06f204fd3e4_cgraph.eps>
(epstopdf)             \includegraphics on input line 198.
Package epstopdf Info: Output file is already uptodate.
 <./class_l_l1_parser_a7b33aead1b94c61884afb06f204fd3e4_cgraph-eps-converted-to
.pdf>
<class_l_l1_parser_a7b33aead1b94c61884afb06f204fd3e4_cgraph-eps-converted-to.pd
f, id=8100, 672.5125pt x 119.44624pt>
File: class_l_l1_parser_a7b33aead1b94c61884afb06f204fd3e4_cgraph-eps-converted-
to.pdf Graphic file (type pdf)
<use class_l_l1_parser_a7b33aead1b94c61884afb06f204fd3e4_cgraph-eps-converted-t
o.pdf>
Package pdftex.def Info: class_l_l1_parser_a7b33aead1b94c61884afb06f204fd3e4_cg
raph-eps-converted-to.pdf  used on input line 198.
(pdftex.def)             Requested size: 350.0pt x 62.16342pt.
Package epstopdf Info: Source file: <class_l_l1_parser_a7b33aead1b94c61884afb06
f204fd3e4_icgraph.eps>
(epstopdf)                    date: 2026-10-04 22:45:38
(epstopdf)                    size: 6774 bytes
(epstopdf)             Output file: <class_l_l1_parser_a7b33aead1b94c61884afb06
f204fd3e4_icgraph-eps-converted-to.pdf>
(epstopdf)                    date: 2026-10-04 22:46:17
(epstopdf)                    size: 5707 bytes
(epstopdf)             Command: <repstopdf --outfile=class_l_l1_parser_a7b33aea
d1b94c61884afb06f204fd3e4_icgraph-eps-converted-to.pdf class_l_l1_parser_a7b33a
ead1b94c61884afb06f204fd3e4_icgraph.eps>
(epstopdf)             \includegraphics on input line 206.
Package epstopdf Info: Output file is already uptodate.
 <./class_l_l1_parser_a7b33aead1b94c61884afb06f204fd3e4_icgraph-eps-converted-t
o.pdf>
<class_l_l1_parser_a7b33aead1b94c61884afb06f204fd3e4_icgraph-eps-converted-to.p
df, id=8107, 496.85625pt x 46.1725pt>
File: class_l_l1_parser_a7b33aead1b94c61884afb06f204fd3e4_icgraph-eps-converted
-to.pdf Graphic file (type pdf)
<use class_l_l1_parser_a7b33aead1b94c61884afb06f204fd3e4_icgraph-eps-converted-
to.pdf>
Package pdftex.def Info: class_l_l1_parser_a7b33aead1b94c61884afb06f204fd3e4_ic
graph-eps-converted-to.pdf  used on input line 206.
(pdftex.def)             Requested size: 350.0pt x 32.52553pt.
 [106]
Package epstopdf Info: Source file: <class_l_l1_parser_af556dd5a7357b97ec5d0789
83db62553_cgraph.eps>
(epstopdf)                    date: 2026-10-04 22:45:38
(epstopdf)                    size: 5771 bytes
(epstopdf)             Output file: <class_l_l1_parser_af556dd5a7357b97ec5d0789
83db62553_cgraph-eps-converted-to.pdf>
(epstopdf)                    date: 2026-10-04 22:46:17
(epstopdf)                    size: 5461 bytes
(epstopdf)             Command: <repstopdf --outfile=class_l_l1_parser_af556dd5
a7357b97ec5d078983db62553_cgraph-eps-converted-to.pdf class_l_l1_parser_af556dd
5a7357b97ec5d078983db62553_cgraph.eps>
(epstopdf)             \includegraphics on input line 240.
Package epstopdf Info: Output file is already uptodate.
 <./class_l_l1_parser_af556dd5a7357b97ec5d078983db62553_cgraph-eps-converted-to
.pdf>
<class_l_l1_parser_af556dd5a7357b97ec5d078983db62553_cgraph-eps-converted-to.pd
f, id=8121, 253.94875pt x 45.16875pt>
File: class_l_l1_parser_af556dd5a7357b97ec5d078983db62553_cgraph-eps-converted-
to.pdf Graphic file (type pdf)
<use class_l_l1_parser_af556dd5a7357b97ec5d078983db62553_cgraph-eps-converted-t
o.pdf>
Package pdftex.def Info: class_l_l1_parser_af556dd5a7357b97ec5d078983db62553_cg
raph-eps-converted-to.pdf  used on input line 240.
(pdftex.def)             Requested size: 289.0pt x 51.40466pt.
Package epstopdf Info: Source file: <class_l_l1_parser_af556dd5a7357b97ec5d0789
83db62553_icgraph.eps>
(epstopdf)                    date: 2026-10-04 22:45:38
(epstopdf)                    size: 15663 bytes
(epstopdf)             Output file: <class_l_l1_parser_af556dd5a7357b97ec5d0789
83db62553_icgraph-eps-converted-to.pdf>
(epstopdf)                    date: 2026-10-04 22:46:18
(epstopdf)                    size: 7667 bytes
(epstopdf)             Command: <repstopdf --outfile=class_l_l1_parser_af556dd5
a7357b97ec5d078983db62553_icgraph-eps-converted-to.pdf class_l_l1_parser_af556d
d5a7357b97ec5d078983db62553_icgraph.eps>
(epstopdf)             \includegraphics on input line 248.
Package epstopdf Info: Output file is already uptodate.
 <./class_l_l1_parser_af556dd5a7357b97ec5d078983db62553_icgraph-eps-converted-t
o.pdf>
<class_l_l1_parser_af556dd5a7357b97ec5d078983db62553_icgraph-eps-converted-to.p
df, id=8128, 810.02625pt x 173.64874pt>
File: class_l_l1_parser_af556dd5a7357b97ec5d078983db62553_icgraph-eps-converted
-to.pdf Graphic file (type pdf)
<use class_l_l1_parser_af556dd5a7357b97ec5d078983db62553_icgraph-eps-converted-
to.pdf>
Package pdftex.def Info: class_l_l1_parser_af556dd5a7357b97ec5d078983db62553_ic
graph-eps-converted-to.pdf  used on input line 248.
(pdftex.def)             Requested size: 350.0pt x 75.03314pt.
 [107]
Underfull \hbox (badness 10000) detected at line 268
[][][]
 []

Package epstopdf Info: Source file: <class_l_l1_parser_a0f9dc60f3f6a8332b0ed727
d4c8fd40f_icgraph.eps>
(epstopdf)                    date: 2026-10-04 22:45:38
(epstopdf)                    size: 9622 bytes
(epstopdf)             Output file: <class_l_l1_parser_a0f9dc60f3f6a8332b0ed727
d4c8fd40f_icgraph-eps-converted-to.pdf>
(epstopdf)                    date: 2026-10-04 22:46:18
(epstopdf)                    size: 6537 bytes
(epstopdf)             Command: <repstopdf --outfile=class_l_l1_parser_a0f9dc60
f3f6a8332b0ed727d4c8fd40f_icgraph-eps-converted-to.pdf class_l_l1_parser_a0f9dc
60f3f6a8332b0ed727d4c8fd40f_icgraph.eps>
(epstopdf)             \includegraphics on input line 276.
Package epstopdf Info: Output file is already uptodate.
 <./class_l_l1_parser_a0f9dc60f3f6a8332b0ed727d4c8fd40f_icgraph-eps-converted-t
o.pdf>
<class_l_l1_parser_a0f9dc60f3f6a8332b0ed727d4c8fd40f_icgraph-eps-converted-to.p
df, id=8143, 813.0375pt x 84.315pt>
File: class_l_l1_parser_a0f9dc60f3f6a8332b0ed727d4c8fd40f_icgraph-eps-converted
-to.pdf Graphic file (type pdf)
<use class_l_l1_parser_a0f9dc60f3f6a8332b0ed727d4c8fd40f_icgraph-eps-converted-
to.pdf>
Package pdftex.def Info: class_l_l1_parser_a0f9dc60f3f6a8332b0ed727d4c8fd40f_ic
graph-eps-converted-to.pdf  used on input line 276.
(pdftex.def)             Requested size: 350.0pt x 36.2959pt.

! Undefined control sequence.
l.295 ...on symbols are computed as  $ FIRST(\text
                                                  {consequent}) \setminus \{...
The control sequence at the end of the top line
of your error message was never \def'ed. If you have
misspelled it (e.g., `\hobx'), type `I' and the correct
spelling (e.g., `I\hbox'). Otherwise just continue,
and I'll forget about whatever was undefined.

! Undefined control sequence.
l.296 FOLLOW(\text
                  {antecedent}) $.
The control sequence at the end of the top line
of your error message was never \def'ed. If you have
misspelled it (e.g., `\hobx'), type `I' and the correct
spelling (e.g., `I\hbox'). Otherwise just continue,
and I'll forget about whatever was undefined.


Underfull \hbox (badness 10000) detected at line 305
[][][]
 []

Package epstopdf Info: Source file: <class_l_l1_parser_a5e5817b02a5ea7faa4480cb
64ad31dd2_cgraph.eps>
(epstopdf)                    date: 2026-10-04 22:45:38
(epstopdf)                    size: 7748 bytes
(epstopdf)             Output file: <class_l_l1_parser_a5e5817b02a5ea7faa4480cb
64ad31dd2_cgraph-eps-converted-to.pdf>
(epstopdf)                    date: 2026-10-04 22:46:18
(epstopdf)                    size: 6060 bytes
(epstopdf)             Command: <repstopdf --outfile=class_l_l1_parser_a5e5817b
02a5ea7faa4480cb64ad31dd2_cgraph-eps-converted-to.pdf class_l_l1_parser_a5e5817
b02a5ea7faa4480cb64ad31dd2_cgraph.eps>
(epstopdf)             \includegraphics on input line 314.
Package epstopdf Info: Output file is already uptodate.
 <./class_l_l1_parser_a5e5817b02a5ea7faa4480cb64ad31dd2_cgraph-eps-converted-to
.pdf>
<class_l_l1_parser_a5e5817b02a5ea7faa4480cb64ad31dd2_cgraph-eps-converted-to.pd
f, id=8150, 447.6725pt x 82.3075pt>
File: class_l_l1_parser_a5e5817b02a5ea7faa4480cb64ad31dd2_cgraph-eps-converted-
to.pdf Graphic file (type pdf)
<use class_l_l1_parser_a5e5817b02a5ea7faa4480cb64ad31dd2_cgraph-eps-converted-t
o.pdf>
Package pdftex.def Info: class_l_l1_parser_a5e5817b02a5ea7faa4480cb64ad31dd2_cg
raph-eps-converted-to.pdf  used on input line 314.
(pdftex.def)             Requested size: 350.0pt x 64.35153pt.
Package epstopdf Info: Source file: <class_l_l1_parser_a5e5817b02a5ea7faa4480cb
64ad31dd2_icgraph.eps>
(epstopdf)                    date: 2026-10-04 22:45:38
(epstopdf)                    size: 8186 bytes
(epstopdf)             Output file: <class_l_l1_parser_a5e5817b02a5ea7faa4480cb
64ad31dd2_icgraph-eps-converted-to.pdf>
(epstopdf)                    date: 2026-10-04 22:46:18
(epstopdf)                    size: 6258 bytes
(epstopdf)             Command: <repstopdf --outfile=class_l_l1_parser_a5e5817b
02a5ea7faa4480cb64ad31dd2_icgraph-eps-converted-to.pdf class_l_l1_parser_a5e581
7b02a5ea7faa4480cb64ad31dd2_icgraph.eps>
(epstopdf)             \includegraphics on input line 322.
Package epstopdf Info: Output file is already uptodate.
 <./class_l_l1_parser_a5e5817b02a5ea7faa4480cb64ad31dd2_icgraph-eps-converted-t
o.pdf>
<class_l_l1_parser_a5e5817b02a5ea7faa4480cb64ad31dd2_icgraph-eps-converted-to.p
df, id=8157, 681.54625pt x 65.24374pt>
File: class_l_l1_parser_a5e5817b02a5ea7faa4480cb64ad31dd2_icgraph-eps-converted
-to.pdf Graphic file (type pdf)
<use class_l_l1_parser_a5e5817b02a5ea7faa4480cb64ad31dd2_icgraph-eps-converted-
to.pdf>
Package pdftex.def Info: class_l_l1_parser_a5e5817b02a5ea7faa4480cb64ad31dd2_ic
graph-eps-converted-to.pdf  used on input line 322.
(pdftex.def)             Requested size: 350.0pt x 33.50482pt.
 [108]) (./class_l_l_table_dialog.tex
Package epstopdf Info: Source file: <class_l_l_table_dialog__inherit__graph.eps
>
(epstopdf)                    date: 2026-10-04 22:45:38
(epstopdf)                    size: 5121 bytes
(epstopdf)             Output file: <class_l_l_table_dialog__inherit__graph-eps
-converted-to.pdf>
(epstopdf)                    date: 2026-10-04 22:46:18
(epstopdf)                    size: 4659 bytes
(epstopdf)             Command: <repstopdf --outfile=class_l_l_table_dialog__in
herit__graph-eps-converted-to.pdf class_l_l_table_dialog__inherit__graph.eps>
(epstopdf)             \includegraphics on input line 19.
Package epstopdf Info: Output file is already uptodate.
 <./class_l_l_table_dialog__inherit__graph-eps-converted-to.pdf>
<class_l_l_table_dialog__inherit__graph-eps-converted-to.pdf, id=8180, 86.3225p
t x 83.31125pt>
File: class_l_l_table_dialog__inherit__graph-eps-converted-to.pdf Graphic file 
(type pdf)
<use class_l_l_table_dialog__inherit__graph-eps-converted-to.pdf>
Package pdftex.def Info: class_l_l_table_dialog__inherit__graph-eps-converted-t
o.pdf  used on input line 19.
(pdftex.def)             Requested size: 122.0pt x 117.74599pt.
Package epstopdf Info: Source file: <class_l_l_table_dialog__coll__graph.eps>
(epstopdf)                    date: 2026-10-04 22:45:38
(epstopdf)                    size: 5121 bytes
(epstopdf)             Output file: <class_l_l_table_dialog__coll__graph-eps-co
nverted-to.pdf>
(epstopdf)                    date: 2026-10-04 22:46:19
(epstopdf)                    size: 4659 bytes
(epstopdf)             Command: <repstopdf --outfile=class_l_l_table_dialog__co
ll__graph-eps-converted-to.pdf class_l_l_table_dialog__coll__graph.eps>
(epstopdf)             \includegraphics on input line 29.
Package epstopdf Info: Output file is already uptodate.
 <./class_l_l_table_dialog__coll__graph-eps-converted-to.pdf>
<class_l_l_table_dialog__coll__graph-eps-converted-to.pdf, id=8187, 86.3225pt x
 83.31125pt>
File: class_l_l_table_dialog__coll__graph-eps-converted-to.pdf Graphic file (ty
pe pdf)
<use class_l_l_table_dialog__coll__graph-eps-converted-to.pdf>
Package pdftex.def Info: class_l_l_table_dialog__coll__graph-eps-converted-to.p
df  used on input line 29.
(pdftex.def)             Requested size: 122.0pt x 117.74599pt.
 [109] [110]
Package epstopdf Info: Source file: <class_l_l_table_dialog_a3b3e1ec69138b66a5f
2239ec86466279_cgraph.eps>
(epstopdf)                    date: 2026-10-04 22:45:38
(epstopdf)                    size: 11197 bytes
(epstopdf)             Output file: <class_l_l_table_dialog_a3b3e1ec69138b66a5f
2239ec86466279_cgraph-eps-converted-to.pdf>
(epstopdf)                    date: 2026-10-04 22:46:19
(epstopdf)                    size: 7104 bytes
(epstopdf)             Command: <repstopdf --outfile=class_l_l_table_dialog_a3b
3e1ec69138b66a5f2239ec86466279_cgraph-eps-converted-to.pdf class_l_l_table_dial
og_a3b3e1ec69138b66a5f2239ec86466279_cgraph.eps>
(epstopdf)             \includegraphics on input line 89.
Package epstopdf Info: Output file is already uptodate.
 <./class_l_l_table_dialog_a3b3e1ec69138b66a5f2239ec86466279_cgraph-eps-convert
ed-to.pdf>
<class_l_l_table_dialog_a3b3e1ec69138b66a5f2239ec86466279_cgraph-eps-converted-
to.pdf, id=8232, 538.01pt x 205.76875pt>
File: class_l_l_table_dialog_a3b3e1ec69138b66a5f2239ec86466279_cgraph-eps-conve
rted-to.pdf Graphic file (type pdf)
<use class_l_l_table_dialog_a3b3e1ec69138b66a5f2239ec86466279_cgraph-eps-conver
ted-to.pdf>
Package pdftex.def Info: class_l_l_table_dialog_a3b3e1ec69138b66a5f2239ec864662
79_cgraph-eps-converted-to.pdf  used on input line 89.
(pdftex.def)             Requested size: 350.0pt x 133.86111pt.

Underfull \hbox (badness 10000) detected at line 106
[][][]
 []

Package epstopdf Info: Source file: <class_l_l_table_dialog_a75f516c03d82c5ee7f
5fbcc9cab7783a_icgraph.eps>
(epstopdf)                    date: 2026-10-04 22:45:38
(epstopdf)                    size: 5327 bytes
(epstopdf)             Output file: <class_l_l_table_dialog_a75f516c03d82c5ee7f
5fbcc9cab7783a_icgraph-eps-converted-to.pdf>
(epstopdf)                    date: 2026-10-04 22:46:19
(epstopdf)                    size: 4818 bytes
(epstopdf)             Command: <repstopdf --outfile=class_l_l_table_dialog_a75
f516c03d82c5ee7f5fbcc9cab7783a_icgraph-eps-converted-to.pdf class_l_l_table_dia
log_a75f516c03d82c5ee7f5fbcc9cab7783a_icgraph.eps>
(epstopdf)             \includegraphics on input line 114.
Package epstopdf Info: Output file is already uptodate.
 <./class_l_l_table_dialog_a75f516c03d82c5ee7f5fbcc9cab7783a_icgraph-eps-conver
ted-to.pdf>
<class_l_l_table_dialog_a75f516c03d82c5ee7f5fbcc9cab7783a_icgraph-eps-converted
-to.pdf, id=8239, 331.2375pt x 27.10126pt>
File: class_l_l_table_dialog_a75f516c03d82c5ee7f5fbcc9cab7783a_icgraph-eps-conv
erted-to.pdf Graphic file (type pdf)
<use class_l_l_table_dialog_a75f516c03d82c5ee7f5fbcc9cab7783a_icgraph-eps-conve
rted-to.pdf>
Package pdftex.def Info: class_l_l_table_dialog_a75f516c03d82c5ee7f5fbcc9cab778
3a_icgraph-eps-converted-to.pdf  used on input line 114.
(pdftex.def)             Requested size: 350.0pt x 28.63785pt.
Package epstopdf Info: Source file: <class_l_l_table_dialog_a874d8827dca791e348
df33b3587c5ebb_icgraph.eps>
(epstopdf)                    date: 2026-10-04 22:45:39
(epstopdf)                    size: 5334 bytes
(epstopdf)             Output file: <class_l_l_table_dialog_a874d8827dca791e348
df33b3587c5ebb_icgraph-eps-converted-to.pdf>
(epstopdf)                    date: 2026-10-04 22:46:19
(epstopdf)                    size: 5286 bytes
(epstopdf)             Command: <repstopdf --outfile=class_l_l_table_dialog_a87
4d8827dca791e348df33b3587c5ebb_icgraph-eps-converted-to.pdf class_l_l_table_dia
log_a874d8827dca791e348df33b3587c5ebb_icgraph.eps>
(epstopdf)             \includegraphics on input line 137.
Package epstopdf Info: Output file is already uptodate.
 <./class_l_l_table_dialog_a874d8827dca791e348df33b3587c5ebb_icgraph-eps-conver
ted-to.pdf>
<class_l_l_table_dialog_a874d8827dca791e348df33b3587c5ebb_icgraph-eps-converted
-to.pdf, id=8246, 349.305pt x 27.10126pt>
File: class_l_l_table_dialog_a874d8827dca791e348df33b3587c5ebb_icgraph-eps-conv
erted-to.pdf Graphic file (type pdf)
<use class_l_l_table_dialog_a874d8827dca791e348df33b3587c5ebb_icgraph-eps-conve
rted-to.pdf>
Package pdftex.def Info: class_l_l_table_dialog_a874d8827dca791e348df33b3587c5e
bb_icgraph-eps-converted-to.pdf  used on input line 137.
(pdftex.def)             Requested size: 350.0pt x 27.15659pt.
 [111]
Package epstopdf Info: Source file: <class_l_l_table_dialog_af6ff62b64182502d43
57c1cac30ac71f_icgraph.eps>
(epstopdf)                    date: 2026-10-04 22:45:38
(epstopdf)                    size: 5331 bytes
(epstopdf)             Output file: <class_l_l_table_dialog_af6ff62b64182502d43
57c1cac30ac71f_icgraph-eps-converted-to.pdf>
(epstopdf)                    date: 2026-10-04 22:46:19
(epstopdf)                    size: 5044 bytes
(epstopdf)             Command: <repstopdf --outfile=class_l_l_table_dialog_af6
ff62b64182502d4357c1cac30ac71f_icgraph-eps-converted-to.pdf class_l_l_table_dia
log_af6ff62b64182502d4357c1cac30ac71f_icgraph.eps>
(epstopdf)             \includegraphics on input line 209.
Package epstopdf Info: Output file is already uptodate.
 <./class_l_l_table_dialog_af6ff62b64182502d4357c1cac30ac71f_icgraph-eps-conver
ted-to.pdf>
<class_l_l_table_dialog_af6ff62b64182502d4357c1cac30ac71f_icgraph-eps-converted
-to.pdf, id=8263, 331.2375pt x 27.10126pt>
File: class_l_l_table_dialog_af6ff62b64182502d4357c1cac30ac71f_icgraph-eps-conv
erted-to.pdf Graphic file (type pdf)
<use class_l_l_table_dialog_af6ff62b64182502d4357c1cac30ac71f_icgraph-eps-conve
rted-to.pdf>
Package pdftex.def Info: class_l_l_table_dialog_af6ff62b64182502d4357c1cac30ac7
1f_icgraph-eps-converted-to.pdf  used on input line 209.
(pdftex.def)             Requested size: 350.0pt x 28.63785pt.
 [112]
Package epstopdf Info: Source file: <class_l_l_table_dialog_a5aafabe038ddf5f3cf
382f4263d1ce79_icgraph.eps>
(epstopdf)                    date: 2026-10-04 22:45:38
(epstopdf)                    size: 5321 bytes
(epstopdf)             Output file: <class_l_l_table_dialog_a5aafabe038ddf5f3cf
382f4263d1ce79_icgraph-eps-converted-to.pdf>
(epstopdf)                    date: 2026-10-04 22:46:20
(epstopdf)                    size: 5184 bytes
(epstopdf)             Command: <repstopdf --outfile=class_l_l_table_dialog_a5a
afabe038ddf5f3cf382f4263d1ce79_icgraph-eps-converted-to.pdf class_l_l_table_dia
log_a5aafabe038ddf5f3cf382f4263d1ce79_icgraph.eps>
(epstopdf)             \includegraphics on input line 232.
Package epstopdf Info: Output file is already uptodate.
 <./class_l_l_table_dialog_a5aafabe038ddf5f3cf382f4263d1ce79_icgraph-eps-conver
ted-to.pdf>
<class_l_l_table_dialog_a5aafabe038ddf5f3cf382f4263d1ce79_icgraph-eps-converted
-to.pdf, id=8279, 316.18124pt x 27.10126pt>
File: class_l_l_table_dialog_a5aafabe038ddf5f3cf382f4263d1ce79_icgraph-eps-conv
erted-to.pdf Graphic file (type pdf)
<use class_l_l_table_dialog_a5aafabe038ddf5f3cf382f4263d1ce79_icgraph-eps-conve
rted-to.pdf>
Package pdftex.def Info: class_l_l_table_dialog_a5aafabe038ddf5f3cf382f4263d1ce
79_icgraph-eps-converted-to.pdf  used on input line 232.
(pdftex.def)             Requested size: 350.0pt x 30.00209pt.
)
(./class_l_l_tutor_window.tex
Package epstopdf Info: Source file: <class_l_l_tutor_window__inherit__graph.eps
>
(epstopdf)                    date: 2026-10-04 22:45:38
(epstopdf)                    size: 5121 bytes
(epstopdf)             Output file: <class_l_l_tutor_window__inherit__graph-eps
-converted-to.pdf>
(epstopdf)                    date: 2026-10-04 22:46:20
(epstopdf)                    size: 4815 bytes
(epstopdf)             Command: <repstopdf --outfile=class_l_l_tutor_window__in
herit__graph-eps-converted-to.pdf class_l_l_tutor_window__inherit__graph.eps>
(epstopdf)             \includegraphics on input line 19.
Package epstopdf Info: Output file is already uptodate.
 <./class_l_l_tutor_window__inherit__graph-eps-converted-to.pdf>
<class_l_l_tutor_window__inherit__graph-eps-converted-to.pdf, id=8292, 92.345pt
 x 83.31125pt>
File: class_l_l_tutor_window__inherit__graph-eps-converted-to.pdf Graphic file 
(type pdf)
<use class_l_l_tutor_window__inherit__graph-eps-converted-to.pdf>
Package pdftex.def Info: class_l_l_tutor_window__inherit__graph-eps-converted-t
o.pdf  used on input line 19.
(pdftex.def)             Requested size: 128.0pt x 115.47939pt.
Package epstopdf Info: Source file: <class_l_l_tutor_window__coll__graph.eps>
(epstopdf)                    date: 2026-10-04 22:45:38
(epstopdf)                    size: 5121 bytes
(epstopdf)             Output file: <class_l_l_tutor_window__coll__graph-eps-co
nverted-to.pdf>
(epstopdf)                    date: 2026-10-04 22:46:20
(epstopdf)                    size: 4815 bytes
(epstopdf)             Command: <repstopdf --outfile=class_l_l_tutor_window__co
ll__graph-eps-converted-to.pdf class_l_l_tutor_window__coll__graph.eps>
(epstopdf)             \includegraphics on input line 29.
Package epstopdf Info: Output file is already uptodate.
 <./class_l_l_tutor_window__coll__graph-eps-converted-to.pdf>
<class_l_l_tutor_window__coll__graph-eps-converted-to.pdf, id=8299, 92.345pt x 
83.31125pt>
File: class_l_l_tutor_window__coll__graph-eps-converted-to.pdf Graphic file (ty
pe pdf)
<use class_l_l_tutor_window__coll__graph-eps-converted-to.pdf>
Package pdftex.def Info: class_l_l_tutor_window__coll__graph-eps-converted-to.p
df  used on input line 29.
(pdftex.def)             Requested size: 128.0pt x 115.47939pt.

[113] [114] [115]
Package epstopdf Info: Source file: <class_l_l_tutor_window_ad15dd9b88144f9123f
905900a713026e_cgraph.eps>
(epstopdf)                    date: 2026-10-04 22:45:38
(epstopdf)                    size: 73217 bytes
(epstopdf)             Output file: <class_l_l_tutor_window_ad15dd9b88144f9123f
905900a713026e_cgraph-eps-converted-to.pdf>
(epstopdf)                    date: 2026-10-04 22:46:20
(epstopdf)                    size: 18028 bytes
(epstopdf)             Command: <repstopdf --outfile=class_l_l_tutor_window_ad1
5dd9b88144f9123f905900a713026e_cgraph-eps-converted-to.pdf class_l_l_tutor_wind
ow_ad15dd9b88144f9123f905900a713026e_cgraph.eps>
(epstopdf)             \includegraphics on input line 227.
Package epstopdf Info: Output file is already uptodate.
 <./class_l_l_tutor_window_ad15dd9b88144f9123f905900a713026e_cgraph-eps-convert
ed-to.pdf>
<class_l_l_tutor_window_ad15dd9b88144f9123f905900a713026e_cgraph-eps-converted-
to.pdf, id=8563, 1540.75626pt x 1576.89125pt>
File: class_l_l_tutor_window_ad15dd9b88144f9123f905900a713026e_cgraph-eps-conve
rted-to.pdf Graphic file (type pdf)
<use class_l_l_tutor_window_ad15dd9b88144f9123f905900a713026e_cgraph-eps-conver
ted-to.pdf>
Package pdftex.def Info: class_l_l_tutor_window_ad15dd9b88144f9123f905900a71302
6e_cgraph-eps-converted-to.pdf  used on input line 227.
(pdftex.def)             Requested size: 350.0pt x 358.20195pt.
Package epstopdf Info: Source file: <class_l_l_tutor_window_ad15dd9b88144f9123f
905900a713026e_icgraph.eps>
(epstopdf)                    date: 2026-10-04 22:45:38
(epstopdf)                    size: 15915 bytes
(epstopdf)             Output file: <class_l_l_tutor_window_ad15dd9b88144f9123f
905900a713026e_icgraph-eps-converted-to.pdf>
(epstopdf)                    date: 2026-10-04 22:46:20
(epstopdf)                    size: 8034 bytes
(epstopdf)             Command: <repstopdf --outfile=class_l_l_tutor_window_ad1
5dd9b88144f9123f905900a713026e_icgraph-eps-converted-to.pdf class_l_l_tutor_win
dow_ad15dd9b88144f9123f905900a713026e_icgraph.eps>
(epstopdf)             \includegraphics on input line 235.
Package epstopdf Info: Output file is already uptodate.
 <./class_l_l_tutor_window_ad15dd9b88144f9123f905900a713026e_icgraph-eps-conver
ted-to.pdf>
<class_l_l_tutor_window_ad15dd9b88144f9123f905900a713026e_icgraph-eps-converted
-to.pdf, id=8570, 1273.75874pt x 166.6225pt>
File: class_l_l_tutor_window_ad15dd9b88144f9123f905900a713026e_icgraph-eps-conv
erted-to.pdf Graphic file (type pdf)
<use class_l_l_tutor_window_ad15dd9b88144f9123f905900a713026e_icgraph-eps-conve
rted-to.pdf>
Package pdftex.def Info: class_l_l_tutor_window_ad15dd9b88144f9123f905900a71302
6e_icgraph-eps-converted-to.pdf  used on input line 235.
(pdftex.def)             Requested size: 350.0pt x 45.7819pt.
 [116]
Package epstopdf Info: Source file: <class_l_l_tutor_window_a409bbf7e88e5d62095
799727cec724a6_icgraph.eps>
(epstopdf)                    date: 2026-10-04 22:45:38
(epstopdf)                    size: 16970 bytes
(epstopdf)             Output file: <class_l_l_tutor_window_a409bbf7e88e5d62095
799727cec724a6_icgraph-eps-converted-to.pdf>
(epstopdf)                    date: 2026-10-04 22:46:20
(epstopdf)                    size: 8489 bytes
(epstopdf)             Command: <repstopdf --outfile=class_l_l_tutor_window_a40
9bbf7e88e5d62095799727cec724a6_icgraph-eps-converted-to.pdf class_l_l_tutor_win
dow_a409bbf7e88e5d62095799727cec724a6_icgraph.eps>
(epstopdf)             \includegraphics on input line 263.
Package epstopdf Info: Output file is already uptodate.
 <./class_l_l_tutor_window_a409bbf7e88e5d62095799727cec724a6_icgraph-eps-conver
ted-to.pdf>
<class_l_l_tutor_window_a409bbf7e88e5d62095799727cec724a6_icgraph-eps-converted
-to.pdf, id=8584, 1456.44125pt x 166.6225pt>
File: class_l_l_tutor_window_a409bbf7e88e5d62095799727cec724a6_icgraph-eps-conv
erted-to.pdf Graphic file (type pdf)
<use class_l_l_tutor_window_a409bbf7e88e5d62095799727cec724a6_icgraph-eps-conve
rted-to.pdf>
Package pdftex.def Info: class_l_l_tutor_window_a409bbf7e88e5d62095799727cec724
a6_icgraph-eps-converted-to.pdf  used on input line 263.
(pdftex.def)             Requested size: 350.0pt x 40.04106pt.
Package epstopdf Info: Source file: <class_l_l_tutor_window_ad444321598f7c59c43
a8ba36d05dee82_icgraph.eps>
(epstopdf)                    date: 2026-10-04 22:45:38
(epstopdf)                    size: 5307 bytes
(epstopdf)             Output file: <class_l_l_tutor_window_ad444321598f7c59c43
a8ba36d05dee82_icgraph-eps-converted-to.pdf>
(epstopdf)                    date: 2026-10-04 22:46:21
(epstopdf)                    size: 5467 bytes
(epstopdf)             Command: <repstopdf --outfile=class_l_l_tutor_window_ad4
44321598f7c59c43a8ba36d05dee82_icgraph-eps-converted-to.pdf class_l_l_tutor_win
dow_ad444321598f7c59c43a8ba36d05dee82_icgraph.eps>
(epstopdf)             \includegraphics on input line 277.
Package epstopdf Info: Output file is already uptodate.
 <./class_l_l_tutor_window_ad444321598f7c59c43a8ba36d05dee82_icgraph-eps-conver
ted-to.pdf>
<class_l_l_tutor_window_ad444321598f7c59c43a8ba36d05dee82_icgraph-eps-converted
-to.pdf, id=8591, 332.24126pt x 27.10126pt>
File: class_l_l_tutor_window_ad444321598f7c59c43a8ba36d05dee82_icgraph-eps-conv
erted-to.pdf Graphic file (type pdf)
<use class_l_l_tutor_window_ad444321598f7c59c43a8ba36d05dee82_icgraph-eps-conve
rted-to.pdf>
Package pdftex.def Info: class_l_l_tutor_window_ad444321598f7c59c43a8ba36d05dee
82_icgraph-eps-converted-to.pdf  used on input line 277.
(pdftex.def)             Requested size: 350.0pt x 28.55142pt.
Package epstopdf Info: Source file: <class_l_l_tutor_window_a682ffc33558706d371
fd4c83ea1428f1_icgraph.eps>
(epstopdf)                    date: 2026-10-04 22:45:38
(epstopdf)                    size: 17992 bytes
(epstopdf)             Output file: <class_l_l_tutor_window_a682ffc33558706d371
fd4c83ea1428f1_icgraph-eps-converted-to.pdf>
(epstopdf)                    date: 2026-10-04 22:46:21
(epstopdf)                    size: 8727 bytes
(epstopdf)             Command: <repstopdf --outfile=class_l_l_tutor_window_a68
2ffc33558706d371fd4c83ea1428f1_icgraph-eps-converted-to.pdf class_l_l_tutor_win
dow_a682ffc33558706d371fd4c83ea1428f1_icgraph.eps>
(epstopdf)             \includegraphics on input line 291.
Package epstopdf Info: Output file is already uptodate.
 <./class_l_l_tutor_window_a682ffc33558706d371fd4c83ea1428f1_icgraph-eps-conver
ted-to.pdf>
<class_l_l_tutor_window_a682ffc33558706d371fd4c83ea1428f1_icgraph-eps-converted
-to.pdf, id=8598, 1659.19875pt x 166.6225pt>
File: class_l_l_tutor_window_a682ffc33558706d371fd4c83ea1428f1_icgraph-eps-conv
erted-to.pdf Graphic file (type pdf)
<use class_l_l_tutor_window_a682ffc33558706d371fd4c83ea1428f1_icgraph-eps-conve
rted-to.pdf>
Package pdftex.def Info: class_l_l_tutor_window_a682ffc33558706d371fd4c83ea1428
f1_icgraph-eps-converted-to.pdf  used on input line 291.
(pdftex.def)             Requested size: 350.0pt x 35.14684pt.

[117]
Package epstopdf Info: Source file: <class_l_l_tutor_window_aacc2ce021a0c40da4f
19b27a787238de_cgraph.eps>
(epstopdf)                    date: 2026-10-04 22:45:38
(epstopdf)                    size: 14726 bytes
(epstopdf)             Output file: <class_l_l_tutor_window_aacc2ce021a0c40da4f
19b27a787238de_cgraph-eps-converted-to.pdf>
(epstopdf)                    date: 2026-10-04 22:46:21
(epstopdf)                    size: 7631 bytes
(epstopdf)             Command: <repstopdf --outfile=class_l_l_tutor_window_aac
c2ce021a0c40da4f19b27a787238de_cgraph-eps-converted-to.pdf class_l_l_tutor_wind
ow_aacc2ce021a0c40da4f19b27a787238de_cgraph.eps>
(epstopdf)             \includegraphics on input line 321.
Package epstopdf Info: Output file is already uptodate.
 <./class_l_l_tutor_window_aacc2ce021a0c40da4f19b27a787238de_cgraph-eps-convert
ed-to.pdf>
<class_l_l_tutor_window_aacc2ce021a0c40da4f19b27a787238de_cgraph-eps-converted-
to.pdf, id=8614, 1188.44pt x 100.375pt>
File: class_l_l_tutor_window_aacc2ce021a0c40da4f19b27a787238de_cgraph-eps-conve
rted-to.pdf Graphic file (type pdf)
<use class_l_l_tutor_window_aacc2ce021a0c40da4f19b27a787238de_cgraph-eps-conver
ted-to.pdf>
Package pdftex.def Info: class_l_l_tutor_window_aacc2ce021a0c40da4f19b27a787238
de_cgraph-eps-converted-to.pdf  used on input line 321.
(pdftex.def)             Requested size: 350.0pt x 29.56134pt.
Package epstopdf Info: Source file: <class_l_l_tutor_window_a640b1b58ce55b7ff49
f00f434afc853a_cgraph.eps>
(epstopdf)                    date: 2026-10-04 22:45:38
(epstopdf)                    size: 5467 bytes
(epstopdf)             Output file: <class_l_l_tutor_window_a640b1b58ce55b7ff49
f00f434afc853a_cgraph-eps-converted-to.pdf>
(epstopdf)                    date: 2026-10-04 22:46:21
(epstopdf)                    size: 5700 bytes
(epstopdf)             Command: <repstopdf --outfile=class_l_l_tutor_window_a64
0b1b58ce55b7ff49f00f434afc853a_cgraph-eps-converted-to.pdf class_l_l_tutor_wind
ow_a640b1b58ce55b7ff49f00f434afc853a_cgraph.eps>
(epstopdf)             \includegraphics on input line 335.
Package epstopdf Info: Output file is already uptodate.
 <./class_l_l_tutor_window_a640b1b58ce55b7ff49f00f434afc853a_cgraph-eps-convert
ed-to.pdf>
<class_l_l_tutor_window_a640b1b58ce55b7ff49f00f434afc853a_cgraph-eps-converted-
to.pdf, id=8625, 357.335pt x 39.14626pt>
File: class_l_l_tutor_window_a640b1b58ce55b7ff49f00f434afc853a_cgraph-eps-conve
rted-to.pdf Graphic file (type pdf)
<use class_l_l_tutor_window_a640b1b58ce55b7ff49f00f434afc853a_cgraph-eps-conver
ted-to.pdf>
Package pdftex.def Info: class_l_l_tutor_window_a640b1b58ce55b7ff49f00f434afc85
3a_cgraph-eps-converted-to.pdf  used on input line 335.
(pdftex.def)             Requested size: 350.0pt x 38.34453pt.
Package epstopdf Info: Source file: <class_l_l_tutor_window_a640b1b58ce55b7ff49
f00f434afc853a_icgraph.eps>
(epstopdf)                    date: 2026-10-04 22:45:39
(epstopdf)                    size: 16910 bytes
(epstopdf)             Output file: <class_l_l_tutor_window_a640b1b58ce55b7ff49
f00f434afc853a_icgraph-eps-converted-to.pdf>
(epstopdf)                    date: 2026-10-04 22:46:21
(epstopdf)                    size: 8402 bytes
(epstopdf)             Command: <repstopdf --outfile=class_l_l_tutor_window_a64
0b1b58ce55b7ff49f00f434afc853a_icgraph-eps-converted-to.pdf class_l_l_tutor_win
dow_a640b1b58ce55b7ff49f00f434afc853a_icgraph.eps>
(epstopdf)             \includegraphics on input line 343.
Package epstopdf Info: Output file is already uptodate.
 <./class_l_l_tutor_window_a640b1b58ce55b7ff49f00f434afc853a_icgraph-eps-conver
ted-to.pdf>
<class_l_l_tutor_window_a640b1b58ce55b7ff49f00f434afc853a_icgraph-eps-converted
-to.pdf, id=8632, 1486.55376pt x 166.6225pt>
File: class_l_l_tutor_window_a640b1b58ce55b7ff49f00f434afc853a_icgraph-eps-conv
erted-to.pdf Graphic file (type pdf)
<use class_l_l_tutor_window_a640b1b58ce55b7ff49f00f434afc853a_icgraph-eps-conve
rted-to.pdf>
Package pdftex.def Info: class_l_l_tutor_window_a640b1b58ce55b7ff49f00f434afc85
3a_icgraph-eps-converted-to.pdf  used on input line 343.
(pdftex.def)             Requested size: 350.0pt x 39.23001pt.

Underfull \hbox (badness 10000) in paragraph at lines 350--351
|  \T1/pcr/m/n/8 std::[]vector$\OML/cmm/m/it/8 <$ \T1/pcr/m/n/8 std::[]pair$\OM
L/cmm/m/it/8 <$ \T1/pcr/m/n/8 std::[]string, std::[]vector$\OML/cmm/m/it/8 <$ \
T1/pcr/m/n/8 std::[]string $\OML/cmm/m/it/8 >$ $>$ $>$ \T1/pcr/m/n/8 & \T1/pcr/
m/sl/8 active[]_[]
 []

Package epstopdf Info: Source file: <class_l_l_tutor_window_acd631fc33e5dbb6197
bfc7b3d2b451f2_icgraph.eps>
(epstopdf)                    date: 2026-10-04 22:45:39
(epstopdf)                    size: 5360 bytes
(epstopdf)             Output file: <class_l_l_tutor_window_acd631fc33e5dbb6197
bfc7b3d2b451f2_icgraph-eps-converted-to.pdf>
(epstopdf)                    date: 2026-10-04 22:46:21
(epstopdf)                    size: 5026 bytes
(epstopdf)             Command: <repstopdf --outfile=class_l_l_tutor_window_acd
631fc33e5dbb6197bfc7b3d2b451f2_icgraph-eps-converted-to.pdf class_l_l_tutor_win
dow_acd631fc33e5dbb6197bfc7b3d2b451f2_icgraph.eps>
(epstopdf)             \includegraphics on input line 357.
Package epstopdf Info: Output file is already uptodate.
 <./class_l_l_tutor_window_acd631fc33e5dbb6197bfc7b3d2b451f2_icgraph-eps-conver
ted-to.pdf>
<class_l_l_tutor_window_acd631fc33e5dbb6197bfc7b3d2b451f2_icgraph-eps-converted
-to.pdf, id=8641, 333.245pt x 27.10126pt>
File: class_l_l_tutor_window_acd631fc33e5dbb6197bfc7b3d2b451f2_icgraph-eps-conv
erted-to.pdf Graphic file (type pdf)
<use class_l_l_tutor_window_acd631fc33e5dbb6197bfc7b3d2b451f2_icgraph-eps-conve
rted-to.pdf>
Package pdftex.def Info: class_l_l_tutor_window_acd631fc33e5dbb6197bfc7b3d2b451
f2_icgraph-eps-converted-to.pdf  used on input line 357.
(pdftex.def)             Requested size: 350.0pt x 28.46582pt.
Package epstopdf Info: Source file: <class_l_l_tutor_window_a672ef2276b662e3b61
51af0511bccd5e_cgraph.eps>
(epstopdf)                    date: 2026-10-04 22:45:38
(epstopdf)                    size: 5361 bytes
(epstopdf)             Output file: <class_l_l_tutor_window_a672ef2276b662e3b61
51af0511bccd5e_cgraph-eps-converted-to.pdf>
(epstopdf)                    date: 2026-10-04 22:46:22
(epstopdf)                    size: 5186 bytes
(epstopdf)             Command: <repstopdf --outfile=class_l_l_tutor_window_a67
2ef2276b662e3b6151af0511bccd5e_cgraph-eps-converted-to.pdf class_l_l_tutor_wind
ow_a672ef2276b662e3b6151af0511bccd5e_cgraph.eps>
(epstopdf)             \includegraphics on input line 371.
Package epstopdf Info: Output file is already uptodate.
 <./class_l_l_tutor_window_a672ef2276b662e3b6151af0511bccd5e_cgraph-eps-convert
ed-to.pdf>
<class_l_l_tutor_window_a672ef2276b662e3b6151af0511bccd5e_cgraph-eps-converted-
to.pdf, id=8648, 343.2825pt x 27.10126pt>
File: class_l_l_tutor_window_a672ef2276b662e3b6151af0511bccd5e_cgraph-eps-conve
rted-to.pdf Graphic file (type pdf)
<use class_l_l_tutor_window_a672ef2276b662e3b6151af0511bccd5e_cgraph-eps-conver
ted-to.pdf>
Package pdftex.def Info: class_l_l_tutor_window_a672ef2276b662e3b6151af0511bccd
5e_cgraph-eps-converted-to.pdf  used on input line 371.
(pdftex.def)             Requested size: 350.0pt x 27.63132pt.
 [118]
Package epstopdf Info: Source file: <class_l_l_tutor_window_a9502636394b205fc02
2204b066ad41b7_icgraph.eps>
(epstopdf)                    date: 2026-10-04 22:45:38
(epstopdf)                    size: 5464 bytes
(epstopdf)             Output file: <class_l_l_tutor_window_a9502636394b205fc02
2204b066ad41b7_icgraph-eps-converted-to.pdf>
(epstopdf)                    date: 2026-10-04 22:46:22
(epstopdf)                    size: 5744 bytes
(epstopdf)             Command: <repstopdf --outfile=class_l_l_tutor_window_a95
02636394b205fc022204b066ad41b7_icgraph-eps-converted-to.pdf class_l_l_tutor_win
dow_a9502636394b205fc022204b066ad41b7_icgraph.eps>
(epstopdf)             \includegraphics on input line 385.
Package epstopdf Info: Output file is already uptodate.
 <./class_l_l_tutor_window_a9502636394b205fc022204b066ad41b7_icgraph-eps-conver
ted-to.pdf>
<class_l_l_tutor_window_a9502636394b205fc022204b066ad41b7_icgraph-eps-converted
-to.pdf, id=8665, 377.41pt x 39.14626pt>
File: class_l_l_tutor_window_a9502636394b205fc022204b066ad41b7_icgraph-eps-conv
erted-to.pdf Graphic file (type pdf)
<use class_l_l_tutor_window_a9502636394b205fc022204b066ad41b7_icgraph-eps-conve
rted-to.pdf>
Package pdftex.def Info: class_l_l_tutor_window_a9502636394b205fc022204b066ad41
b7_icgraph-eps-converted-to.pdf  used on input line 385.
(pdftex.def)             Requested size: 350.0pt x 36.30289pt.
Package epstopdf Info: Source file: <class_l_l_tutor_window_a596efe8e5c8066fd50
a37e8ae02d6e67_icgraph.eps>
(epstopdf)                    date: 2026-10-04 22:45:39
(epstopdf)                    size: 17165 bytes
(epstopdf)             Output file: <class_l_l_tutor_window_a596efe8e5c8066fd50
a37e8ae02d6e67_icgraph-eps-converted-to.pdf>
(epstopdf)                    date: 2026-10-04 22:46:22
(epstopdf)                    size: 8222 bytes
(epstopdf)             Command: <repstopdf --outfile=class_l_l_tutor_window_a59
6efe8e5c8066fd50a37e8ae02d6e67_icgraph-eps-converted-to.pdf class_l_l_tutor_win
dow_a596efe8e5c8066fd50a37e8ae02d6e67_icgraph.eps>
(epstopdf)             \includegraphics on input line 399.
Package epstopdf Info: Output file is already uptodate.
 <./class_l_l_tutor_window_a596efe8e5c8066fd50a37e8ae02d6e67_icgraph-eps-conver
ted-to.pdf>
<class_l_l_tutor_window_a596efe8e5c8066fd50a37e8ae02d6e67_icgraph-eps-converted
-to.pdf, id=8672, 1262.7175pt x 206.7725pt>
File: class_l_l_tutor_window_a596efe8e5c8066fd50a37e8ae02d6e67_icgraph-eps-conv
erted-to.pdf Graphic file (type pdf)
<use class_l_l_tutor_window_a596efe8e5c8066fd50a37e8ae02d6e67_icgraph-eps-conve
rted-to.pdf>
Package pdftex.def Info: class_l_l_tutor_window_a596efe8e5c8066fd50a37e8ae02d6e
67_icgraph-eps-converted-to.pdf  used on input line 399.
(pdftex.def)             Requested size: 350.0pt x 57.31221pt.
Package epstopdf Info: Source file: <class_l_l_tutor_window_a4fae474d5dc37ae025
2044f62316ce5b_icgraph.eps>
(epstopdf)                    date: 2026-10-04 22:45:38
(epstopdf)                    size: 17092 bytes
(epstopdf)             Output file: <class_l_l_tutor_window_a4fae474d5dc37ae025
2044f62316ce5b_icgraph-eps-converted-to.pdf>
(epstopdf)                    date: 2026-10-04 22:46:22
(epstopdf)                    size: 8322 bytes
(epstopdf)             Command: <repstopdf --outfile=class_l_l_tutor_window_a4f
ae474d5dc37ae0252044f62316ce5b_icgraph-eps-converted-to.pdf class_l_l_tutor_win
dow_a4fae474d5dc37ae0252044f62316ce5b_icgraph.eps>
(epstopdf)             \includegraphics on input line 426.
Package epstopdf Info: Output file is already uptodate.
 <./class_l_l_tutor_window_a4fae474d5dc37ae0252044f62316ce5b_icgraph-eps-conver
ted-to.pdf>
<class_l_l_tutor_window_a4fae474d5dc37ae0252044f62316ce5b_icgraph-eps-converted
-to.pdf, id=8681, 1302.8675pt x 206.7725pt>
File: class_l_l_tutor_window_a4fae474d5dc37ae0252044f62316ce5b_icgraph-eps-conv
erted-to.pdf Graphic file (type pdf)
<use class_l_l_tutor_window_a4fae474d5dc37ae0252044f62316ce5b_icgraph-eps-conve
rted-to.pdf>
Package pdftex.def Info: class_l_l_tutor_window_a4fae474d5dc37ae0252044f62316ce
5b_icgraph-eps-converted-to.pdf  used on input line 426.
(pdftex.def)             Requested size: 350.0pt x 55.54535pt.
 [119]
Package epstopdf Info: Source file: <class_l_l_tutor_window_a36728cc5c78e316c21
40422b828cc733_icgraph.eps>
(epstopdf)                    date: 2026-10-04 22:45:38
(epstopdf)                    size: 18394 bytes
(epstopdf)             Output file: <class_l_l_tutor_window_a36728cc5c78e316c21
40422b828cc733_icgraph-eps-converted-to.pdf>
(epstopdf)                    date: 2026-10-04 22:46:22
(epstopdf)                    size: 8373 bytes
(epstopdf)             Command: <repstopdf --outfile=class_l_l_tutor_window_a36
728cc5c78e316c2140422b828cc733_icgraph-eps-converted-to.pdf class_l_l_tutor_win
dow_a36728cc5c78e316c2140422b828cc733_icgraph.eps>
(epstopdf)             \includegraphics on input line 440.
Package epstopdf Info: Output file is already uptodate.
 <./class_l_l_tutor_window_a36728cc5c78e316c2140422b828cc733_icgraph-eps-conver
ted-to.pdf>
<class_l_l_tutor_window_a36728cc5c78e316c2140422b828cc733_icgraph-eps-converted
-to.pdf, id=8699, 1801.73125pt x 140.525pt>
File: class_l_l_tutor_window_a36728cc5c78e316c2140422b828cc733_icgraph-eps-conv
erted-to.pdf Graphic file (type pdf)
<use class_l_l_tutor_window_a36728cc5c78e316c2140422b828cc733_icgraph-eps-conve
rted-to.pdf>
Package pdftex.def Info: class_l_l_tutor_window_a36728cc5c78e316c2140422b828cc7
33_icgraph-eps-converted-to.pdf  used on input line 440.
(pdftex.def)             Requested size: 350.0pt x 27.29611pt.
Package epstopdf Info: Source file: <class_l_l_tutor_window_ae84d8563c6b94776c7
3e299e7dfa7973_cgraph.eps>
(epstopdf)                    date: 2026-10-04 22:45:38
(epstopdf)                    size: 5362 bytes
(epstopdf)             Output file: <class_l_l_tutor_window_ae84d8563c6b94776c7
3e299e7dfa7973_cgraph-eps-converted-to.pdf>
(epstopdf)                    date: 2026-10-04 22:46:23
(epstopdf)                    size: 5020 bytes
(epstopdf)             Command: <repstopdf --outfile=class_l_l_tutor_window_ae8
4d8563c6b94776c73e299e7dfa7973_cgraph-eps-converted-to.pdf class_l_l_tutor_wind
ow_ae84d8563c6b94776c73e299e7dfa7973_cgraph.eps>
(epstopdf)             \includegraphics on input line 454.
Package epstopdf Info: Output file is already uptodate.
 <./class_l_l_tutor_window_ae84d8563c6b94776c73e299e7dfa7973_cgraph-eps-convert
ed-to.pdf>
<class_l_l_tutor_window_ae84d8563c6b94776c73e299e7dfa7973_cgraph-eps-converted-
to.pdf, id=8706, 333.245pt x 27.10126pt>
File: class_l_l_tutor_window_ae84d8563c6b94776c73e299e7dfa7973_cgraph-eps-conve
rted-to.pdf Graphic file (type pdf)
<use class_l_l_tutor_window_ae84d8563c6b94776c73e299e7dfa7973_cgraph-eps-conver
ted-to.pdf>
Package pdftex.def Info: class_l_l_tutor_window_ae84d8563c6b94776c73e299e7dfa79
73_cgraph-eps-converted-to.pdf  used on input line 454.
(pdftex.def)             Requested size: 350.0pt x 28.46582pt.
Package epstopdf Info: Source file: <class_l_l_tutor_window_a0b2bb48a1e99dc653b
c6c5b8c2a79b4e_icgraph.eps>
(epstopdf)                    date: 2026-10-04 22:45:38
(epstopdf)                    size: 17093 bytes
(epstopdf)             Output file: <class_l_l_tutor_window_a0b2bb48a1e99dc653b
c6c5b8c2a79b4e_icgraph-eps-converted-to.pdf>
(epstopdf)                    date: 2026-10-04 22:46:23
(epstopdf)                    size: 8286 bytes
(epstopdf)             Command: <repstopdf --outfile=class_l_l_tutor_window_a0b
2bb48a1e99dc653bc6c5b8c2a79b4e_icgraph-eps-converted-to.pdf class_l_l_tutor_win
dow_a0b2bb48a1e99dc653bc6c5b8c2a79b4e_icgraph.eps>
(epstopdf)             \includegraphics on input line 472.
Package epstopdf Info: Output file is already uptodate.
 <./class_l_l_tutor_window_a0b2bb48a1e99dc653bc6c5b8c2a79b4e_icgraph-eps-conver
ted-to.pdf>
<class_l_l_tutor_window_a0b2bb48a1e99dc653bc6c5b8c2a79b4e_icgraph-eps-converted
-to.pdf, id=8714, 1290.8225pt x 206.7725pt>
File: class_l_l_tutor_window_a0b2bb48a1e99dc653bc6c5b8c2a79b4e_icgraph-eps-conv
erted-to.pdf Graphic file (type pdf)
<use class_l_l_tutor_window_a0b2bb48a1e99dc653bc6c5b8c2a79b4e_icgraph-eps-conve
rted-to.pdf>
Package pdftex.def Info: class_l_l_tutor_window_a0b2bb48a1e99dc653bc6c5b8c2a79b
4e_icgraph-eps-converted-to.pdf  used on input line 472.
(pdftex.def)             Requested size: 350.0pt x 56.06279pt.
Package epstopdf Info: Source file: <class_l_l_tutor_window_ad327a0a69d7d746652
f27d68af18d891_cgraph.eps>
(epstopdf)                    date: 2026-10-04 22:45:38
(epstopdf)                    size: 21436 bytes
(epstopdf)             Output file: <class_l_l_tutor_window_ad327a0a69d7d746652
f27d68af18d891_cgraph-eps-converted-to.pdf>
(epstopdf)                    date: 2026-10-04 22:46:23
(epstopdf)                    size: 9078 bytes
(epstopdf)             Command: <repstopdf --outfile=class_l_l_tutor_window_ad3
27a0a69d7d746652f27d68af18d891_cgraph-eps-converted-to.pdf class_l_l_tutor_wind
ow_ad327a0a69d7d746652f27d68af18d891_cgraph.eps>
(epstopdf)             \includegraphics on input line 496.
Package epstopdf Info: Output file is already uptodate.
 <./class_l_l_tutor_window_ad327a0a69d7d746652f27d68af18d891_cgraph-eps-convert
ed-to.pdf>
<class_l_l_tutor_window_ad327a0a69d7d746652f27d68af18d891_cgraph-eps-converted-
to.pdf, id=8721, 1221.56375pt x 269.005pt>
File: class_l_l_tutor_window_ad327a0a69d7d746652f27d68af18d891_cgraph-eps-conve
rted-to.pdf Graphic file (type pdf)
<use class_l_l_tutor_window_ad327a0a69d7d746652f27d68af18d891_cgraph-eps-conver
ted-to.pdf>
Package pdftex.def Info: class_l_l_tutor_window_ad327a0a69d7d746652f27d68af18d8
91_cgraph-eps-converted-to.pdf  used on input line 496.
(pdftex.def)             Requested size: 350.0pt x 77.07358pt.
 [120]
Package epstopdf Info: Source file: <class_l_l_tutor_window_ad327a0a69d7d746652
f27d68af18d891_icgraph.eps>
(epstopdf)                    date: 2026-10-04 22:45:38
(epstopdf)                    size: 5451 bytes
(epstopdf)             Output file: <class_l_l_tutor_window_ad327a0a69d7d746652
f27d68af18d891_icgraph-eps-converted-to.pdf>
(epstopdf)                    date: 2026-10-04 22:46:23
(epstopdf)                    size: 5779 bytes
(epstopdf)             Command: <repstopdf --outfile=class_l_l_tutor_window_ad3
27a0a69d7d746652f27d68af18d891_icgraph-eps-converted-to.pdf class_l_l_tutor_win
dow_ad327a0a69d7d746652f27d68af18d891_icgraph.eps>
(epstopdf)             \includegraphics on input line 504.
Package epstopdf Info: Output file is already uptodate.
 <./class_l_l_tutor_window_ad327a0a69d7d746652f27d68af18d891_icgraph-eps-conver
ted-to.pdf>
<class_l_l_tutor_window_ad327a0a69d7d746652f27d68af18d891_icgraph-eps-converted
-to.pdf, id=8735, 385.44pt x 39.14626pt>
File: class_l_l_tutor_window_ad327a0a69d7d746652f27d68af18d891_icgraph-eps-conv
erted-to.pdf Graphic file (type pdf)
<use class_l_l_tutor_window_ad327a0a69d7d746652f27d68af18d891_icgraph-eps-conve
rted-to.pdf>
Package pdftex.def Info: class_l_l_tutor_window_ad327a0a69d7d746652f27d68af18d8
91_icgraph-eps-converted-to.pdf  used on input line 504.
(pdftex.def)             Requested size: 350.0pt x 35.54668pt.
Package epstopdf Info: Source file: <class_l_l_tutor_window_a94ddf1d30839b71914
79c24588a760bc_icgraph.eps>
(epstopdf)                    date: 2026-10-04 22:45:38
(epstopdf)                    size: 21039 bytes
(epstopdf)             Output file: <class_l_l_tutor_window_a94ddf1d30839b71914
79c24588a760bc_icgraph-eps-converted-to.pdf>
(epstopdf)                    date: 2026-10-04 22:46:23
(epstopdf)                    size: 8780 bytes
(epstopdf)             Command: <repstopdf --outfile=class_l_l_tutor_window_a94
ddf1d30839b7191479c24588a760bc_icgraph-eps-converted-to.pdf class_l_l_tutor_win
dow_a94ddf1d30839b7191479c24588a760bc_icgraph.eps>
(epstopdf)             \includegraphics on input line 518.
Package epstopdf Info: Output file is already uptodate.
 <./class_l_l_tutor_window_a94ddf1d30839b7191479c24588a760bc_icgraph-eps-conver
ted-to.pdf>
<class_l_l_tutor_window_a94ddf1d30839b7191479c24588a760bc_icgraph-eps-converted
-to.pdf, id=8742, 1632.0975pt x 211.79124pt>
File: class_l_l_tutor_window_a94ddf1d30839b7191479c24588a760bc_icgraph-eps-conv
erted-to.pdf Graphic file (type pdf)
<use class_l_l_tutor_window_a94ddf1d30839b7191479c24588a760bc_icgraph-eps-conve
rted-to.pdf>
Package pdftex.def Info: class_l_l_tutor_window_a94ddf1d30839b7191479c24588a760
bc_icgraph-eps-converted-to.pdf  used on input line 518.
(pdftex.def)             Requested size: 350.0pt x 45.41788pt.
Package epstopdf Info: Source file: <class_l_l_tutor_window_a7aaded0d4be413f66c
9468b5ceff3314_cgraph.eps>
(epstopdf)                    date: 2026-10-04 22:45:38
(epstopdf)                    size: 73212 bytes
(epstopdf)             Output file: <class_l_l_tutor_window_a7aaded0d4be413f66c
9468b5ceff3314_cgraph-eps-converted-to.pdf>
(epstopdf)                    date: 2026-10-04 22:46:23
(epstopdf)                    size: 17921 bytes
(epstopdf)             Command: <repstopdf --outfile=class_l_l_tutor_window_a7a
aded0d4be413f66c9468b5ceff3314_cgraph-eps-converted-to.pdf class_l_l_tutor_wind
ow_a7aaded0d4be413f66c9468b5ceff3314_cgraph.eps>
(epstopdf)             \includegraphics on input line 532.
Package epstopdf Info: Output file is already uptodate.
 <./class_l_l_tutor_window_a7aaded0d4be413f66c9468b5ceff3314_cgraph-eps-convert
ed-to.pdf>
<class_l_l_tutor_window_a7aaded0d4be413f66c9468b5ceff3314_cgraph-eps-converted-
to.pdf, id=8749, 2403.98125pt x 1169.36874pt>
File: class_l_l_tutor_window_a7aaded0d4be413f66c9468b5ceff3314_cgraph-eps-conve
rted-to.pdf Graphic file (type pdf)
<use class_l_l_tutor_window_a7aaded0d4be413f66c9468b5ceff3314_cgraph-eps-conver
ted-to.pdf>
Package pdftex.def Info: class_l_l_tutor_window_a7aaded0d4be413f66c9468b5ceff33
14_cgraph-eps-converted-to.pdf  used on input line 532.
(pdftex.def)             Requested size: 350.0pt x 170.24107pt.
Package epstopdf Info: Source file: <class_l_l_tutor_window_a7aaded0d4be413f66c
9468b5ceff3314_icgraph.eps>
(epstopdf)                    date: 2026-10-04 22:45:38
(epstopdf)                    size: 16067 bytes
(epstopdf)             Output file: <class_l_l_tutor_window_a7aaded0d4be413f66c
9468b5ceff3314_icgraph-eps-converted-to.pdf>
(epstopdf)                    date: 2026-10-04 22:46:24
(epstopdf)                    size: 8025 bytes
(epstopdf)             Command: <repstopdf --outfile=class_l_l_tutor_window_a7a
aded0d4be413f66c9468b5ceff3314_icgraph-eps-converted-to.pdf class_l_l_tutor_win
dow_a7aaded0d4be413f66c9468b5ceff3314_icgraph.eps>
(epstopdf)             \includegraphics on input line 540.
Package epstopdf Info: Output file is already uptodate.
 <./class_l_l_tutor_window_a7aaded0d4be413f66c9468b5ceff3314_icgraph-eps-conver
ted-to.pdf>
<class_l_l_tutor_window_a7aaded0d4be413f66c9468b5ceff3314_icgraph-eps-converted
-to.pdf, id=8756, 1273.75874pt x 190.7125pt>
File: class_l_l_tutor_window_a7aaded0d4be413f66c9468b5ceff3314_icgraph-eps-conv
erted-to.pdf Graphic file (type pdf)
<use class_l_l_tutor_window_a7aaded0d4be413f66c9468b5ceff3314_icgraph-eps-conve
rted-to.pdf>
Package pdftex.def Info: class_l_l_tutor_window_a7aaded0d4be413f66c9468b5ceff33
14_icgraph-eps-converted-to.pdf  used on input line 540.
(pdftex.def)             Requested size: 350.0pt x 52.40099pt.

[121]
Package epstopdf Info: Source file: <class_l_l_tutor_window_a6bf3862eff44655b41
27d0fb750abe9c_cgraph.eps>
(epstopdf)                    date: 2026-10-04 22:45:38
(epstopdf)                    size: 5352 bytes
(epstopdf)             Output file: <class_l_l_tutor_window_a6bf3862eff44655b41
27d0fb750abe9c_cgraph-eps-converted-to.pdf>
(epstopdf)                    date: 2026-10-04 22:46:24
(epstopdf)                    size: 5358 bytes
(epstopdf)             Command: <repstopdf --outfile=class_l_l_tutor_window_a6b
f3862eff44655b4127d0fb750abe9c_cgraph-eps-converted-to.pdf class_l_l_tutor_wind
ow_a6bf3862eff44655b4127d0fb750abe9c_cgraph.eps>
(epstopdf)             \includegraphics on input line 554.
Package epstopdf Info: Output file is already uptodate.
 <./class_l_l_tutor_window_a6bf3862eff44655b4127d0fb750abe9c_cgraph-eps-convert
ed-to.pdf>
<class_l_l_tutor_window_a6bf3862eff44655b4127d0fb750abe9c_cgraph-eps-converted-
to.pdf, id=8772, 330.23375pt x 27.10126pt>
File: class_l_l_tutor_window_a6bf3862eff44655b4127d0fb750abe9c_cgraph-eps-conve
rted-to.pdf Graphic file (type pdf)
<use class_l_l_tutor_window_a6bf3862eff44655b4127d0fb750abe9c_cgraph-eps-conver
ted-to.pdf>
Package pdftex.def Info: class_l_l_tutor_window_a6bf3862eff44655b4127d0fb750abe
9c_cgraph-eps-converted-to.pdf  used on input line 554.
(pdftex.def)             Requested size: 350.0pt x 28.72429pt.
Package epstopdf Info: Source file: <class_l_l_tutor_window_a6bf3862eff44655b41
27d0fb750abe9c_icgraph.eps>
(epstopdf)                    date: 2026-10-04 22:45:39
(epstopdf)                    size: 17546 bytes
(epstopdf)             Output file: <class_l_l_tutor_window_a6bf3862eff44655b41
27d0fb750abe9c_icgraph-eps-converted-to.pdf>
(epstopdf)                    date: 2026-10-04 22:46:24
(epstopdf)                    size: 8275 bytes
(epstopdf)             Command: <repstopdf --outfile=class_l_l_tutor_window_a6b
f3862eff44655b4127d0fb750abe9c_icgraph-eps-converted-to.pdf class_l_l_tutor_win
dow_a6bf3862eff44655b4127d0fb750abe9c_icgraph.eps>
(epstopdf)             \includegraphics on input line 562.
Package epstopdf Info: Output file is already uptodate.
 <./class_l_l_tutor_window_a6bf3862eff44655b4127d0fb750abe9c_icgraph-eps-conver
ted-to.pdf>
<class_l_l_tutor_window_a6bf3862eff44655b4127d0fb750abe9c_icgraph-eps-converted
-to.pdf, id=8779, 1466.47874pt x 190.7125pt>
File: class_l_l_tutor_window_a6bf3862eff44655b4127d0fb750abe9c_icgraph-eps-conv
erted-to.pdf Graphic file (type pdf)
<use class_l_l_tutor_window_a6bf3862eff44655b4127d0fb750abe9c_icgraph-eps-conve
rted-to.pdf>
Package pdftex.def Info: class_l_l_tutor_window_a6bf3862eff44655b4127d0fb750abe
9c_icgraph-eps-converted-to.pdf  used on input line 562.
(pdftex.def)             Requested size: 350.0pt x 45.51584pt.
Package epstopdf Info: Source file: <class_l_l_tutor_window_a40be883da3ead13b1d
4e758cf3461fcf_cgraph.eps>
(epstopdf)                    date: 2026-10-04 22:45:38
(epstopdf)                    size: 5352 bytes
(epstopdf)             Output file: <class_l_l_tutor_window_a40be883da3ead13b1d
4e758cf3461fcf_cgraph-eps-converted-to.pdf>
(epstopdf)                    date: 2026-10-04 22:46:24
(epstopdf)                    size: 5429 bytes
(epstopdf)             Command: <repstopdf --outfile=class_l_l_tutor_window_a40
be883da3ead13b1d4e758cf3461fcf_cgraph-eps-converted-to.pdf class_l_l_tutor_wind
ow_a40be883da3ead13b1d4e758cf3461fcf_cgraph.eps>
(epstopdf)             \includegraphics on input line 576.
Package epstopdf Info: Output file is already uptodate.
 <./class_l_l_tutor_window_a40be883da3ead13b1d4e758cf3461fcf_cgraph-eps-convert
ed-to.pdf>
<class_l_l_tutor_window_a40be883da3ead13b1d4e758cf3461fcf_cgraph-eps-converted-
to.pdf, id=8786, 330.23375pt x 27.10126pt>
File: class_l_l_tutor_window_a40be883da3ead13b1d4e758cf3461fcf_cgraph-eps-conve
rted-to.pdf Graphic file (type pdf)
<use class_l_l_tutor_window_a40be883da3ead13b1d4e758cf3461fcf_cgraph-eps-conver
ted-to.pdf>
Package pdftex.def Info: class_l_l_tutor_window_a40be883da3ead13b1d4e758cf3461f
cf_cgraph-eps-converted-to.pdf  used on input line 576.
(pdftex.def)             Requested size: 350.0pt x 28.72429pt.
Package epstopdf Info: Source file: <class_l_l_tutor_window_a40be883da3ead13b1d
4e758cf3461fcf_icgraph.eps>
(epstopdf)                    date: 2026-10-04 22:45:38
(epstopdf)                    size: 17546 bytes
(epstopdf)             Output file: <class_l_l_tutor_window_a40be883da3ead13b1d
4e758cf3461fcf_icgraph-eps-converted-to.pdf>
(epstopdf)                    date: 2026-10-04 22:46:24
(epstopdf)                    size: 8233 bytes
(epstopdf)             Command: <repstopdf --outfile=class_l_l_tutor_window_a40
be883da3ead13b1d4e758cf3461fcf_icgraph-eps-converted-to.pdf class_l_l_tutor_win
dow_a40be883da3ead13b1d4e758cf3461fcf_icgraph.eps>
(epstopdf)             \includegraphics on input line 584.
Package epstopdf Info: Output file is already uptodate.
 <./class_l_l_tutor_window_a40be883da3ead13b1d4e758cf3461fcf_icgraph-eps-conver
ted-to.pdf>
<class_l_l_tutor_window_a40be883da3ead13b1d4e758cf3461fcf_icgraph-eps-converted
-to.pdf, id=8793, 1466.47874pt x 190.7125pt>
File: class_l_l_tutor_window_a40be883da3ead13b1d4e758cf3461fcf_icgraph-eps-conv
erted-to.pdf Graphic file (type pdf)
<use class_l_l_tutor_window_a40be883da3ead13b1d4e758cf3461fcf_icgraph-eps-conve
rted-to.pdf>
Package pdftex.def Info: class_l_l_tutor_window_a40be883da3ead13b1d4e758cf3461f
cf_icgraph-eps-converted-to.pdf  used on input line 584.
(pdftex.def)             Requested size: 350.0pt x 45.51584pt.
Package epstopdf Info: Source file: <class_l_l_tutor_window_a7657ba7f2b7c8caef1
86fe3b6acf671c_icgraph.eps>
(epstopdf)                    date: 2026-10-04 22:45:38
(epstopdf)                    size: 17628 bytes
(epstopdf)             Output file: <class_l_l_tutor_window_a7657ba7f2b7c8caef1
86fe3b6acf671c_icgraph-eps-converted-to.pdf>
(epstopdf)                    date: 2026-10-04 22:46:24
(epstopdf)                    size: 8238 bytes
(epstopdf)             Command: <repstopdf --outfile=class_l_l_tutor_window_a76
57ba7f2b7c8caef186fe3b6acf671c_icgraph-eps-converted-to.pdf class_l_l_tutor_win
dow_a7657ba7f2b7c8caef186fe3b6acf671c_icgraph.eps>
(epstopdf)             \includegraphics on input line 598.
Package epstopdf Info: Output file is already uptodate.
 <./class_l_l_tutor_window_a7657ba7f2b7c8caef186fe3b6acf671c_icgraph-eps-conver
ted-to.pdf>
<class_l_l_tutor_window_a7657ba7f2b7c8caef186fe3b6acf671c_icgraph-eps-converted
-to.pdf, id=8800, 1454.43375pt x 190.7125pt>
File: class_l_l_tutor_window_a7657ba7f2b7c8caef186fe3b6acf671c_icgraph-eps-conv
erted-to.pdf Graphic file (type pdf)
<use class_l_l_tutor_window_a7657ba7f2b7c8caef186fe3b6acf671c_icgraph-eps-conve
rted-to.pdf>
Package pdftex.def Info: class_l_l_tutor_window_a7657ba7f2b7c8caef186fe3b6acf67
1c_icgraph-eps-converted-to.pdf  used on input line 598.
(pdftex.def)             Requested size: 350.0pt x 45.89415pt.
Package epstopdf Info: Source file: <class_l_l_tutor_window_abfa66b3379ae723e98
0e3761accb4d15_icgraph.eps>
(epstopdf)                    date: 2026-10-04 22:45:38
(epstopdf)                    size: 17552 bytes
(epstopdf)             Output file: <class_l_l_tutor_window_abfa66b3379ae723e98
0e3761accb4d15_icgraph-eps-converted-to.pdf>
(epstopdf)                    date: 2026-10-04 22:46:25
(epstopdf)                    size: 8222 bytes
(epstopdf)             Command: <repstopdf --outfile=class_l_l_tutor_window_abf
a66b3379ae723e980e3761accb4d15_icgraph-eps-converted-to.pdf class_l_l_tutor_win
dow_abfa66b3379ae723e980e3761accb4d15_icgraph.eps>
(epstopdf)             \includegraphics on input line 612.
Package epstopdf Info: Output file is already uptodate.
 <./class_l_l_tutor_window_abfa66b3379ae723e980e3761accb4d15_icgraph-eps-conver
ted-to.pdf>
<class_l_l_tutor_window_abfa66b3379ae723e980e3761accb4d15_icgraph-eps-converted
-to.pdf, id=8807, 1460.45625pt x 190.7125pt>
File: class_l_l_tutor_window_abfa66b3379ae723e980e3761accb4d15_icgraph-eps-conv
erted-to.pdf Graphic file (type pdf)
<use class_l_l_tutor_window_abfa66b3379ae723e980e3761accb4d15_icgraph-eps-conve
rted-to.pdf>
Package pdftex.def Info: class_l_l_tutor_window_abfa66b3379ae723e980e3761accb4d
15_icgraph-eps-converted-to.pdf  used on input line 612.
(pdftex.def)             Requested size: 350.0pt x 45.70209pt.
 [122]
Package epstopdf Info: Source file: <class_l_l_tutor_window_a64d3c8b71cd2f4af66
0864d5249fe0f1_icgraph.eps>
(epstopdf)                    date: 2026-10-04 22:45:38
(epstopdf)                    size: 17546 bytes
(epstopdf)             Output file: <class_l_l_tutor_window_a64d3c8b71cd2f4af66
0864d5249fe0f1_icgraph-eps-converted-to.pdf>
(epstopdf)                    date: 2026-10-04 22:46:25
(epstopdf)                    size: 8275 bytes
(epstopdf)             Command: <repstopdf --outfile=class_l_l_tutor_window_a64
d3c8b71cd2f4af660864d5249fe0f1_icgraph-eps-converted-to.pdf class_l_l_tutor_win
dow_a64d3c8b71cd2f4af660864d5249fe0f1_icgraph.eps>
(epstopdf)             \includegraphics on input line 626.
Package epstopdf Info: Output file is already uptodate.
 <./class_l_l_tutor_window_a64d3c8b71cd2f4af660864d5249fe0f1_icgraph-eps-conver
ted-to.pdf>
<class_l_l_tutor_window_a64d3c8b71cd2f4af660864d5249fe0f1_icgraph-eps-converted
-to.pdf, id=8824, 1466.47874pt x 190.7125pt>
File: class_l_l_tutor_window_a64d3c8b71cd2f4af660864d5249fe0f1_icgraph-eps-conv
erted-to.pdf Graphic file (type pdf)
<use class_l_l_tutor_window_a64d3c8b71cd2f4af660864d5249fe0f1_icgraph-eps-conve
rted-to.pdf>
Package pdftex.def Info: class_l_l_tutor_window_a64d3c8b71cd2f4af660864d5249fe0
f1_icgraph-eps-converted-to.pdf  used on input line 626.
(pdftex.def)             Requested size: 350.0pt x 45.51584pt.
Package epstopdf Info: Source file: <class_l_l_tutor_window_a550c58032dbf18f48a
c4d97d65ed6ec9_cgraph.eps>
(epstopdf)                    date: 2026-10-04 22:45:38
(epstopdf)                    size: 5473 bytes
(epstopdf)             Output file: <class_l_l_tutor_window_a550c58032dbf18f48a
c4d97d65ed6ec9_cgraph-eps-converted-to.pdf>
(epstopdf)                    date: 2026-10-04 22:46:25
(epstopdf)                    size: 5884 bytes
(epstopdf)             Command: <repstopdf --outfile=class_l_l_tutor_window_a55
0c58032dbf18f48ac4d97d65ed6ec9_cgraph-eps-converted-to.pdf class_l_l_tutor_wind
ow_a550c58032dbf18f48ac4d97d65ed6ec9_cgraph.eps>
(epstopdf)             \includegraphics on input line 640.
Package epstopdf Info: Output file is already uptodate.
 <./class_l_l_tutor_window_a550c58032dbf18f48ac4d97d65ed6ec9_cgraph-eps-convert
ed-to.pdf>
<class_l_l_tutor_window_a550c58032dbf18f48ac4d97d65ed6ec9_cgraph-eps-converted-
to.pdf, id=8831, 333.245pt x 39.14626pt>
File: class_l_l_tutor_window_a550c58032dbf18f48ac4d97d65ed6ec9_cgraph-eps-conve
rted-to.pdf Graphic file (type pdf)
<use class_l_l_tutor_window_a550c58032dbf18f48ac4d97d65ed6ec9_cgraph-eps-conver
ted-to.pdf>
Package pdftex.def Info: class_l_l_tutor_window_a550c58032dbf18f48ac4d97d65ed6e
c9_cgraph-eps-converted-to.pdf  used on input line 640.
(pdftex.def)             Requested size: 350.0pt x 41.11731pt.
Package epstopdf Info: Source file: <class_l_l_tutor_window_a550c58032dbf18f48a
c4d97d65ed6ec9_icgraph.eps>
(epstopdf)                    date: 2026-10-04 22:45:38
(epstopdf)                    size: 17182 bytes
(epstopdf)             Output file: <class_l_l_tutor_window_a550c58032dbf18f48a
c4d97d65ed6ec9_icgraph-eps-converted-to.pdf>
(epstopdf)                    date: 2026-10-04 22:46:25
(epstopdf)                    size: 8315 bytes
(epstopdf)             Command: <repstopdf --outfile=class_l_l_tutor_window_a55
0c58032dbf18f48ac4d97d65ed6ec9_icgraph-eps-converted-to.pdf class_l_l_tutor_win
dow_a550c58032dbf18f48ac4d97d65ed6ec9_icgraph.eps>
(epstopdf)             \includegraphics on input line 648.
Package epstopdf Info: Output file is already uptodate.
 <./class_l_l_tutor_window_a550c58032dbf18f48ac4d97d65ed6ec9_icgraph-eps-conver
ted-to.pdf>
<class_l_l_tutor_window_a550c58032dbf18f48ac4d97d65ed6ec9_icgraph-eps-converted
-to.pdf, id=8838, 1266.7325pt x 206.7725pt>
File: class_l_l_tutor_window_a550c58032dbf18f48ac4d97d65ed6ec9_icgraph-eps-conv
erted-to.pdf Graphic file (type pdf)
<use class_l_l_tutor_window_a550c58032dbf18f48ac4d97d65ed6ec9_icgraph-eps-conve
rted-to.pdf>
Package pdftex.def Info: class_l_l_tutor_window_a550c58032dbf18f48ac4d97d65ed6e
c9_icgraph-eps-converted-to.pdf  used on input line 648.
(pdftex.def)             Requested size: 350.0pt x 57.12921pt.
Package epstopdf Info: Source file: <class_l_l_tutor_window_aeeae3a71bd29bcf5ff
97d6ea28211e81_icgraph.eps>
(epstopdf)                    date: 2026-10-04 22:45:38
(epstopdf)                    size: 17180 bytes
(epstopdf)             Output file: <class_l_l_tutor_window_aeeae3a71bd29bcf5ff
97d6ea28211e81_icgraph-eps-converted-to.pdf>
(epstopdf)                    date: 2026-10-04 22:46:25
(epstopdf)                    size: 8335 bytes
(epstopdf)             Command: <repstopdf --outfile=class_l_l_tutor_window_aee
ae3a71bd29bcf5ff97d6ea28211e81_icgraph-eps-converted-to.pdf class_l_l_tutor_win
dow_aeeae3a71bd29bcf5ff97d6ea28211e81_icgraph.eps>
(epstopdf)             \includegraphics on input line 662.
Package epstopdf Info: Output file is already uptodate.
 <./class_l_l_tutor_window_aeeae3a71bd29bcf5ff97d6ea28211e81_icgraph-eps-conver
ted-to.pdf>
<class_l_l_tutor_window_aeeae3a71bd29bcf5ff97d6ea28211e81_icgraph-eps-converted
-to.pdf, id=8845, 1266.7325pt x 206.7725pt>
File: class_l_l_tutor_window_aeeae3a71bd29bcf5ff97d6ea28211e81_icgraph-eps-conv
erted-to.pdf Graphic file (type pdf)
<use class_l_l_tutor_window_aeeae3a71bd29bcf5ff97d6ea28211e81_icgraph-eps-conve
rted-to.pdf>
Package pdftex.def Info: class_l_l_tutor_window_aeeae3a71bd29bcf5ff97d6ea28211e
81_icgraph-eps-converted-to.pdf  used on input line 662.
(pdftex.def)             Requested size: 350.0pt x 57.12921pt.
Package epstopdf Info: Source file: <class_l_l_tutor_window_a5d825a4466624c1732
0c0eb7fda2de5d_icgraph.eps>
(epstopdf)                    date: 2026-10-04 22:45:38
(epstopdf)                    size: 17546 bytes
(epstopdf)             Output file: <class_l_l_tutor_window_a5d825a4466624c1732
0c0eb7fda2de5d_icgraph-eps-converted-to.pdf>
(epstopdf)                    date: 2026-10-04 22:46:25
(epstopdf)                    size: 8233 bytes
(epstopdf)             Command: <repstopdf --outfile=class_l_l_tutor_window_a5d
825a4466624c17320c0eb7fda2de5d_icgraph-eps-converted-to.pdf class_l_l_tutor_win
dow_a5d825a4466624c17320c0eb7fda2de5d_icgraph.eps>
(epstopdf)             \includegraphics on input line 676.
Package epstopdf Info: Output file is already uptodate.
 <./class_l_l_tutor_window_a5d825a4466624c17320c0eb7fda2de5d_icgraph-eps-conver
ted-to.pdf>
<class_l_l_tutor_window_a5d825a4466624c17320c0eb7fda2de5d_icgraph-eps-converted
-to.pdf, id=8853, 1466.47874pt x 190.7125pt>
File: class_l_l_tutor_window_a5d825a4466624c17320c0eb7fda2de5d_icgraph-eps-conv
erted-to.pdf Graphic file (type pdf)
<use class_l_l_tutor_window_a5d825a4466624c17320c0eb7fda2de5d_icgraph-eps-conve
rted-to.pdf>
Package pdftex.def Info: class_l_l_tutor_window_a5d825a4466624c17320c0eb7fda2de
5d_icgraph-eps-converted-to.pdf  used on input line 676.
(pdftex.def)             Requested size: 350.0pt x 45.51584pt.
Package epstopdf Info: Source file: <class_l_l_tutor_window_ac949d35e0528713e92
fd7bff0455e117_cgraph.eps>
(epstopdf)                    date: 2026-10-04 22:45:39
(epstopdf)                    size: 73593 bytes
(epstopdf)             Output file: <class_l_l_tutor_window_ac949d35e0528713e92
fd7bff0455e117_cgraph-eps-converted-to.pdf>
(epstopdf)                    date: 2026-10-04 22:46:26
(epstopdf)                    size: 18088 bytes
(epstopdf)             Command: <repstopdf --outfile=class_l_l_tutor_window_ac9
49d35e0528713e92fd7bff0455e117_cgraph-eps-converted-to.pdf class_l_l_tutor_wind
ow_ac949d35e0528713e92fd7bff0455e117_cgraph.eps>
(epstopdf)             \includegraphics on input line 690.
Package epstopdf Info: Output file is already uptodate.
 <./class_l_l_tutor_window_ac949d35e0528713e92fd7bff0455e117_cgraph-eps-convert
ed-to.pdf>
<class_l_l_tutor_window_ac949d35e0528713e92fd7bff0455e117_cgraph-eps-converted-
to.pdf, id=8860, 2215.27625pt x 1189.44376pt>
File: class_l_l_tutor_window_ac949d35e0528713e92fd7bff0455e117_cgraph-eps-conve
rted-to.pdf Graphic file (type pdf)
<use class_l_l_tutor_window_ac949d35e0528713e92fd7bff0455e117_cgraph-eps-conver
ted-to.pdf>
Package pdftex.def Info: class_l_l_tutor_window_ac949d35e0528713e92fd7bff0455e1
17_cgraph-eps-converted-to.pdf  used on input line 690.
(pdftex.def)             Requested size: 350.0pt x 187.91916pt.
 [123]
Package epstopdf Info: Source file: <class_l_l_tutor_window_ac949d35e0528713e92
fd7bff0455e117_icgraph.eps>
(epstopdf)                    date: 2026-10-04 22:45:38
(epstopdf)                    size: 15838 bytes
(epstopdf)             Output file: <class_l_l_tutor_window_ac949d35e0528713e92
fd7bff0455e117_icgraph-eps-converted-to.pdf>
(epstopdf)                    date: 2026-10-04 22:46:26
(epstopdf)                    size: 7960 bytes
(epstopdf)             Command: <repstopdf --outfile=class_l_l_tutor_window_ac9
49d35e0528713e92fd7bff0455e117_icgraph-eps-converted-to.pdf class_l_l_tutor_win
dow_ac949d35e0528713e92fd7bff0455e117_icgraph.eps>
(epstopdf)             \includegraphics on input line 698.
Package epstopdf Info: Output file is already uptodate.
 <./class_l_l_tutor_window_ac949d35e0528713e92fd7bff0455e117_icgraph-eps-conver
ted-to.pdf>
<class_l_l_tutor_window_ac949d35e0528713e92fd7bff0455e117_icgraph-eps-converted
-to.pdf, id=8877, 1454.43375pt x 134.5025pt>
File: class_l_l_tutor_window_ac949d35e0528713e92fd7bff0455e117_icgraph-eps-conv
erted-to.pdf Graphic file (type pdf)
<use class_l_l_tutor_window_ac949d35e0528713e92fd7bff0455e117_icgraph-eps-conve
rted-to.pdf>
Package pdftex.def Info: class_l_l_tutor_window_ac949d35e0528713e92fd7bff0455e1
17_icgraph-eps-converted-to.pdf  used on input line 698.
(pdftex.def)             Requested size: 350.0pt x 32.36745pt.
Package epstopdf Info: Source file: <class_l_l_tutor_window_aa99f846df304d62221
8e16da4b69c22b_cgraph.eps>
(epstopdf)                    date: 2026-10-04 22:45:38
(epstopdf)                    size: 5433 bytes
(epstopdf)             Output file: <class_l_l_tutor_window_aa99f846df304d62221
8e16da4b69c22b_cgraph-eps-converted-to.pdf>
(epstopdf)                    date: 2026-10-04 22:46:26
(epstopdf)                    size: 5984 bytes
(epstopdf)             Command: <repstopdf --outfile=class_l_l_tutor_window_aa9
9f846df304d622218e16da4b69c22b_cgraph-eps-converted-to.pdf class_l_l_tutor_wind
ow_aa99f846df304d622218e16da4b69c22b_cgraph.eps>
(epstopdf)             \includegraphics on input line 712.
Package epstopdf Info: Output file is already uptodate.
 <./class_l_l_tutor_window_aa99f846df304d622218e16da4b69c22b_cgraph-eps-convert
ed-to.pdf>
<class_l_l_tutor_window_aa99f846df304d622218e16da4b69c22b_cgraph-eps-converted-
to.pdf, id=8884, 355.3275pt x 39.14626pt>
File: class_l_l_tutor_window_aa99f846df304d622218e16da4b69c22b_cgraph-eps-conve
rted-to.pdf Graphic file (type pdf)
<use class_l_l_tutor_window_aa99f846df304d622218e16da4b69c22b_cgraph-eps-conver
ted-to.pdf>
Package pdftex.def Info: class_l_l_tutor_window_aa99f846df304d622218e16da4b69c2
2b_cgraph-eps-converted-to.pdf  used on input line 712.
(pdftex.def)             Requested size: 350.0pt x 38.56076pt.
Package epstopdf Info: Source file: <class_l_l_tutor_window_aa99f846df304d62221
8e16da4b69c22b_icgraph.eps>
(epstopdf)                    date: 2026-10-04 22:45:38
(epstopdf)                    size: 17539 bytes
(epstopdf)             Output file: <class_l_l_tutor_window_aa99f846df304d62221
8e16da4b69c22b_icgraph-eps-converted-to.pdf>
(epstopdf)                    date: 2026-10-04 22:46:26
(epstopdf)                    size: 8339 bytes
(epstopdf)             Command: <repstopdf --outfile=class_l_l_tutor_window_aa9
9f846df304d622218e16da4b69c22b_icgraph-eps-converted-to.pdf class_l_l_tutor_win
dow_aa99f846df304d622218e16da4b69c22b_icgraph.eps>
(epstopdf)             \includegraphics on input line 720.
Package epstopdf Info: Output file is already uptodate.
 <./class_l_l_tutor_window_aa99f846df304d622218e16da4b69c22b_icgraph-eps-conver
ted-to.pdf>
<class_l_l_tutor_window_aa99f846df304d622218e16da4b69c22b_icgraph-eps-converted
-to.pdf, id=8891, 1461.46pt x 190.7125pt>
File: class_l_l_tutor_window_aa99f846df304d622218e16da4b69c22b_icgraph-eps-conv
erted-to.pdf Graphic file (type pdf)
<use class_l_l_tutor_window_aa99f846df304d622218e16da4b69c22b_icgraph-eps-conve
rted-to.pdf>
Package pdftex.def Info: class_l_l_tutor_window_aa99f846df304d622218e16da4b69c2
2b_icgraph-eps-converted-to.pdf  used on input line 720.
(pdftex.def)             Requested size: 350.0pt x 45.67299pt.
Package epstopdf Info: Source file: <class_l_l_tutor_window_a041b2683adaf4232bf
83f9a08b13d526_cgraph.eps>
(epstopdf)                    date: 2026-10-04 22:45:38
(epstopdf)                    size: 5456 bytes
(epstopdf)             Output file: <class_l_l_tutor_window_a041b2683adaf4232bf
83f9a08b13d526_cgraph-eps-converted-to.pdf>
(epstopdf)                    date: 2026-10-04 22:46:26
(epstopdf)                    size: 5844 bytes
(epstopdf)             Command: <repstopdf --outfile=class_l_l_tutor_window_a04
1b2683adaf4232bf83f9a08b13d526_cgraph-eps-converted-to.pdf class_l_l_tutor_wind
ow_a041b2683adaf4232bf83f9a08b13d526_cgraph.eps>
(epstopdf)             \includegraphics on input line 734.
Package epstopdf Info: Output file is already uptodate.
 <./class_l_l_tutor_window_a041b2683adaf4232bf83f9a08b13d526_cgraph-eps-convert
ed-to.pdf>
<class_l_l_tutor_window_a041b2683adaf4232bf83f9a08b13d526_cgraph-eps-converted-
to.pdf, id=8898, 333.245pt x 39.14626pt>
File: class_l_l_tutor_window_a041b2683adaf4232bf83f9a08b13d526_cgraph-eps-conve
rted-to.pdf Graphic file (type pdf)
<use class_l_l_tutor_window_a041b2683adaf4232bf83f9a08b13d526_cgraph-eps-conver
ted-to.pdf>
Package pdftex.def Info: class_l_l_tutor_window_a041b2683adaf4232bf83f9a08b13d5
26_cgraph-eps-converted-to.pdf  used on input line 734.
(pdftex.def)             Requested size: 350.0pt x 41.11731pt.
Package epstopdf Info: Source file: <class_l_l_tutor_window_a041b2683adaf4232bf
83f9a08b13d526_icgraph.eps>
(epstopdf)                    date: 2026-10-04 22:45:38
(epstopdf)                    size: 17624 bytes
(epstopdf)             Output file: <class_l_l_tutor_window_a041b2683adaf4232bf
83f9a08b13d526_icgraph-eps-converted-to.pdf>
(epstopdf)                    date: 2026-10-04 22:46:26
(epstopdf)                    size: 8354 bytes
(epstopdf)             Command: <repstopdf --outfile=class_l_l_tutor_window_a04
1b2683adaf4232bf83f9a08b13d526_icgraph-eps-converted-to.pdf class_l_l_tutor_win
dow_a041b2683adaf4232bf83f9a08b13d526_icgraph.eps>
(epstopdf)             \includegraphics on input line 742.
Package epstopdf Info: Output file is already uptodate.
 <./class_l_l_tutor_window_a041b2683adaf4232bf83f9a08b13d526_icgraph-eps-conver
ted-to.pdf>
<class_l_l_tutor_window_a041b2683adaf4232bf83f9a08b13d526_icgraph-eps-converted
-to.pdf, id=8905, 1454.43375pt x 190.7125pt>
File: class_l_l_tutor_window_a041b2683adaf4232bf83f9a08b13d526_icgraph-eps-conv
erted-to.pdf Graphic file (type pdf)
<use class_l_l_tutor_window_a041b2683adaf4232bf83f9a08b13d526_icgraph-eps-conve
rted-to.pdf>
Package pdftex.def Info: class_l_l_tutor_window_a041b2683adaf4232bf83f9a08b13d5
26_icgraph-eps-converted-to.pdf  used on input line 742.
(pdftex.def)             Requested size: 350.0pt x 45.89415pt.
 [124]
Underfull \hbox (badness 10000) detected at line 760
[][][]
 []

Package epstopdf Info: Source file: <class_l_l_tutor_window_ab53c5ad90f32ca16f4
3ee28656a7a39b_icgraph.eps>
(epstopdf)                    date: 2026-10-04 22:45:38
(epstopdf)                    size: 16897 bytes
(epstopdf)             Output file: <class_l_l_tutor_window_ab53c5ad90f32ca16f4
3ee28656a7a39b_icgraph-eps-converted-to.pdf>
(epstopdf)                    date: 2026-10-04 22:46:27
(epstopdf)                    size: 8279 bytes
(epstopdf)             Command: <repstopdf --outfile=class_l_l_tutor_window_ab5
3c5ad90f32ca16f43ee28656a7a39b_icgraph-eps-converted-to.pdf class_l_l_tutor_win
dow_ab53c5ad90f32ca16f43ee28656a7a39b_icgraph.eps>
(epstopdf)             \includegraphics on input line 768.
Package epstopdf Info: Output file is already uptodate.
 <./class_l_l_tutor_window_ab53c5ad90f32ca16f43ee28656a7a39b_icgraph-eps-conver
ted-to.pdf>
<class_l_l_tutor_window_ab53c5ad90f32ca16f43ee28656a7a39b_icgraph-eps-converted
-to.pdf, id=8923, 1471.4975pt x 166.6225pt>
File: class_l_l_tutor_window_ab53c5ad90f32ca16f43ee28656a7a39b_icgraph-eps-conv
erted-to.pdf Graphic file (type pdf)
<use class_l_l_tutor_window_ab53c5ad90f32ca16f43ee28656a7a39b_icgraph-eps-conve
rted-to.pdf>
Package pdftex.def Info: class_l_l_tutor_window_ab53c5ad90f32ca16f43ee28656a7a3
9b_icgraph-eps-converted-to.pdf  used on input line 768.
(pdftex.def)             Requested size: 350.0pt x 39.63173pt.

Underfull \hbox (badness 10000) detected at line 781
[][][]
 []

Package epstopdf Info: Source file: <class_l_l_tutor_window_af2fd68df43d6ce1b4f
e3aff2443c8d4e_cgraph.eps>
(epstopdf)                    date: 2026-10-04 22:45:38
(epstopdf)                    size: 22498 bytes
(epstopdf)             Output file: <class_l_l_tutor_window_af2fd68df43d6ce1b4f
e3aff2443c8d4e_cgraph-eps-converted-to.pdf>
(epstopdf)                    date: 2026-10-04 22:46:27
(epstopdf)                    size: 9318 bytes
(epstopdf)             Command: <repstopdf --outfile=class_l_l_tutor_window_af2
fd68df43d6ce1b4fe3aff2443c8d4e_cgraph-eps-converted-to.pdf class_l_l_tutor_wind
ow_af2fd68df43d6ce1b4fe3aff2443c8d4e_cgraph.eps>
(epstopdf)             \includegraphics on input line 789.
Package epstopdf Info: Output file is already uptodate.
 <./class_l_l_tutor_window_af2fd68df43d6ce1b4fe3aff2443c8d4e_cgraph-eps-convert
ed-to.pdf>
<class_l_l_tutor_window_af2fd68df43d6ce1b4fe3aff2443c8d4e_cgraph-eps-converted-
to.pdf, id=8930, 1424.32124pt x 269.005pt>
File: class_l_l_tutor_window_af2fd68df43d6ce1b4fe3aff2443c8d4e_cgraph-eps-conve
rted-to.pdf Graphic file (type pdf)
<use class_l_l_tutor_window_af2fd68df43d6ce1b4fe3aff2443c8d4e_cgraph-eps-conver
ted-to.pdf>
Package pdftex.def Info: class_l_l_tutor_window_af2fd68df43d6ce1b4fe3aff2443c8d
4e_cgraph-eps-converted-to.pdf  used on input line 789.
(pdftex.def)             Requested size: 350.0pt x 66.10176pt.
Package epstopdf Info: Source file: <class_l_l_tutor_window_a76a825d9c56a31849e
340be7b45f6674_icgraph.eps>
(epstopdf)                    date: 2026-10-04 22:45:38
(epstopdf)                    size: 17162 bytes
(epstopdf)             Output file: <class_l_l_tutor_window_a76a825d9c56a31849e
340be7b45f6674_icgraph-eps-converted-to.pdf>
(epstopdf)                    date: 2026-10-04 22:46:27
(epstopdf)                    size: 8321 bytes
(epstopdf)             Command: <repstopdf --outfile=class_l_l_tutor_window_a76
a825d9c56a31849e340be7b45f6674_icgraph-eps-converted-to.pdf class_l_l_tutor_win
dow_a76a825d9c56a31849e340be7b45f6674_icgraph.eps>
(epstopdf)             \includegraphics on input line 803.
Package epstopdf Info: Output file is already uptodate.
 <./class_l_l_tutor_window_a76a825d9c56a31849e340be7b45f6674_icgraph-eps-conver
ted-to.pdf>
<class_l_l_tutor_window_a76a825d9c56a31849e340be7b45f6674_icgraph-eps-converted
-to.pdf, id=8937, 1264.725pt x 206.7725pt>
File: class_l_l_tutor_window_a76a825d9c56a31849e340be7b45f6674_icgraph-eps-conv
erted-to.pdf Graphic file (type pdf)
<use class_l_l_tutor_window_a76a825d9c56a31849e340be7b45f6674_icgraph-eps-conve
rted-to.pdf>
Package pdftex.def Info: class_l_l_tutor_window_a76a825d9c56a31849e340be7b45f66
74_icgraph-eps-converted-to.pdf  used on input line 803.
(pdftex.def)             Requested size: 350.0pt x 57.2207pt.
 [125]
Package epstopdf Info: Source file: <class_l_l_tutor_window_a46d831eda0be47f2cb
2f555faef96b38_cgraph.eps>
(epstopdf)                    date: 2026-10-04 22:45:39
(epstopdf)                    size: 75293 bytes
(epstopdf)             Output file: <class_l_l_tutor_window_a46d831eda0be47f2cb
2f555faef96b38_cgraph-eps-converted-to.pdf>
(epstopdf)                    date: 2026-10-04 22:46:27
(epstopdf)                    size: 18152 bytes
(epstopdf)             Command: <repstopdf --outfile=class_l_l_tutor_window_a46
d831eda0be47f2cb2f555faef96b38_cgraph-eps-converted-to.pdf class_l_l_tutor_wind
ow_a46d831eda0be47f2cb2f555faef96b38_cgraph.eps>
(epstopdf)             \includegraphics on input line 831.
Package epstopdf Info: Output file is already uptodate.
 <./class_l_l_tutor_window_a46d831eda0be47f2cb2f555faef96b38_cgraph-eps-convert
ed-to.pdf>
<class_l_l_tutor_window_a46d831eda0be47f2cb2f555faef96b38_cgraph-eps-converted-
to.pdf, id=8952, 1909.1325pt x 1250.6725pt>
File: class_l_l_tutor_window_a46d831eda0be47f2cb2f555faef96b38_cgraph-eps-conve
rted-to.pdf Graphic file (type pdf)
<use class_l_l_tutor_window_a46d831eda0be47f2cb2f555faef96b38_cgraph-eps-conver
ted-to.pdf>
Package pdftex.def Info: class_l_l_tutor_window_a46d831eda0be47f2cb2f555faef96b
38_cgraph-eps-converted-to.pdf  used on input line 831.
(pdftex.def)             Requested size: 350.0pt x 229.27158pt.
Package epstopdf Info: Source file: <class_l_l_tutor_window_a46d831eda0be47f2cb
2f555faef96b38_icgraph.eps>
(epstopdf)                    date: 2026-10-04 22:45:38
(epstopdf)                    size: 15708 bytes
(epstopdf)             Output file: <class_l_l_tutor_window_a46d831eda0be47f2cb
2f555faef96b38_icgraph-eps-converted-to.pdf>
(epstopdf)                    date: 2026-10-04 22:46:27
(epstopdf)                    size: 7986 bytes
(epstopdf)             Command: <repstopdf --outfile=class_l_l_tutor_window_a46
d831eda0be47f2cb2f555faef96b38_icgraph-eps-converted-to.pdf class_l_l_tutor_win
dow_a46d831eda0be47f2cb2f555faef96b38_icgraph.eps>
(epstopdf)             \includegraphics on input line 839.
Package epstopdf Info: Output file is already uptodate.
 <./class_l_l_tutor_window_a46d831eda0be47f2cb2f555faef96b38_icgraph-eps-conver
ted-to.pdf>
<class_l_l_tutor_window_a46d831eda0be47f2cb2f555faef96b38_icgraph-eps-converted
-to.pdf, id=8959, 1273.75874pt x 175.65625pt>
File: class_l_l_tutor_window_a46d831eda0be47f2cb2f555faef96b38_icgraph-eps-conv
erted-to.pdf Graphic file (type pdf)
<use class_l_l_tutor_window_a46d831eda0be47f2cb2f555faef96b38_icgraph-eps-conve
rted-to.pdf>
Package pdftex.def Info: class_l_l_tutor_window_a46d831eda0be47f2cb2f555faef96b
38_icgraph-eps-converted-to.pdf  used on input line 839.
(pdftex.def)             Requested size: 350.0pt x 48.26407pt.
Package epstopdf Info: Source file: <class_l_l_tutor_window_ab7e720930213417b63
841d80dcaaf61f_cgraph.eps>
(epstopdf)                    date: 2026-10-04 22:45:38
(epstopdf)                    size: 73776 bytes
(epstopdf)             Output file: <class_l_l_tutor_window_ab7e720930213417b63
841d80dcaaf61f_cgraph-eps-converted-to.pdf>
(epstopdf)                    date: 2026-10-04 22:46:27
(epstopdf)                    size: 18336 bytes
(epstopdf)             Command: <repstopdf --outfile=class_l_l_tutor_window_ab7
e720930213417b63841d80dcaaf61f_cgraph-eps-converted-to.pdf class_l_l_tutor_wind
ow_ab7e720930213417b63841d80dcaaf61f_cgraph.eps>
(epstopdf)             \includegraphics on input line 853.
Package epstopdf Info: Output file is already uptodate.
 <./class_l_l_tutor_window_ab7e720930213417b63841d80dcaaf61f_cgraph-eps-convert
ed-to.pdf>
<class_l_l_tutor_window_ab7e720930213417b63841d80dcaaf61f_cgraph-eps-converted-
to.pdf, id=8966, 1725.44624pt x 1253.68375pt>
File: class_l_l_tutor_window_ab7e720930213417b63841d80dcaaf61f_cgraph-eps-conve
rted-to.pdf Graphic file (type pdf)
<use class_l_l_tutor_window_ab7e720930213417b63841d80dcaaf61f_cgraph-eps-conver
ted-to.pdf>
Package pdftex.def Info: class_l_l_tutor_window_ab7e720930213417b63841d80dcaaf6
1f_cgraph-eps-converted-to.pdf  used on input line 853.
(pdftex.def)             Requested size: 350.0pt x 254.29042pt.
 [126]
Package epstopdf Info: Source file: <class_l_l_tutor_window_ab7e720930213417b63
841d80dcaaf61f_icgraph.eps>
(epstopdf)                    date: 2026-10-04 22:45:38
(epstopdf)                    size: 15822 bytes
(epstopdf)             Output file: <class_l_l_tutor_window_ab7e720930213417b63
841d80dcaaf61f_icgraph-eps-converted-to.pdf>
(epstopdf)                    date: 2026-10-04 22:46:28
(epstopdf)                    size: 7990 bytes
(epstopdf)             Command: <repstopdf --outfile=class_l_l_tutor_window_ab7
e720930213417b63841d80dcaaf61f_icgraph-eps-converted-to.pdf class_l_l_tutor_win
dow_ab7e720930213417b63841d80dcaaf61f_icgraph.eps>
(epstopdf)             \includegraphics on input line 861.
Package epstopdf Info: Output file is already uptodate.
 <./class_l_l_tutor_window_ab7e720930213417b63841d80dcaaf61f_icgraph-eps-conver
ted-to.pdf>
<class_l_l_tutor_window_ab7e720930213417b63841d80dcaaf61f_icgraph-eps-converted
-to.pdf, id=8980, 1087.06125pt x 186.6975pt>
File: class_l_l_tutor_window_ab7e720930213417b63841d80dcaaf61f_icgraph-eps-conv
erted-to.pdf Graphic file (type pdf)
<use class_l_l_tutor_window_ab7e720930213417b63841d80dcaaf61f_icgraph-eps-conve
rted-to.pdf>
Package pdftex.def Info: class_l_l_tutor_window_ab7e720930213417b63841d80dcaaf6
1f_icgraph-eps-converted-to.pdf  used on input line 861.
(pdftex.def)             Requested size: 350.0pt x 60.11191pt.
Package epstopdf Info: Source file: <class_l_l_tutor_window_a5b58ca4619d55921d3
e236c3d01a07c4_icgraph.eps>
(epstopdf)                    date: 2026-10-04 22:45:38
(epstopdf)                    size: 17159 bytes
(epstopdf)             Output file: <class_l_l_tutor_window_a5b58ca4619d55921d3
e236c3d01a07c4_icgraph-eps-converted-to.pdf>
(epstopdf)                    date: 2026-10-04 22:46:28
(epstopdf)                    size: 8158 bytes
(epstopdf)             Command: <repstopdf --outfile=class_l_l_tutor_window_a5b
58ca4619d55921d3e236c3d01a07c4_icgraph-eps-converted-to.pdf class_l_l_tutor_win
dow_a5b58ca4619d55921d3e236c3d01a07c4_icgraph.eps>
(epstopdf)             \includegraphics on input line 879.
Package epstopdf Info: Output file is already uptodate.
 <./class_l_l_tutor_window_a5b58ca4619d55921d3e236c3d01a07c4_icgraph-eps-conver
ted-to.pdf>
<class_l_l_tutor_window_a5b58ca4619d55921d3e236c3d01a07c4_icgraph-eps-converted
-to.pdf, id=8987, 1262.7175pt x 206.7725pt>
File: class_l_l_tutor_window_a5b58ca4619d55921d3e236c3d01a07c4_icgraph-eps-conv
erted-to.pdf Graphic file (type pdf)
<use class_l_l_tutor_window_a5b58ca4619d55921d3e236c3d01a07c4_icgraph-eps-conve
rted-to.pdf>
Package pdftex.def Info: class_l_l_tutor_window_a5b58ca4619d55921d3e236c3d01a07
c4_icgraph-eps-converted-to.pdf  used on input line 879.
(pdftex.def)             Requested size: 350.0pt x 57.31221pt.
Package epstopdf Info: Source file: <class_l_l_tutor_window_a10877112f1a6d1ab44
17cf872a3f21b5_icgraph.eps>
(epstopdf)                    date: 2026-10-04 22:45:38
(epstopdf)                    size: 5355 bytes
(epstopdf)             Output file: <class_l_l_tutor_window_a10877112f1a6d1ab44
17cf872a3f21b5_icgraph-eps-converted-to.pdf>
(epstopdf)                    date: 2026-10-04 22:46:28
(epstopdf)                    size: 5191 bytes
(epstopdf)             Command: <repstopdf --outfile=class_l_l_tutor_window_a10
877112f1a6d1ab4417cf872a3f21b5_icgraph-eps-converted-to.pdf class_l_l_tutor_win
dow_a10877112f1a6d1ab4417cf872a3f21b5_icgraph.eps>
(epstopdf)             \includegraphics on input line 893.
Package epstopdf Info: Output file is already uptodate.
 <./class_l_l_tutor_window_a10877112f1a6d1ab4417cf872a3f21b5_icgraph-eps-conver
ted-to.pdf>
<class_l_l_tutor_window_a10877112f1a6d1ab4417cf872a3f21b5_icgraph-eps-converted
-to.pdf, id=8995, 343.2825pt x 27.10126pt>
File: class_l_l_tutor_window_a10877112f1a6d1ab4417cf872a3f21b5_icgraph-eps-conv
erted-to.pdf Graphic file (type pdf)
<use class_l_l_tutor_window_a10877112f1a6d1ab4417cf872a3f21b5_icgraph-eps-conve
rted-to.pdf>
Package pdftex.def Info: class_l_l_tutor_window_a10877112f1a6d1ab4417cf872a3f21
b5_icgraph-eps-converted-to.pdf  used on input line 893.
(pdftex.def)             Requested size: 350.0pt x 27.63132pt.
 [127]
Package epstopdf Info: Source file: <class_l_l_tutor_window_a52e82b0c082c324ea7
99aa1a2234f48e_icgraph.eps>
(epstopdf)                    date: 2026-10-04 22:45:38
(epstopdf)                    size: 17089 bytes
(epstopdf)             Output file: <class_l_l_tutor_window_a52e82b0c082c324ea7
99aa1a2234f48e_icgraph-eps-converted-to.pdf>
(epstopdf)                    date: 2026-10-04 22:46:28
(epstopdf)                    size: 8247 bytes
(epstopdf)             Command: <repstopdf --outfile=class_l_l_tutor_window_a52
e82b0c082c324ea799aa1a2234f48e_icgraph-eps-converted-to.pdf class_l_l_tutor_win
dow_a52e82b0c082c324ea799aa1a2234f48e_icgraph.eps>
(epstopdf)             \includegraphics on input line 911.
Package epstopdf Info: Output file is already uptodate.
 <./class_l_l_tutor_window_a52e82b0c082c324ea799aa1a2234f48e_icgraph-eps-conver
ted-to.pdf>
<class_l_l_tutor_window_a52e82b0c082c324ea799aa1a2234f48e_icgraph-eps-converted
-to.pdf, id=9010, 1290.8225pt x 206.7725pt>
File: class_l_l_tutor_window_a52e82b0c082c324ea799aa1a2234f48e_icgraph-eps-conv
erted-to.pdf Graphic file (type pdf)
<use class_l_l_tutor_window_a52e82b0c082c324ea799aa1a2234f48e_icgraph-eps-conve
rted-to.pdf>
Package pdftex.def Info: class_l_l_tutor_window_a52e82b0c082c324ea799aa1a2234f4
8e_icgraph-eps-converted-to.pdf  used on input line 911.
(pdftex.def)             Requested size: 350.0pt x 56.06279pt.
Package epstopdf Info: Source file: <class_l_l_tutor_window_a4f1547926d1d6034d3
d3cd0ba53131a3_icgraph.eps>
(epstopdf)                    date: 2026-10-04 22:45:39
(epstopdf)                    size: 5305 bytes
(epstopdf)             Output file: <class_l_l_tutor_window_a4f1547926d1d6034d3
d3cd0ba53131a3_icgraph-eps-converted-to.pdf>
(epstopdf)                    date: 2026-10-04 22:46:28
(epstopdf)                    size: 5433 bytes
(epstopdf)             Command: <repstopdf --outfile=class_l_l_tutor_window_a4f
1547926d1d6034d3d3cd0ba53131a3_icgraph-eps-converted-to.pdf class_l_l_tutor_win
dow_a4f1547926d1d6034d3d3cd0ba53131a3_icgraph.eps>
(epstopdf)             \includegraphics on input line 929.
Package epstopdf Info: Output file is already uptodate.
 <./class_l_l_tutor_window_a4f1547926d1d6034d3d3cd0ba53131a3_icgraph-eps-conver
ted-to.pdf>
<class_l_l_tutor_window_a4f1547926d1d6034d3d3cd0ba53131a3_icgraph-eps-converted
-to.pdf, id=9017, 323.2075pt x 27.10126pt>
File: class_l_l_tutor_window_a4f1547926d1d6034d3d3cd0ba53131a3_icgraph-eps-conv
erted-to.pdf Graphic file (type pdf)
<use class_l_l_tutor_window_a4f1547926d1d6034d3d3cd0ba53131a3_icgraph-eps-conve
rted-to.pdf>
Package pdftex.def Info: class_l_l_tutor_window_a4f1547926d1d6034d3d3cd0ba53131
a3_icgraph-eps-converted-to.pdf  used on input line 929.
(pdftex.def)             Requested size: 350.0pt x 29.34955pt.
Package epstopdf Info: Source file: <class_l_l_tutor_window_a0ae4c32d3c142d9488
145d0f368a2940_icgraph.eps>
(epstopdf)                    date: 2026-10-04 22:45:39
(epstopdf)                    size: 5422 bytes
(epstopdf)             Output file: <class_l_l_tutor_window_a0ae4c32d3c142d9488
145d0f368a2940_icgraph-eps-converted-to.pdf>
(epstopdf)                    date: 2026-10-04 22:46:28
(epstopdf)                    size: 5798 bytes
(epstopdf)             Command: <repstopdf --outfile=class_l_l_tutor_window_a0a
e4c32d3c142d9488145d0f368a2940_icgraph-eps-converted-to.pdf class_l_l_tutor_win
dow_a0ae4c32d3c142d9488145d0f368a2940_icgraph.eps>
(epstopdf)             \includegraphics on input line 947.
Package epstopdf Info: Output file is already uptodate.
 <./class_l_l_tutor_window_a0ae4c32d3c142d9488145d0f368a2940_icgraph-eps-conver
ted-to.pdf>
<class_l_l_tutor_window_a0ae4c32d3c142d9488145d0f368a2940_icgraph-eps-converted
-to.pdf, id=9024, 323.2075pt x 39.14626pt>
File: class_l_l_tutor_window_a0ae4c32d3c142d9488145d0f368a2940_icgraph-eps-conv
erted-to.pdf Graphic file (type pdf)
<use class_l_l_tutor_window_a0ae4c32d3c142d9488145d0f368a2940_icgraph-eps-conve
rted-to.pdf>
Package pdftex.def Info: class_l_l_tutor_window_a0ae4c32d3c142d9488145d0f368a29
40_icgraph-eps-converted-to.pdf  used on input line 947.
(pdftex.def)             Requested size: 350.0pt x 42.39378pt.
Package epstopdf Info: Source file: <class_l_l_tutor_window_a228cec185a4a62f5ac
0de6b3275b88f6_cgraph.eps>
(epstopdf)                    date: 2026-10-04 22:45:39
(epstopdf)                    size: 5457 bytes
(epstopdf)             Output file: <class_l_l_tutor_window_a228cec185a4a62f5ac
0de6b3275b88f6_cgraph-eps-converted-to.pdf>
(epstopdf)                    date: 2026-10-04 22:46:29
(epstopdf)                    size: 5735 bytes
(epstopdf)             Command: <repstopdf --outfile=class_l_l_tutor_window_a22
8cec185a4a62f5ac0de6b3275b88f6_cgraph-eps-converted-to.pdf class_l_l_tutor_wind
ow_a228cec185a4a62f5ac0de6b3275b88f6_cgraph.eps>
(epstopdf)             \includegraphics on input line 961.
Package epstopdf Info: Output file is already uptodate.
 <./class_l_l_tutor_window_a228cec185a4a62f5ac0de6b3275b88f6_cgraph-eps-convert
ed-to.pdf>
<class_l_l_tutor_window_a228cec185a4a62f5ac0de6b3275b88f6_cgraph-eps-converted-
to.pdf, id=9033, 377.41pt x 39.14626pt>
File: class_l_l_tutor_window_a228cec185a4a62f5ac0de6b3275b88f6_cgraph-eps-conve
rted-to.pdf Graphic file (type pdf)
<use class_l_l_tutor_window_a228cec185a4a62f5ac0de6b3275b88f6_cgraph-eps-conver
ted-to.pdf>
Package pdftex.def Info: class_l_l_tutor_window_a228cec185a4a62f5ac0de6b3275b88
f6_cgraph-eps-converted-to.pdf  used on input line 961.
(pdftex.def)             Requested size: 350.0pt x 36.30289pt.
Package epstopdf Info: Source file: <class_l_l_tutor_window_a68732a0b7ca355349e
1cfff4e03665f0_cgraph.eps>
(epstopdf)                    date: 2026-10-04 22:45:38
(epstopdf)                    size: 72707 bytes
(epstopdf)             Output file: <class_l_l_tutor_window_a68732a0b7ca355349e
1cfff4e03665f0_cgraph-eps-converted-to.pdf>
(epstopdf)                    date: 2026-10-04 22:46:29
(epstopdf)                    size: 18101 bytes
(epstopdf)             Command: <repstopdf --outfile=class_l_l_tutor_window_a68
732a0b7ca355349e1cfff4e03665f0_cgraph-eps-converted-to.pdf class_l_l_tutor_wind
ow_a68732a0b7ca355349e1cfff4e03665f0_cgraph.eps>
(epstopdf)             \includegraphics on input line 975.
Package epstopdf Info: Output file is already uptodate.
 <./class_l_l_tutor_window_a68732a0b7ca355349e1cfff4e03665f0_cgraph-eps-convert
ed-to.pdf>
<class_l_l_tutor_window_a68732a0b7ca355349e1cfff4e03665f0_cgraph-eps-converted-
to.pdf, id=9040, 1848.9075pt x 1244.65pt>
File: class_l_l_tutor_window_a68732a0b7ca355349e1cfff4e03665f0_cgraph-eps-conve
rted-to.pdf Graphic file (type pdf)
<use class_l_l_tutor_window_a68732a0b7ca355349e1cfff4e03665f0_cgraph-eps-conver
ted-to.pdf>
Package pdftex.def Info: class_l_l_tutor_window_a68732a0b7ca355349e1cfff4e03665
f0_cgraph-eps-converted-to.pdf  used on input line 975.
(pdftex.def)             Requested size: 350.0pt x 235.61234pt.

[128]
Package epstopdf Info: Source file: <class_l_l_tutor_window_a68732a0b7ca355349e
1cfff4e03665f0_icgraph.eps>
(epstopdf)                    date: 2026-10-04 22:45:38
(epstopdf)                    size: 16054 bytes
(epstopdf)             Output file: <class_l_l_tutor_window_a68732a0b7ca355349e
1cfff4e03665f0_icgraph-eps-converted-to.pdf>
(epstopdf)                    date: 2026-10-04 22:46:29
(epstopdf)                    size: 7989 bytes
(epstopdf)             Command: <repstopdf --outfile=class_l_l_tutor_window_a68
732a0b7ca355349e1cfff4e03665f0_icgraph-eps-converted-to.pdf class_l_l_tutor_win
dow_a68732a0b7ca355349e1cfff4e03665f0_icgraph.eps>
(epstopdf)             \includegraphics on input line 983.
Package epstopdf Info: Output file is already uptodate.
 <./class_l_l_tutor_window_a68732a0b7ca355349e1cfff4e03665f0_icgraph-eps-conver
ted-to.pdf>
<class_l_l_tutor_window_a68732a0b7ca355349e1cfff4e03665f0_icgraph-eps-converted
-to.pdf, id=9055, 1087.06125pt x 206.7725pt>
File: class_l_l_tutor_window_a68732a0b7ca355349e1cfff4e03665f0_icgraph-eps-conv
erted-to.pdf Graphic file (type pdf)
<use class_l_l_tutor_window_a68732a0b7ca355349e1cfff4e03665f0_icgraph-eps-conve
rted-to.pdf>
Package pdftex.def Info: class_l_l_tutor_window_a68732a0b7ca355349e1cfff4e03665
f0_icgraph-eps-converted-to.pdf  used on input line 983.
(pdftex.def)             Requested size: 350.0pt x 66.57555pt.
Package epstopdf Info: Source file: <class_l_l_tutor_window_aa2741ddaaebe054599
186f68169852c4_icgraph.eps>
(epstopdf)                    date: 2026-10-04 22:45:38
(epstopdf)                    size: 22316 bytes
(epstopdf)             Output file: <class_l_l_tutor_window_aa2741ddaaebe054599
186f68169852c4_icgraph-eps-converted-to.pdf>
(epstopdf)                    date: 2026-10-04 22:46:29
(epstopdf)                    size: 9164 bytes
(epstopdf)             Command: <repstopdf --outfile=class_l_l_tutor_window_aa2
741ddaaebe054599186f68169852c4_icgraph-eps-converted-to.pdf class_l_l_tutor_win
dow_aa2741ddaaebe054599186f68169852c4_icgraph.eps>
(epstopdf)             \includegraphics on input line 997.
Package epstopdf Info: Output file is already uptodate.
 <./class_l_l_tutor_window_aa2741ddaaebe054599186f68169852c4_icgraph-eps-conver
ted-to.pdf>
<class_l_l_tutor_window_aa2741ddaaebe054599186f68169852c4_icgraph-eps-converted
-to.pdf, id=9062, 1332.98pt x 256.96pt>
File: class_l_l_tutor_window_aa2741ddaaebe054599186f68169852c4_icgraph-eps-conv
erted-to.pdf Graphic file (type pdf)
<use class_l_l_tutor_window_aa2741ddaaebe054599186f68169852c4_icgraph-eps-conve
rted-to.pdf>
Package pdftex.def Info: class_l_l_tutor_window_aa2741ddaaebe054599186f68169852
c4_icgraph-eps-converted-to.pdf  used on input line 997.
(pdftex.def)             Requested size: 350.0pt x 67.46672pt.
Package epstopdf Info: Source file: <class_l_l_tutor_window_a55b6d95fdc1090e73a
72d477cc6441a9_icgraph.eps>
(epstopdf)                    date: 2026-10-04 22:45:38
(epstopdf)                    size: 17087 bytes
(epstopdf)             Output file: <class_l_l_tutor_window_a55b6d95fdc1090e73a
72d477cc6441a9_icgraph-eps-converted-to.pdf>
(epstopdf)                    date: 2026-10-04 22:46:29
(epstopdf)                    size: 8167 bytes
(epstopdf)             Command: <repstopdf --outfile=class_l_l_tutor_window_a55
b6d95fdc1090e73a72d477cc6441a9_icgraph-eps-converted-to.pdf class_l_l_tutor_win
dow_a55b6d95fdc1090e73a72d477cc6441a9_icgraph.eps>
(epstopdf)             \includegraphics on input line 1011.
Package epstopdf Info: Output file is already uptodate.
 <./class_l_l_tutor_window_a55b6d95fdc1090e73a72d477cc6441a9_icgraph-eps-conver
ted-to.pdf>
<class_l_l_tutor_window_a55b6d95fdc1090e73a72d477cc6441a9_icgraph-eps-converted
-to.pdf, id=9069, 1272.755pt x 206.7725pt>
File: class_l_l_tutor_window_a55b6d95fdc1090e73a72d477cc6441a9_icgraph-eps-conv
erted-to.pdf Graphic file (type pdf)
<use class_l_l_tutor_window_a55b6d95fdc1090e73a72d477cc6441a9_icgraph-eps-conve
rted-to.pdf>
Package pdftex.def Info: class_l_l_tutor_window_a55b6d95fdc1090e73a72d477cc6441
a9_icgraph-eps-converted-to.pdf  used on input line 1011.
(pdftex.def)             Requested size: 350.0pt x 56.86102pt.
 [129]
Package epstopdf Info: Source file: <class_l_l_tutor_window_a90682d8db81d4c0c37
a5293fe011b8a4_icgraph.eps>
(epstopdf)                    date: 2026-10-04 22:45:38
(epstopdf)                    size: 17087 bytes
(epstopdf)             Output file: <class_l_l_tutor_window_a90682d8db81d4c0c37
a5293fe011b8a4_icgraph-eps-converted-to.pdf>
(epstopdf)                    date: 2026-10-04 22:46:29
(epstopdf)                    size: 8125 bytes
(epstopdf)             Command: <repstopdf --outfile=class_l_l_tutor_window_a90
682d8db81d4c0c37a5293fe011b8a4_icgraph-eps-converted-to.pdf class_l_l_tutor_win
dow_a90682d8db81d4c0c37a5293fe011b8a4_icgraph.eps>
(epstopdf)             \includegraphics on input line 1025.
Package epstopdf Info: Output file is already uptodate.
 <./class_l_l_tutor_window_a90682d8db81d4c0c37a5293fe011b8a4_icgraph-eps-conver
ted-to.pdf>
<class_l_l_tutor_window_a90682d8db81d4c0c37a5293fe011b8a4_icgraph-eps-converted
-to.pdf, id=9085, 1272.755pt x 206.7725pt>
File: class_l_l_tutor_window_a90682d8db81d4c0c37a5293fe011b8a4_icgraph-eps-conv
erted-to.pdf Graphic file (type pdf)
<use class_l_l_tutor_window_a90682d8db81d4c0c37a5293fe011b8a4_icgraph-eps-conve
rted-to.pdf>
Package pdftex.def Info: class_l_l_tutor_window_a90682d8db81d4c0c37a5293fe011b8
a4_icgraph-eps-converted-to.pdf  used on input line 1025.
(pdftex.def)             Requested size: 350.0pt x 56.86102pt.
Package epstopdf Info: Source file: <class_l_l_tutor_window_ad8e8d1afe579c1416f
b5cedd2b60a84a_icgraph.eps>
(epstopdf)                    date: 2026-10-04 22:45:38
(epstopdf)                    size: 20688 bytes
(epstopdf)             Output file: <class_l_l_tutor_window_ad8e8d1afe579c1416f
b5cedd2b60a84a_icgraph-eps-converted-to.pdf>
(epstopdf)                    date: 2026-10-04 22:46:30
(epstopdf)                    size: 8967 bytes
(epstopdf)             Command: <repstopdf --outfile=class_l_l_tutor_window_ad8
e8d1afe579c1416fb5cedd2b60a84a_icgraph-eps-converted-to.pdf class_l_l_tutor_win
dow_ad8e8d1afe579c1416fb5cedd2b60a84a_icgraph.eps>
(epstopdf)             \includegraphics on input line 1039.
Package epstopdf Info: Output file is already uptodate.
 <./class_l_l_tutor_window_ad8e8d1afe579c1416fb5cedd2b60a84a_icgraph-eps-conver
ted-to.pdf>
<class_l_l_tutor_window_ad8e8d1afe579c1416fb5cedd2b60a84a_icgraph-eps-converted
-to.pdf, id=9092, 1448.41125pt x 208.78pt>
File: class_l_l_tutor_window_ad8e8d1afe579c1416fb5cedd2b60a84a_icgraph-eps-conv
erted-to.pdf Graphic file (type pdf)
<use class_l_l_tutor_window_ad8e8d1afe579c1416fb5cedd2b60a84a_icgraph-eps-conve
rted-to.pdf>
Package pdftex.def Info: class_l_l_tutor_window_ad8e8d1afe579c1416fb5cedd2b60a8
4a_icgraph-eps-converted-to.pdf  used on input line 1039.
(pdftex.def)             Requested size: 350.0pt x 50.44908pt.
Package epstopdf Info: Source file: <class_l_l_tutor_window_a919d50eb83ab03bfe0
5645ba8a16eb3e_icgraph.eps>
(epstopdf)                    date: 2026-10-04 22:45:38
(epstopdf)                    size: 17087 bytes
(epstopdf)             Output file: <class_l_l_tutor_window_a919d50eb83ab03bfe0
5645ba8a16eb3e_icgraph-eps-converted-to.pdf>
(epstopdf)                    date: 2026-10-04 22:46:30
(epstopdf)                    size: 8166 bytes
(epstopdf)             Command: <repstopdf --outfile=class_l_l_tutor_window_a91
9d50eb83ab03bfe05645ba8a16eb3e_icgraph-eps-converted-to.pdf class_l_l_tutor_win
dow_a919d50eb83ab03bfe05645ba8a16eb3e_icgraph.eps>
(epstopdf)             \includegraphics on input line 1053.
Package epstopdf Info: Output file is already uptodate.
 <./class_l_l_tutor_window_a919d50eb83ab03bfe05645ba8a16eb3e_icgraph-eps-conver
ted-to.pdf>
<class_l_l_tutor_window_a919d50eb83ab03bfe05645ba8a16eb3e_icgraph-eps-converted
-to.pdf, id=9099, 1272.755pt x 206.7725pt>
File: class_l_l_tutor_window_a919d50eb83ab03bfe05645ba8a16eb3e_icgraph-eps-conv
erted-to.pdf Graphic file (type pdf)
<use class_l_l_tutor_window_a919d50eb83ab03bfe05645ba8a16eb3e_icgraph-eps-conve
rted-to.pdf>
Package pdftex.def Info: class_l_l_tutor_window_a919d50eb83ab03bfe05645ba8a16eb
3e_icgraph-eps-converted-to.pdf  used on input line 1053.
(pdftex.def)             Requested size: 350.0pt x 56.86102pt.
Package epstopdf Info: Source file: <class_l_l_tutor_window_aae56758be5ab1d2510
4df692506b8369_cgraph.eps>
(epstopdf)                    date: 2026-10-04 22:45:38
(epstopdf)                    size: 72835 bytes
(epstopdf)             Output file: <class_l_l_tutor_window_aae56758be5ab1d2510
4df692506b8369_cgraph-eps-converted-to.pdf>
(epstopdf)                    date: 2026-10-04 22:46:30
(epstopdf)                    size: 17972 bytes
(epstopdf)             Command: <repstopdf --outfile=class_l_l_tutor_window_aae
56758be5ab1d25104df692506b8369_cgraph-eps-converted-to.pdf class_l_l_tutor_wind
ow_aae56758be5ab1d25104df692506b8369_cgraph.eps>
(epstopdf)             \includegraphics on input line 1067.
Package epstopdf Info: Output file is already uptodate.
 <./class_l_l_tutor_window_aae56758be5ab1d25104df692506b8369_cgraph-eps-convert
ed-to.pdf>
<class_l_l_tutor_window_aae56758be5ab1d25104df692506b8369_cgraph-eps-converted-
to.pdf, id=9106, 2035.605pt x 1225.57875pt>
File: class_l_l_tutor_window_aae56758be5ab1d25104df692506b8369_cgraph-eps-conve
rted-to.pdf Graphic file (type pdf)
<use class_l_l_tutor_window_aae56758be5ab1d25104df692506b8369_cgraph-eps-conver
ted-to.pdf>
Package pdftex.def Info: class_l_l_tutor_window_aae56758be5ab1d25104df692506b83
69_cgraph-eps-converted-to.pdf  used on input line 1067.
(pdftex.def)             Requested size: 350.0pt x 210.72063pt.
 [130]
Package epstopdf Info: Source file: <class_l_l_tutor_window_aae56758be5ab1d2510
4df692506b8369_icgraph.eps>
(epstopdf)                    date: 2026-10-04 22:45:38
(epstopdf)                    size: 16108 bytes
(epstopdf)             Output file: <class_l_l_tutor_window_aae56758be5ab1d2510
4df692506b8369_icgraph-eps-converted-to.pdf>
(epstopdf)                    date: 2026-10-04 22:46:30
(epstopdf)                    size: 8105 bytes
(epstopdf)             Command: <repstopdf --outfile=class_l_l_tutor_window_aae
56758be5ab1d25104df692506b8369_icgraph-eps-converted-to.pdf class_l_l_tutor_win
dow_aae56758be5ab1d25104df692506b8369_icgraph.eps>
(epstopdf)             \includegraphics on input line 1075.
Package epstopdf Info: Output file is already uptodate.
 <./class_l_l_tutor_window_aae56758be5ab1d25104df692506b8369_icgraph-eps-conver
ted-to.pdf>
<class_l_l_tutor_window_aae56758be5ab1d25104df692506b8369_icgraph-eps-converted
-to.pdf, id=9120, 1090.0725pt x 253.94875pt>
File: class_l_l_tutor_window_aae56758be5ab1d25104df692506b8369_icgraph-eps-conv
erted-to.pdf Graphic file (type pdf)
<use class_l_l_tutor_window_aae56758be5ab1d25104df692506b8369_icgraph-eps-conve
rted-to.pdf>
Package pdftex.def Info: class_l_l_tutor_window_aae56758be5ab1d25104df692506b83
69_icgraph-eps-converted-to.pdf  used on input line 1075.
(pdftex.def)             Requested size: 350.0pt x 81.5365pt.
Package epstopdf Info: Source file: <class_l_l_tutor_window_a9c2b0b4bfa0ae92b7a
e8a86b78d9d4a9_cgraph.eps>
(epstopdf)                    date: 2026-10-04 22:45:38
(epstopdf)                    size: 5355 bytes
(epstopdf)             Output file: <class_l_l_tutor_window_a9c2b0b4bfa0ae92b7a
e8a86b78d9d4a9_cgraph-eps-converted-to.pdf>
(epstopdf)                    date: 2026-10-04 22:46:30
(epstopdf)                    size: 5141 bytes
(epstopdf)             Command: <repstopdf --outfile=class_l_l_tutor_window_a9c
2b0b4bfa0ae92b7ae8a86b78d9d4a9_cgraph-eps-converted-to.pdf class_l_l_tutor_wind
ow_a9c2b0b4bfa0ae92b7ae8a86b78d9d4a9_cgraph.eps>
(epstopdf)             \includegraphics on input line 1095.
Package epstopdf Info: Output file is already uptodate.
 <./class_l_l_tutor_window_a9c2b0b4bfa0ae92b7ae8a86b78d9d4a9_cgraph-eps-convert
ed-to.pdf>
<class_l_l_tutor_window_a9c2b0b4bfa0ae92b7ae8a86b78d9d4a9_cgraph-eps-converted-
to.pdf, id=9128, 319.1925pt x 27.10126pt>
File: class_l_l_tutor_window_a9c2b0b4bfa0ae92b7ae8a86b78d9d4a9_cgraph-eps-conve
rted-to.pdf Graphic file (type pdf)
<use class_l_l_tutor_window_a9c2b0b4bfa0ae92b7ae8a86b78d9d4a9_cgraph-eps-conver
ted-to.pdf>
Package pdftex.def Info: class_l_l_tutor_window_a9c2b0b4bfa0ae92b7ae8a86b78d9d4
a9_cgraph-eps-converted-to.pdf  used on input line 1095.
(pdftex.def)             Requested size: 350.0pt x 29.71718pt.
Package epstopdf Info: Source file: <class_l_l_tutor_window_a9c2b0b4bfa0ae92b7a
e8a86b78d9d4a9_icgraph.eps>
(epstopdf)                    date: 2026-10-04 22:45:38
(epstopdf)                    size: 17397 bytes
(epstopdf)             Output file: <class_l_l_tutor_window_a9c2b0b4bfa0ae92b7a
e8a86b78d9d4a9_icgraph-eps-converted-to.pdf>
(epstopdf)                    date: 2026-10-04 22:46:30
(epstopdf)                    size: 8247 bytes
(epstopdf)             Command: <repstopdf --outfile=class_l_l_tutor_window_a9c
2b0b4bfa0ae92b7ae8a86b78d9d4a9_icgraph-eps-converted-to.pdf class_l_l_tutor_win
dow_a9c2b0b4bfa0ae92b7ae8a86b78d9d4a9_icgraph.eps>
(epstopdf)             \includegraphics on input line 1103.
Package epstopdf Info: Output file is already uptodate.
 <./class_l_l_tutor_window_a9c2b0b4bfa0ae92b7ae8a86b78d9d4a9_icgraph-eps-conver
ted-to.pdf>
<class_l_l_tutor_window_a9c2b0b4bfa0ae92b7ae8a86b78d9d4a9_icgraph-eps-converted
-to.pdf, id=9135, 1635.10875pt x 140.525pt>
File: class_l_l_tutor_window_a9c2b0b4bfa0ae92b7ae8a86b78d9d4a9_icgraph-eps-conv
erted-to.pdf Graphic file (type pdf)
<use class_l_l_tutor_window_a9c2b0b4bfa0ae92b7ae8a86b78d9d4a9_icgraph-eps-conve
rted-to.pdf>
Package pdftex.def Info: class_l_l_tutor_window_a9c2b0b4bfa0ae92b7ae8a86b78d9d4
a9_icgraph-eps-converted-to.pdf  used on input line 1103.
(pdftex.def)             Requested size: 350.0pt x 30.07933pt.
 [131]
Package epstopdf Info: Source file: <class_l_l_tutor_window_a186542bdd21f445a34
e18d1b88c8554c_icgraph.eps>
(epstopdf)                    date: 2026-10-04 22:45:38
(epstopdf)                    size: 17084 bytes
(epstopdf)             Output file: <class_l_l_tutor_window_a186542bdd21f445a34
e18d1b88c8554c_icgraph-eps-converted-to.pdf>
(epstopdf)                    date: 2026-10-04 22:46:31
(epstopdf)                    size: 8184 bytes
(epstopdf)             Command: <repstopdf --outfile=class_l_l_tutor_window_a18
6542bdd21f445a34e18d1b88c8554c_icgraph-eps-converted-to.pdf class_l_l_tutor_win
dow_a186542bdd21f445a34e18d1b88c8554c_icgraph.eps>
(epstopdf)             \includegraphics on input line 1117.
Package epstopdf Info: Output file is already uptodate.
 <./class_l_l_tutor_window_a186542bdd21f445a34e18d1b88c8554c_icgraph-eps-conver
ted-to.pdf>
<class_l_l_tutor_window_a186542bdd21f445a34e18d1b88c8554c_icgraph-eps-converted
-to.pdf, id=9150, 1278.7775pt x 206.7725pt>
File: class_l_l_tutor_window_a186542bdd21f445a34e18d1b88c8554c_icgraph-eps-conv
erted-to.pdf Graphic file (type pdf)
<use class_l_l_tutor_window_a186542bdd21f445a34e18d1b88c8554c_icgraph-eps-conve
rted-to.pdf>
Package pdftex.def Info: class_l_l_tutor_window_a186542bdd21f445a34e18d1b88c855
4c_icgraph-eps-converted-to.pdf  used on input line 1117.
(pdftex.def)             Requested size: 350.0pt x 56.59285pt.
Package epstopdf Info: Source file: <class_l_l_tutor_window_a742bc2a8d3b097d7f1
b0d22be6ec68e6_icgraph.eps>
(epstopdf)                    date: 2026-10-04 22:45:38
(epstopdf)                    size: 19091 bytes
(epstopdf)             Output file: <class_l_l_tutor_window_a742bc2a8d3b097d7f1
b0d22be6ec68e6_icgraph-eps-converted-to.pdf>
(epstopdf)                    date: 2026-10-04 22:46:31
(epstopdf)                    size: 8817 bytes
(epstopdf)             Command: <repstopdf --outfile=class_l_l_tutor_window_a74
2bc2a8d3b097d7f1b0d22be6ec68e6_icgraph-eps-converted-to.pdf class_l_l_tutor_win
dow_a742bc2a8d3b097d7f1b0d22be6ec68e6_icgraph.eps>
(epstopdf)             \includegraphics on input line 1131.
Package epstopdf Info: Output file is already uptodate.
 <./class_l_l_tutor_window_a742bc2a8d3b097d7f1b0d22be6ec68e6_icgraph-eps-conver
ted-to.pdf>
<class_l_l_tutor_window_a742bc2a8d3b097d7f1b0d22be6ec68e6_icgraph-eps-converted
-to.pdf, id=9159, 1657.19125pt x 209.78375pt>
File: class_l_l_tutor_window_a742bc2a8d3b097d7f1b0d22be6ec68e6_icgraph-eps-conv
erted-to.pdf Graphic file (type pdf)
<use class_l_l_tutor_window_a742bc2a8d3b097d7f1b0d22be6ec68e6_icgraph-eps-conve
rted-to.pdf>
Package pdftex.def Info: class_l_l_tutor_window_a742bc2a8d3b097d7f1b0d22be6ec68
e6_icgraph-eps-converted-to.pdf  used on input line 1131.
(pdftex.def)             Requested size: 350.0pt x 44.30556pt.
Package epstopdf Info: Source file: <class_l_l_tutor_window_a60b755f5082fa049eb
48d5f1fc15d424_cgraph.eps>
(epstopdf)                    date: 2026-10-04 22:45:38
(epstopdf)                    size: 73118 bytes
(epstopdf)             Output file: <class_l_l_tutor_window_a60b755f5082fa049eb
48d5f1fc15d424_cgraph-eps-converted-to.pdf>
(epstopdf)                    date: 2026-10-04 22:46:31
(epstopdf)                    size: 17931 bytes
(epstopdf)             Command: <repstopdf --outfile=class_l_l_tutor_window_a60
b755f5082fa049eb48d5f1fc15d424_cgraph-eps-converted-to.pdf class_l_l_tutor_wind
ow_a60b755f5082fa049eb48d5f1fc15d424_cgraph.eps>
(epstopdf)             \includegraphics on input line 1145.
Package epstopdf Info: Output file is already uptodate.
 <./class_l_l_tutor_window_a60b755f5082fa049eb48d5f1fc15d424_cgraph-eps-convert
ed-to.pdf>
<class_l_l_tutor_window_a60b755f5082fa049eb48d5f1fc15d424_cgraph-eps-converted-
to.pdf, id=9166, 2235.35126pt x 1324.95pt>
File: class_l_l_tutor_window_a60b755f5082fa049eb48d5f1fc15d424_cgraph-eps-conve
rted-to.pdf Graphic file (type pdf)
<use class_l_l_tutor_window_a60b755f5082fa049eb48d5f1fc15d424_cgraph-eps-conver
ted-to.pdf>
Package pdftex.def Info: class_l_l_tutor_window_a60b755f5082fa049eb48d5f1fc15d4
24_cgraph-eps-converted-to.pdf  used on input line 1145.
(pdftex.def)             Requested size: 350.0pt x 207.44748pt.
Package epstopdf Info: Source file: <class_l_l_tutor_window_a60b755f5082fa049eb
48d5f1fc15d424_icgraph.eps>
(epstopdf)                    date: 2026-10-04 22:45:38
(epstopdf)                    size: 15913 bytes
(epstopdf)             Output file: <class_l_l_tutor_window_a60b755f5082fa049eb
48d5f1fc15d424_icgraph-eps-converted-to.pdf>
(epstopdf)                    date: 2026-10-04 22:46:31
(epstopdf)                    size: 8020 bytes
(epstopdf)             Command: <repstopdf --outfile=class_l_l_tutor_window_a60
b755f5082fa049eb48d5f1fc15d424_icgraph-eps-converted-to.pdf class_l_l_tutor_win
dow_a60b755f5082fa049eb48d5f1fc15d424_icgraph.eps>
(epstopdf)             \includegraphics on input line 1153.
Package epstopdf Info: Output file is already uptodate.
 <./class_l_l_tutor_window_a60b755f5082fa049eb48d5f1fc15d424_icgraph-eps-conver
ted-to.pdf>
<class_l_l_tutor_window_a60b755f5082fa049eb48d5f1fc15d424_icgraph-eps-converted
-to.pdf, id=9173, 1454.43375pt x 132.495pt>
File: class_l_l_tutor_window_a60b755f5082fa049eb48d5f1fc15d424_icgraph-eps-conv
erted-to.pdf Graphic file (type pdf)
<use class_l_l_tutor_window_a60b755f5082fa049eb48d5f1fc15d424_icgraph-eps-conve
rted-to.pdf>
Package pdftex.def Info: class_l_l_tutor_window_a60b755f5082fa049eb48d5f1fc15d4
24_icgraph-eps-converted-to.pdf  used on input line 1153.
(pdftex.def)             Requested size: 350.0pt x 31.88435pt.
 [132]
Package epstopdf Info: Source file: <class_l_l_tutor_window_ad7528d4e40e7d041d4
ae4049ccf4c222_cgraph.eps>
(epstopdf)                    date: 2026-10-04 22:45:38
(epstopdf)                    size: 13668 bytes
(epstopdf)             Output file: <class_l_l_tutor_window_ad7528d4e40e7d041d4
ae4049ccf4c222_cgraph-eps-converted-to.pdf>
(epstopdf)                    date: 2026-10-04 22:46:31
(epstopdf)                    size: 7489 bytes
(epstopdf)             Command: <repstopdf --outfile=class_l_l_tutor_window_ad7
528d4e40e7d041d4ae4049ccf4c222_cgraph-eps-converted-to.pdf class_l_l_tutor_wind
ow_ad7528d4e40e7d041d4ae4049ccf4c222_cgraph.eps>
(epstopdf)             \includegraphics on input line 1167.
Package epstopdf Info: Output file is already uptodate.
 <./class_l_l_tutor_window_ad7528d4e40e7d041d4ae4049ccf4c222_cgraph-eps-convert
ed-to.pdf>
<class_l_l_tutor_window_ad7528d4e40e7d041d4ae4049ccf4c222_cgraph-eps-converted-
to.pdf, id=9188, 1019.81pt x 100.375pt>
File: class_l_l_tutor_window_ad7528d4e40e7d041d4ae4049ccf4c222_cgraph-eps-conve
rted-to.pdf Graphic file (type pdf)
<use class_l_l_tutor_window_ad7528d4e40e7d041d4ae4049ccf4c222_cgraph-eps-conver
ted-to.pdf>
Package pdftex.def Info: class_l_l_tutor_window_ad7528d4e40e7d041d4ae4049ccf4c2
22_cgraph-eps-converted-to.pdf  used on input line 1167.
(pdftex.def)             Requested size: 350.0pt x 34.44867pt.
Package epstopdf Info: Source file: <class_l_l_tutor_window_ad7528d4e40e7d041d4
ae4049ccf4c222_icgraph.eps>
(epstopdf)                    date: 2026-10-04 22:45:38
(epstopdf)                    size: 18762 bytes
(epstopdf)             Output file: <class_l_l_tutor_window_ad7528d4e40e7d041d4
ae4049ccf4c222_icgraph-eps-converted-to.pdf>
(epstopdf)                    date: 2026-10-04 22:46:31
(epstopdf)                    size: 8849 bytes
(epstopdf)             Command: <repstopdf --outfile=class_l_l_tutor_window_ad7
528d4e40e7d041d4ae4049ccf4c222_icgraph-eps-converted-to.pdf class_l_l_tutor_win
dow_ad7528d4e40e7d041d4ae4049ccf4c222_icgraph.eps>
(epstopdf)             \includegraphics on input line 1175.
Package epstopdf Info: Output file is already uptodate.
 <./class_l_l_tutor_window_ad7528d4e40e7d041d4ae4049ccf4c222_icgraph-eps-conver
ted-to.pdf>
<class_l_l_tutor_window_ad7528d4e40e7d041d4ae4049ccf4c222_icgraph-eps-converted
-to.pdf, id=9195, 1468.48625pt x 204.765pt>
File: class_l_l_tutor_window_ad7528d4e40e7d041d4ae4049ccf4c222_icgraph-eps-conv
erted-to.pdf Graphic file (type pdf)
<use class_l_l_tutor_window_ad7528d4e40e7d041d4ae4049ccf4c222_icgraph-eps-conve
rted-to.pdf>
Package pdftex.def Info: class_l_l_tutor_window_ad7528d4e40e7d041d4ae4049ccf4c2
22_icgraph-eps-converted-to.pdf  used on input line 1175.
(pdftex.def)             Requested size: 350.0pt x 48.80403pt.
Package epstopdf Info: Source file: <class_l_l_tutor_window_a8d36384b192e7925df
83b8ee740af250_cgraph.eps>
(epstopdf)                    date: 2026-10-04 22:45:38
(epstopdf)                    size: 7420 bytes
(epstopdf)             Output file: <class_l_l_tutor_window_a8d36384b192e7925df
83b8ee740af250_cgraph-eps-converted-to.pdf>
(epstopdf)                    date: 2026-10-04 22:46:32
(epstopdf)                    size: 6275 bytes
(epstopdf)             Command: <repstopdf --outfile=class_l_l_tutor_window_a8d
36384b192e7925df83b8ee740af250_cgraph-eps-converted-to.pdf class_l_l_tutor_wind
ow_a8d36384b192e7925df83b8ee740af250_cgraph.eps>
(epstopdf)             \includegraphics on input line 1198.
Package epstopdf Info: Output file is already uptodate.
 <./class_l_l_tutor_window_a8d36384b192e7925df83b8ee740af250_cgraph-eps-convert
ed-to.pdf>
<class_l_l_tutor_window_a8d36384b192e7925df83b8ee740af250_cgraph-eps-converted-
to.pdf, id=9202, 332.24126pt x 113.42375pt>
File: class_l_l_tutor_window_a8d36384b192e7925df83b8ee740af250_cgraph-eps-conve
rted-to.pdf Graphic file (type pdf)
<use class_l_l_tutor_window_a8d36384b192e7925df83b8ee740af250_cgraph-eps-conver
ted-to.pdf>
Package pdftex.def Info: class_l_l_tutor_window_a8d36384b192e7925df83b8ee740af2
50_cgraph-eps-converted-to.pdf  used on input line 1198.
(pdftex.def)             Requested size: 350.0pt x 119.49304pt.
Package epstopdf Info: Source file: <class_l_l_tutor_window_ac45e43831b3af81f0b
667592e69b2137_cgraph.eps>
(epstopdf)                    date: 2026-10-04 22:45:38
(epstopdf)                    size: 13101 bytes
(epstopdf)             Output file: <class_l_l_tutor_window_ac45e43831b3af81f0b
667592e69b2137_cgraph-eps-converted-to.pdf>
(epstopdf)                    date: 2026-10-04 22:46:32
(epstopdf)                    size: 6922 bytes
(epstopdf)             Command: <repstopdf --outfile=class_l_l_tutor_window_ac4
5e43831b3af81f0b667592e69b2137_cgraph-eps-converted-to.pdf class_l_l_tutor_wind
ow_ac45e43831b3af81f0b667592e69b2137_cgraph.eps>
(epstopdf)             \includegraphics on input line 1218.
Package epstopdf Info: Output file is already uptodate.
 <./class_l_l_tutor_window_ac45e43831b3af81f0b667592e69b2137_cgraph-eps-convert
ed-to.pdf>
<class_l_l_tutor_window_ac45e43831b3af81f0b667592e69b2137_cgraph-eps-converted-
to.pdf, id=9209, 973.6375pt x 125.46875pt>
File: class_l_l_tutor_window_ac45e43831b3af81f0b667592e69b2137_cgraph-eps-conve
rted-to.pdf Graphic file (type pdf)
<use class_l_l_tutor_window_ac45e43831b3af81f0b667592e69b2137_cgraph-eps-conver
ted-to.pdf>
Package pdftex.def Info: class_l_l_tutor_window_ac45e43831b3af81f0b667592e69b21
37_cgraph-eps-converted-to.pdf  used on input line 1218.
(pdftex.def)             Requested size: 350.0pt x 45.1017pt.
Package epstopdf Info: Source file: <class_l_l_tutor_window_ac45e43831b3af81f0b
667592e69b2137_icgraph.eps>
(epstopdf)                    date: 2026-10-04 22:45:38
(epstopdf)                    size: 6352 bytes
(epstopdf)             Output file: <class_l_l_tutor_window_ac45e43831b3af81f0b
667592e69b2137_icgraph-eps-converted-to.pdf>
(epstopdf)                    date: 2026-10-04 22:46:32
(epstopdf)                    size: 5628 bytes
(epstopdf)             Command: <repstopdf --outfile=class_l_l_tutor_window_ac4
5e43831b3af81f0b667592e69b2137_icgraph-eps-converted-to.pdf class_l_l_tutor_win
dow_ac45e43831b3af81f0b667592e69b2137_icgraph.eps>
(epstopdf)             \includegraphics on input line 1226.
Package epstopdf Info: Output file is already uptodate.
 <./class_l_l_tutor_window_ac45e43831b3af81f0b667592e69b2137_icgraph-eps-conver
ted-to.pdf>
<class_l_l_tutor_window_ac45e43831b3af81f0b667592e69b2137_icgraph-eps-converted
-to.pdf, id=9216, 382.42876pt x 51.19125pt>
File: class_l_l_tutor_window_ac45e43831b3af81f0b667592e69b2137_icgraph-eps-conv
erted-to.pdf Graphic file (type pdf)
<use class_l_l_tutor_window_ac45e43831b3af81f0b667592e69b2137_icgraph-eps-conve
rted-to.pdf>
Package pdftex.def Info: class_l_l_tutor_window_ac45e43831b3af81f0b667592e69b21
37_icgraph-eps-converted-to.pdf  used on input line 1226.
(pdftex.def)             Requested size: 350.0pt x 46.8528pt.

[133]
Package epstopdf Info: Source file: <class_l_l_tutor_window_a560702b183dbcfed68
850b0df1ec6641_cgraph.eps>
(epstopdf)                    date: 2026-10-04 22:45:38
(epstopdf)                    size: 13115 bytes
(epstopdf)             Output file: <class_l_l_tutor_window_a560702b183dbcfed68
850b0df1ec6641_cgraph-eps-converted-to.pdf>
(epstopdf)                    date: 2026-10-04 22:46:32
(epstopdf)                    size: 6941 bytes
(epstopdf)             Command: <repstopdf --outfile=class_l_l_tutor_window_a56
0702b183dbcfed68850b0df1ec6641_cgraph-eps-converted-to.pdf class_l_l_tutor_wind
ow_a560702b183dbcfed68850b0df1ec6641_cgraph.eps>
(epstopdf)             \includegraphics on input line 1240.
Package epstopdf Info: Output file is already uptodate.
 <./class_l_l_tutor_window_a560702b183dbcfed68850b0df1ec6641_cgraph-eps-convert
ed-to.pdf>
<class_l_l_tutor_window_a560702b183dbcfed68850b0df1ec6641_cgraph-eps-converted-
to.pdf, id=9232, 778.91pt x 181.67876pt>
File: class_l_l_tutor_window_a560702b183dbcfed68850b0df1ec6641_cgraph-eps-conve
rted-to.pdf Graphic file (type pdf)
<use class_l_l_tutor_window_a560702b183dbcfed68850b0df1ec6641_cgraph-eps-conver
ted-to.pdf>
Package pdftex.def Info: class_l_l_tutor_window_a560702b183dbcfed68850b0df1ec66
41_cgraph-eps-converted-to.pdf  used on input line 1240.
(pdftex.def)             Requested size: 350.0pt x 81.63547pt.
Package epstopdf Info: Source file: <class_l_l_tutor_window_a560702b183dbcfed68
850b0df1ec6641_icgraph.eps>
(epstopdf)                    date: 2026-10-04 22:45:38
(epstopdf)                    size: 6358 bytes
(epstopdf)             Output file: <class_l_l_tutor_window_a560702b183dbcfed68
850b0df1ec6641_icgraph-eps-converted-to.pdf>
(epstopdf)                    date: 2026-10-04 22:46:32
(epstopdf)                    size: 5622 bytes
(epstopdf)             Command: <repstopdf --outfile=class_l_l_tutor_window_a56
0702b183dbcfed68850b0df1ec6641_icgraph-eps-converted-to.pdf class_l_l_tutor_win
dow_a560702b183dbcfed68850b0df1ec6641_icgraph.eps>
(epstopdf)             \includegraphics on input line 1248.
Package epstopdf Info: Output file is already uptodate.
 <./class_l_l_tutor_window_a560702b183dbcfed68850b0df1ec6641_icgraph-eps-conver
ted-to.pdf>
<class_l_l_tutor_window_a560702b183dbcfed68850b0df1ec6641_icgraph-eps-converted
-to.pdf, id=9239, 382.42876pt x 51.19125pt>
File: class_l_l_tutor_window_a560702b183dbcfed68850b0df1ec6641_icgraph-eps-conv
erted-to.pdf Graphic file (type pdf)
<use class_l_l_tutor_window_a560702b183dbcfed68850b0df1ec6641_icgraph-eps-conve
rted-to.pdf>
Package pdftex.def Info: class_l_l_tutor_window_a560702b183dbcfed68850b0df1ec66
41_icgraph-eps-converted-to.pdf  used on input line 1248.
(pdftex.def)             Requested size: 350.0pt x 46.8528pt.
Package epstopdf Info: Source file: <class_l_l_tutor_window_a7d2fc87cdcdbf8528e
2a5f47f0e5c05a_cgraph.eps>
(epstopdf)                    date: 2026-10-04 22:45:38
(epstopdf)                    size: 8617 bytes
(epstopdf)             Output file: <class_l_l_tutor_window_a7d2fc87cdcdbf8528e
2a5f47f0e5c05a_cgraph-eps-converted-to.pdf>
(epstopdf)                    date: 2026-10-04 22:46:32
(epstopdf)                    size: 6259 bytes
(epstopdf)             Command: <repstopdf --outfile=class_l_l_tutor_window_a7d
2fc87cdcdbf8528e2a5f47f0e5c05a_cgraph-eps-converted-to.pdf class_l_l_tutor_wind
ow_a7d2fc87cdcdbf8528e2a5f47f0e5c05a_cgraph.eps>
(epstopdf)             \includegraphics on input line 1262.
Package epstopdf Info: Output file is already uptodate.
 <./class_l_l_tutor_window_a7d2fc87cdcdbf8528e2a5f47f0e5c05a_cgraph-eps-convert
ed-to.pdf>
<class_l_l_tutor_window_a7d2fc87cdcdbf8528e2a5f47f0e5c05a_cgraph-eps-converted-
to.pdf, id=9246, 564.1075pt x 113.42375pt>
File: class_l_l_tutor_window_a7d2fc87cdcdbf8528e2a5f47f0e5c05a_cgraph-eps-conve
rted-to.pdf Graphic file (type pdf)
<use class_l_l_tutor_window_a7d2fc87cdcdbf8528e2a5f47f0e5c05a_cgraph-eps-conver
ted-to.pdf>
Package pdftex.def Info: class_l_l_tutor_window_a7d2fc87cdcdbf8528e2a5f47f0e5c0
5a_cgraph-eps-converted-to.pdf  used on input line 1262.
(pdftex.def)             Requested size: 350.0pt x 70.3739pt.
Package epstopdf Info: Source file: <class_l_l_tutor_window_a7d2fc87cdcdbf8528e
2a5f47f0e5c05a_icgraph.eps>
(epstopdf)                    date: 2026-10-04 22:45:38
(epstopdf)                    size: 7409 bytes
(epstopdf)             Output file: <class_l_l_tutor_window_a7d2fc87cdcdbf8528e
2a5f47f0e5c05a_icgraph-eps-converted-to.pdf>
(epstopdf)                    date: 2026-10-04 22:46:33
(epstopdf)                    size: 5878 bytes
(epstopdf)             Command: <repstopdf --outfile=class_l_l_tutor_window_a7d
2fc87cdcdbf8528e2a5f47f0e5c05a_icgraph-eps-converted-to.pdf class_l_l_tutor_win
dow_a7d2fc87cdcdbf8528e2a5f47f0e5c05a_icgraph.eps>
(epstopdf)             \includegraphics on input line 1270.
Package epstopdf Info: Output file is already uptodate.
 <./class_l_l_tutor_window_a7d2fc87cdcdbf8528e2a5f47f0e5c05a_icgraph-eps-conver
ted-to.pdf>
<class_l_l_tutor_window_a7d2fc87cdcdbf8528e2a5f47f0e5c05a_icgraph-eps-converted
-to.pdf, id=9253, 576.1525pt x 51.19125pt>
File: class_l_l_tutor_window_a7d2fc87cdcdbf8528e2a5f47f0e5c05a_icgraph-eps-conv
erted-to.pdf Graphic file (type pdf)
<use class_l_l_tutor_window_a7d2fc87cdcdbf8528e2a5f47f0e5c05a_icgraph-eps-conve
rted-to.pdf>
Package pdftex.def Info: class_l_l_tutor_window_a7d2fc87cdcdbf8528e2a5f47f0e5c0
5a_icgraph-eps-converted-to.pdf  used on input line 1270.
(pdftex.def)             Requested size: 350.0pt x 31.0985pt.
Package epstopdf Info: Source file: <class_l_l_tutor_window_a36fa8a40caeacd5be8
d3ad5895320f25_icgraph.eps>
(epstopdf)                    date: 2026-10-04 22:45:38
(epstopdf)                    size: 8963 bytes
(epstopdf)             Output file: <class_l_l_tutor_window_a36fa8a40caeacd5be8
d3ad5895320f25_icgraph-eps-converted-to.pdf>
(epstopdf)                    date: 2026-10-04 22:46:33
(epstopdf)                    size: 6285 bytes
(epstopdf)             Command: <repstopdf --outfile=class_l_l_tutor_window_a36
fa8a40caeacd5be8d3ad5895320f25_icgraph-eps-converted-to.pdf class_l_l_tutor_win
dow_a36fa8a40caeacd5be8d3ad5895320f25_icgraph.eps>
(epstopdf)             \includegraphics on input line 1284.
Package epstopdf Info: Output file is already uptodate.
 <./class_l_l_tutor_window_a36fa8a40caeacd5be8d3ad5895320f25_icgraph-eps-conver
ted-to.pdf>
<class_l_l_tutor_window_a36fa8a40caeacd5be8d3ad5895320f25_icgraph-eps-converted
-to.pdf, id=9260, 791.95876pt x 72.27pt>
File: class_l_l_tutor_window_a36fa8a40caeacd5be8d3ad5895320f25_icgraph-eps-conv
erted-to.pdf Graphic file (type pdf)
<use class_l_l_tutor_window_a36fa8a40caeacd5be8d3ad5895320f25_icgraph-eps-conve
rted-to.pdf>
Package pdftex.def Info: class_l_l_tutor_window_a36fa8a40caeacd5be8d3ad5895320f
25_icgraph-eps-converted-to.pdf  used on input line 1284.
(pdftex.def)             Requested size: 350.0pt x 31.93893pt.
 [134]
Package epstopdf Info: Source file: <class_l_l_tutor_window_a6e037711b2e27cf298
a6a1b0f0028f60_icgraph.eps>
(epstopdf)                    date: 2026-10-04 22:45:39
(epstopdf)                    size: 7409 bytes
(epstopdf)             Output file: <class_l_l_tutor_window_a6e037711b2e27cf298
a6a1b0f0028f60_icgraph-eps-converted-to.pdf>
(epstopdf)                    date: 2026-10-04 22:46:33
(epstopdf)                    size: 5900 bytes
(epstopdf)             Command: <repstopdf --outfile=class_l_l_tutor_window_a6e
037711b2e27cf298a6a1b0f0028f60_icgraph-eps-converted-to.pdf class_l_l_tutor_win
dow_a6e037711b2e27cf298a6a1b0f0028f60_icgraph.eps>
(epstopdf)             \includegraphics on input line 1298.
Package epstopdf Info: Output file is already uptodate.
 <./class_l_l_tutor_window_a6e037711b2e27cf298a6a1b0f0028f60_icgraph-eps-conver
ted-to.pdf>
<class_l_l_tutor_window_a6e037711b2e27cf298a6a1b0f0028f60_icgraph-eps-converted
-to.pdf, id=9277, 576.1525pt x 51.19125pt>
File: class_l_l_tutor_window_a6e037711b2e27cf298a6a1b0f0028f60_icgraph-eps-conv
erted-to.pdf Graphic file (type pdf)
<use class_l_l_tutor_window_a6e037711b2e27cf298a6a1b0f0028f60_icgraph-eps-conve
rted-to.pdf>
Package pdftex.def Info: class_l_l_tutor_window_a6e037711b2e27cf298a6a1b0f0028f
60_icgraph-eps-converted-to.pdf  used on input line 1298.
(pdftex.def)             Requested size: 350.0pt x 31.0985pt.
Package epstopdf Info: Source file: <class_l_l_tutor_window_abde0722625354cf587
32008f8e530e5d_cgraph.eps>
(epstopdf)                    date: 2026-10-04 22:45:38
(epstopdf)                    size: 5454 bytes
(epstopdf)             Output file: <class_l_l_tutor_window_abde0722625354cf587
32008f8e530e5d_cgraph-eps-converted-to.pdf>
(epstopdf)                    date: 2026-10-04 22:46:33
(epstopdf)                    size: 5704 bytes
(epstopdf)             Command: <repstopdf --outfile=class_l_l_tutor_window_abd
e0722625354cf58732008f8e530e5d_cgraph-eps-converted-to.pdf class_l_l_tutor_wind
ow_abde0722625354cf58732008f8e530e5d_cgraph.eps>
(epstopdf)             \includegraphics on input line 1312.
Package epstopdf Info: Output file is already uptodate.
 <./class_l_l_tutor_window_abde0722625354cf58732008f8e530e5d_cgraph-eps-convert
ed-to.pdf>
<class_l_l_tutor_window_abde0722625354cf58732008f8e530e5d_cgraph-eps-converted-
to.pdf, id=9284, 347.2975pt x 39.14626pt>
File: class_l_l_tutor_window_abde0722625354cf58732008f8e530e5d_cgraph-eps-conve
rted-to.pdf Graphic file (type pdf)
<use class_l_l_tutor_window_abde0722625354cf58732008f8e530e5d_cgraph-eps-conver
ted-to.pdf>
Package pdftex.def Info: class_l_l_tutor_window_abde0722625354cf58732008f8e530e
5d_cgraph-eps-converted-to.pdf  used on input line 1312.
(pdftex.def)             Requested size: 350.0pt x 39.45256pt.
Package epstopdf Info: Source file: <class_l_l_tutor_window_abde0722625354cf587
32008f8e530e5d_icgraph.eps>
(epstopdf)                    date: 2026-10-04 22:45:38
(epstopdf)                    size: 8450 bytes
(epstopdf)             Output file: <class_l_l_tutor_window_abde0722625354cf587
32008f8e530e5d_icgraph-eps-converted-to.pdf>
(epstopdf)                    date: 2026-10-04 22:46:33
(epstopdf)                    size: 6132 bytes
(epstopdf)             Command: <repstopdf --outfile=class_l_l_tutor_window_abd
e0722625354cf58732008f8e530e5d_icgraph-eps-converted-to.pdf class_l_l_tutor_win
dow_abde0722625354cf58732008f8e530e5d_icgraph.eps>
(epstopdf)             \includegraphics on input line 1320.
Package epstopdf Info: Output file is already uptodate.
 <./class_l_l_tutor_window_abde0722625354cf58732008f8e530e5d_icgraph-eps-conver
ted-to.pdf>
<class_l_l_tutor_window_abde0722625354cf58732008f8e530e5d_icgraph-eps-converted
-to.pdf, id=9291, 770.88pt x 51.19125pt>
File: class_l_l_tutor_window_abde0722625354cf58732008f8e530e5d_icgraph-eps-conv
erted-to.pdf Graphic file (type pdf)
<use class_l_l_tutor_window_abde0722625354cf58732008f8e530e5d_icgraph-eps-conve
rted-to.pdf>
Package pdftex.def Info: class_l_l_tutor_window_abde0722625354cf58732008f8e530e
5d_icgraph-eps-converted-to.pdf  used on input line 1320.
(pdftex.def)             Requested size: 350.0pt x 23.24205pt.
Package epstopdf Info: Source file: <class_l_l_tutor_window_a667223abed46d41125
0b3a8e2c6baadd_icgraph.eps>
(epstopdf)                    date: 2026-10-04 22:45:38
(epstopdf)                    size: 8411 bytes
(epstopdf)             Output file: <class_l_l_tutor_window_a667223abed46d41125
0b3a8e2c6baadd_icgraph-eps-converted-to.pdf>
(epstopdf)                    date: 2026-10-04 22:46:33
(epstopdf)                    size: 6120 bytes
(epstopdf)             Command: <repstopdf --outfile=class_l_l_tutor_window_a66
7223abed46d411250b3a8e2c6baadd_icgraph-eps-converted-to.pdf class_l_l_tutor_win
dow_a667223abed46d411250b3a8e2c6baadd_icgraph.eps>
(epstopdf)             \includegraphics on input line 1334.
Package epstopdf Info: Output file is already uptodate.
 <./class_l_l_tutor_window_a667223abed46d411250b3a8e2c6baadd_icgraph-eps-conver
ted-to.pdf>
<class_l_l_tutor_window_a667223abed46d411250b3a8e2c6baadd_icgraph-eps-converted
-to.pdf, id=9298, 792.9625pt x 51.19125pt>
File: class_l_l_tutor_window_a667223abed46d411250b3a8e2c6baadd_icgraph-eps-conv
erted-to.pdf Graphic file (type pdf)
<use class_l_l_tutor_window_a667223abed46d411250b3a8e2c6baadd_icgraph-eps-conve
rted-to.pdf>
Package pdftex.def Info: class_l_l_tutor_window_a667223abed46d411250b3a8e2c6baa
dd_icgraph-eps-converted-to.pdf  used on input line 1334.
(pdftex.def)             Requested size: 350.0pt x 22.59529pt.
) (./class_l_l_wizard.tex [135]
Package epstopdf Info: Source file: <class_l_l_wizard__inherit__graph.eps>
(epstopdf)                    date: 2026-10-04 22:45:38
(epstopdf)                    size: 5107 bytes
(epstopdf)             Output file: <class_l_l_wizard__inherit__graph-eps-conve
rted-to.pdf>
(epstopdf)                    date: 2026-10-04 22:46:34
(epstopdf)                    size: 4706 bytes
(epstopdf)             Command: <repstopdf --outfile=class_l_l_wizard__inherit_
_graph-eps-converted-to.pdf class_l_l_wizard__inherit__graph.eps>
(epstopdf)             \includegraphics on input line 19.
Package epstopdf Info: Output file is already uptodate.
 <./class_l_l_wizard__inherit__graph-eps-converted-to.pdf>
<class_l_l_wizard__inherit__graph-eps-converted-to.pdf, id=9319, 65.24374pt x 8
3.31125pt>
File: class_l_l_wizard__inherit__graph-eps-converted-to.pdf Graphic file (type 
pdf)
<use class_l_l_wizard__inherit__graph-eps-converted-to.pdf>
Package pdftex.def Info: class_l_l_wizard__inherit__graph-eps-converted-to.pdf 
 used on input line 19.
(pdftex.def)             Requested size: 101.0pt x 128.9709pt.
Package epstopdf Info: Source file: <class_l_l_wizard__coll__graph.eps>
(epstopdf)                    date: 2026-10-04 22:45:38
(epstopdf)                    size: 5107 bytes
(epstopdf)             Output file: <class_l_l_wizard__coll__graph-eps-converte
d-to.pdf>
(epstopdf)                    date: 2026-10-04 22:46:34
(epstopdf)                    size: 4706 bytes
(epstopdf)             Command: <repstopdf --outfile=class_l_l_wizard__coll__gr
aph-eps-converted-to.pdf class_l_l_wizard__coll__graph.eps>
(epstopdf)             \includegraphics on input line 29.
Package epstopdf Info: Output file is already uptodate.
 <./class_l_l_wizard__coll__graph-eps-converted-to.pdf>
<class_l_l_wizard__coll__graph-eps-converted-to.pdf, id=9326, 65.24374pt x 83.3
1125pt>
File: class_l_l_wizard__coll__graph-eps-converted-to.pdf Graphic file (type pdf
)
<use class_l_l_wizard__coll__graph-eps-converted-to.pdf>
Package pdftex.def Info: class_l_l_wizard__coll__graph-eps-converted-to.pdf  us
ed on input line 29.
(pdftex.def)             Requested size: 101.0pt x 128.9709pt.


Package textcomp Warning: Symbol \textrightarrow not provided by
(textcomp)                font family phv in TS1 encoding.
(textcomp)                Default family used instead on input line 50.


! LaTeX Error: Unicode character α (U+03B1)
               not set up for use with LaTeX.

See the LaTeX manual or LaTeX Companion for explanation.
Type  H <return>  for immediate help.
 ...                                              
                                                  
l.50 ... cell (A, b) holds the production A → α
                                                   with b ∈ SD(A → α). ...

You may provide a definition with
\DeclareUnicodeCharacter 


! LaTeX Error: Unicode character ∈ (U+2208)
               not set up for use with LaTeX.

See the LaTeX manual or LaTeX Companion for explanation.
Type  H <return>  for immediate help.
 ...                                              
                                                  
l.50 ...) holds the production A → α with b ∈
                                                   SD(A → α). It mirrors ...

You may provide a definition with
\DeclareUnicodeCharacter 


Package textcomp Warning: Symbol \textrightarrow not provided by
(textcomp)                font family phv in TS1 encoding.
(textcomp)                Default family used instead on input line 50.


! LaTeX Error: Unicode character α (U+03B1)
               not set up for use with LaTeX.

See the LaTeX manual or LaTeX Companion for explanation.
Type  H <return>  for immediate help.
 ...                                              
                                                  
l.50 ...production A → α with b ∈ SD(A → α
                                                  ). It mirrors the SLR(1) g...

You may provide a definition with
\DeclareUnicodeCharacter 

[136]
Package epstopdf Info: Source file: <class_l_l_wizard_afe8ec82259ea29642659594a
d0ddb873_cgraph.eps>
(epstopdf)                    date: 2026-10-04 22:45:38
(epstopdf)                    size: 15332 bytes
(epstopdf)             Output file: <class_l_l_wizard_afe8ec82259ea29642659594a
d0ddb873_cgraph-eps-converted-to.pdf>
(epstopdf)                    date: 2026-10-04 22:46:34
(epstopdf)                    size: 8069 bytes
(epstopdf)             Command: <repstopdf --outfile=class_l_l_wizard_afe8ec822
59ea29642659594ad0ddb873_cgraph-eps-converted-to.pdf class_l_l_wizard_afe8ec822
59ea29642659594ad0ddb873_cgraph.eps>
(epstopdf)             \includegraphics on input line 80.
Package epstopdf Info: Output file is already uptodate.
 <./class_l_l_wizard_afe8ec82259ea29642659594ad0ddb873_cgraph-eps-converted-to.
pdf>
<class_l_l_wizard_afe8ec82259ea29642659594ad0ddb873_cgraph-eps-converted-to.pdf
, id=9361, 669.50125pt x 249.93375pt>
File: class_l_l_wizard_afe8ec82259ea29642659594ad0ddb873_cgraph-eps-converted-t
o.pdf Graphic file (type pdf)
<use class_l_l_wizard_afe8ec82259ea29642659594ad0ddb873_cgraph-eps-converted-to
.pdf>
Package pdftex.def Info: class_l_l_wizard_afe8ec82259ea29642659594ad0ddb873_cgr
aph-eps-converted-to.pdf  used on input line 80.
(pdftex.def)             Requested size: 350.0pt x 130.6642pt.
Package epstopdf Info: Source file: <class_l_l_wizard_aa589d9785f8398abe01d16e3
1cb3024a_icgraph.eps>
(epstopdf)                    date: 2026-10-04 22:45:38
(epstopdf)                    size: 5283 bytes
(epstopdf)             Output file: <class_l_l_wizard_aa589d9785f8398abe01d16e3
1cb3024a_icgraph-eps-converted-to.pdf>
(epstopdf)                    date: 2026-10-04 22:46:34
(epstopdf)                    size: 5071 bytes
(epstopdf)             Command: <repstopdf --outfile=class_l_l_wizard_aa589d978
5f8398abe01d16e31cb3024a_icgraph-eps-converted-to.pdf class_l_l_wizard_aa589d97
85f8398abe01d16e31cb3024a_icgraph.eps>
(epstopdf)             \includegraphics on input line 104.
Package epstopdf Info: Output file is already uptodate.
 <./class_l_l_wizard_aa589d9785f8398abe01d16e31cb3024a_icgraph-eps-converted-to
.pdf>
<class_l_l_wizard_aa589d9785f8398abe01d16e31cb3024a_icgraph-eps-converted-to.pd
f, id=9370, 262.9825pt x 27.10126pt>
File: class_l_l_wizard_aa589d9785f8398abe01d16e31cb3024a_icgraph-eps-converted-
to.pdf Graphic file (type pdf)
<use class_l_l_wizard_aa589d9785f8398abe01d16e31cb3024a_icgraph-eps-converted-t
o.pdf>
Package pdftex.def Info: class_l_l_wizard_aa589d9785f8398abe01d16e31cb3024a_icg
raph-eps-converted-to.pdf  used on input line 104.
(pdftex.def)             Requested size: 298.0pt x 30.7113pt.
) (./class_l_l_wizard_page.tex
Package epstopdf Info: Source file: <class_l_l_wizard_page__inherit__graph.eps>

(epstopdf)                    date: 2026-10-04 22:45:38
(epstopdf)                    size: 5091 bytes
(epstopdf)             Output file: <class_l_l_wizard_page__inherit__graph-eps-
converted-to.pdf>
(epstopdf)                    date: 2026-10-04 22:46:34
(epstopdf)                    size: 4782 bytes
(epstopdf)             Command: <repstopdf --outfile=class_l_l_wizard_page__inh
erit__graph-eps-converted-to.pdf class_l_l_wizard_page__inherit__graph.eps>
(epstopdf)             \includegraphics on input line 19.
Package epstopdf Info: Output file is already uptodate.
 <./class_l_l_wizard_page__inherit__graph-eps-converted-to.pdf>
<class_l_l_wizard_page__inherit__graph-eps-converted-to.pdf, id=9379, 87.32625p
t x 83.31125pt>
File: class_l_l_wizard_page__inherit__graph-eps-converted-to.pdf Graphic file (
type pdf)
<use class_l_l_wizard_page__inherit__graph-eps-converted-to.pdf>
Package pdftex.def Info: class_l_l_wizard_page__inherit__graph-eps-converted-to
.pdf  used on input line 19.
(pdftex.def)             Requested size: 123.0pt x 117.3519pt.
 [137]
Package epstopdf Info: Source file: <class_l_l_wizard_page__coll__graph.eps>
(epstopdf)                    date: 2026-10-04 22:45:38
(epstopdf)                    size: 5091 bytes
(epstopdf)             Output file: <class_l_l_wizard_page__coll__graph-eps-con
verted-to.pdf>
(epstopdf)                    date: 2026-10-04 22:46:35
(epstopdf)                    size: 4782 bytes
(epstopdf)             Command: <repstopdf --outfile=class_l_l_wizard_page__col
l__graph-eps-converted-to.pdf class_l_l_wizard_page__coll__graph.eps>
(epstopdf)             \includegraphics on input line 29.
Package epstopdf Info: Output file is already uptodate.
 <./class_l_l_wizard_page__coll__graph-eps-converted-to.pdf>
<class_l_l_wizard_page__coll__graph-eps-converted-to.pdf, id=9393, 87.32625pt x
 83.31125pt>
File: class_l_l_wizard_page__coll__graph-eps-converted-to.pdf Graphic file (typ
e pdf)
<use class_l_l_wizard_page__coll__graph-eps-converted-to.pdf>
Package pdftex.def Info: class_l_l_wizard_page__coll__graph-eps-converted-to.pd
f  used on input line 29.
(pdftex.def)             Requested size: 123.0pt x 117.3519pt.
 [138]
Package epstopdf Info: Source file: <class_l_l_wizard_page_af82df06d0f7611f130f
df180d9151e09_cgraph.eps>
(epstopdf)                    date: 2026-10-04 22:45:38
(epstopdf)                    size: 8280 bytes
(epstopdf)             Output file: <class_l_l_wizard_page_af82df06d0f7611f130f
df180d9151e09_cgraph-eps-converted-to.pdf>
(epstopdf)                    date: 2026-10-04 22:46:35
(epstopdf)                    size: 6510 bytes
(epstopdf)             Command: <repstopdf --outfile=class_l_l_wizard_page_af82
df06d0f7611f130fdf180d9151e09_cgraph-eps-converted-to.pdf class_l_l_wizard_page
_af82df06d0f7611f130fdf180d9151e09_cgraph.eps>
(epstopdf)             \includegraphics on input line 92.
Package epstopdf Info: Output file is already uptodate.
 <./class_l_l_wizard_page_af82df06d0f7611f130fdf180d9151e09_cgraph-eps-converte
d-to.pdf>
<class_l_l_wizard_page_af82df06d0f7611f130fdf180d9151e09_cgraph-eps-converted-t
o.pdf, id=9431, 529.98pt x 82.3075pt>
File: class_l_l_wizard_page_af82df06d0f7611f130fdf180d9151e09_cgraph-eps-conver
ted-to.pdf Graphic file (type pdf)
<use class_l_l_wizard_page_af82df06d0f7611f130fdf180d9151e09_cgraph-eps-convert
ed-to.pdf>
Package pdftex.def Info: class_l_l_wizard_page_af82df06d0f7611f130fdf180d9151e0
9_cgraph-eps-converted-to.pdf  used on input line 92.
(pdftex.def)             Requested size: 350.0pt x 54.35701pt.
Package epstopdf Info: Source file: <class_l_l_wizard_page_af82df06d0f7611f130f
df180d9151e09_icgraph.eps>
(epstopdf)                    date: 2026-10-04 22:45:38
(epstopdf)                    size: 5294 bytes
(epstopdf)             Output file: <class_l_l_wizard_page_af82df06d0f7611f130f
df180d9151e09_icgraph-eps-converted-to.pdf>
(epstopdf)                    date: 2026-10-04 22:46:35
(epstopdf)                    size: 4783 bytes
(epstopdf)             Command: <repstopdf --outfile=class_l_l_wizard_page_af82
df06d0f7611f130fdf180d9151e09_icgraph-eps-converted-to.pdf class_l_l_wizard_pag
e_af82df06d0f7611f130fdf180d9151e09_icgraph.eps>
(epstopdf)             \includegraphics on input line 100.
Package epstopdf Info: Output file is already uptodate.
 <./class_l_l_wizard_page_af82df06d0f7611f130fdf180d9151e09_icgraph-eps-convert
ed-to.pdf>
<class_l_l_wizard_page_af82df06d0f7611f130fdf180d9151e09_icgraph-eps-converted-
to.pdf, id=9438, 296.10625pt x 27.10126pt>
File: class_l_l_wizard_page_af82df06d0f7611f130fdf180d9151e09_icgraph-eps-conve
rted-to.pdf Graphic file (type pdf)
<use class_l_l_wizard_page_af82df06d0f7611f130fdf180d9151e09_icgraph-eps-conver
ted-to.pdf>
Package pdftex.def Info: class_l_l_wizard_page_af82df06d0f7611f130fdf180d9151e0
9_icgraph-eps-converted-to.pdf  used on input line 100.
(pdftex.def)             Requested size: 331.0pt x 30.2957pt.
Package epstopdf Info: Source file: <class_l_l_wizard_page_a4f6643ad22dbbed9fd3
e28a71f3f1e16_icgraph.eps>
(epstopdf)                    date: 2026-10-04 22:45:38
(epstopdf)                    size: 5415 bytes
(epstopdf)             Output file: <class_l_l_wizard_page_a4f6643ad22dbbed9fd3
e28a71f3f1e16_icgraph-eps-converted-to.pdf>
(epstopdf)                    date: 2026-10-04 22:46:35
(epstopdf)                    size: 5510 bytes
(epstopdf)             Command: <repstopdf --outfile=class_l_l_wizard_page_a4f6
643ad22dbbed9fd3e28a71f3f1e16_icgraph-eps-converted-to.pdf class_l_l_wizard_pag
e_a4f6643ad22dbbed9fd3e28a71f3f1e16_icgraph.eps>
(epstopdf)             \includegraphics on input line 118.
Package epstopdf Info: Output file is already uptodate.
 <./class_l_l_wizard_page_a4f6643ad22dbbed9fd3e28a71f3f1e16_icgraph-eps-convert
ed-to.pdf>
<class_l_l_wizard_page_a4f6643ad22dbbed9fd3e28a71f3f1e16_icgraph-eps-converted-
to.pdf, id=9445, 280.04625pt x 39.14626pt>
File: class_l_l_wizard_page_a4f6643ad22dbbed9fd3e28a71f3f1e16_icgraph-eps-conve
rted-to.pdf Graphic file (type pdf)
<use class_l_l_wizard_page_a4f6643ad22dbbed9fd3e28a71f3f1e16_icgraph-eps-conver
ted-to.pdf>
Package pdftex.def Info: class_l_l_wizard_page_a4f6643ad22dbbed9fd3e28a71f3f1e1
6_icgraph-eps-converted-to.pdf  used on input line 118.
(pdftex.def)             Requested size: 315.0pt x 44.03403pt.
 [139]
Package epstopdf Info: Source file: <class_l_l_wizard_page_aeb86e7c4e5caf636b04
0cd368a66db31_icgraph.eps>
(epstopdf)                    date: 2026-10-04 22:45:38
(epstopdf)                    size: 6705 bytes
(epstopdf)             Output file: <class_l_l_wizard_page_aeb86e7c4e5caf636b04
0cd368a66db31_icgraph-eps-converted-to.pdf>
(epstopdf)                    date: 2026-10-04 22:46:35
(epstopdf)                    size: 5659 bytes
(epstopdf)             Command: <repstopdf --outfile=class_l_l_wizard_page_aeb8
6e7c4e5caf636b040cd368a66db31_icgraph-eps-converted-to.pdf class_l_l_wizard_pag
e_aeb86e7c4e5caf636b040cd368a66db31_icgraph.eps>
(epstopdf)             \includegraphics on input line 150.
Package epstopdf Info: Output file is already uptodate.
 <./class_l_l_wizard_page_aeb86e7c4e5caf636b040cd368a66db31_icgraph-eps-convert
ed-to.pdf>
<class_l_l_wizard_page_aeb86e7c4e5caf636b040cd368a66db31_icgraph-eps-converted-
to.pdf, id=9460, 494.84875pt x 46.1725pt>
File: class_l_l_wizard_page_aeb86e7c4e5caf636b040cd368a66db31_icgraph-eps-conve
rted-to.pdf Graphic file (type pdf)
<use class_l_l_wizard_page_aeb86e7c4e5caf636b040cd368a66db31_icgraph-eps-conver
ted-to.pdf>
Package pdftex.def Info: class_l_l_wizard_page_aeb86e7c4e5caf636b040cd368a66db3
1_icgraph-eps-converted-to.pdf  used on input line 150.
(pdftex.def)             Requested size: 350.0pt x 32.65727pt.
)
(./struct_lr0_item.tex [140]
Package epstopdf Info: Source file: <struct_lr0_item_a3e7a247e1ac8db4ae651fa779
6ed40c3_icgraph.eps>
(epstopdf)                    date: 2026-10-04 22:45:38
(epstopdf)                    size: 5313 bytes
(epstopdf)             Output file: <struct_lr0_item_a3e7a247e1ac8db4ae651fa779
6ed40c3_icgraph-eps-converted-to.pdf>
(epstopdf)                    date: 2026-10-04 22:46:35
(epstopdf)                    size: 4798 bytes
(epstopdf)             Command: <repstopdf --outfile=struct_lr0_item_a3e7a247e1
ac8db4ae651fa7796ed40c3_icgraph-eps-converted-to.pdf struct_lr0_item_a3e7a247e1
ac8db4ae651fa7796ed40c3_icgraph.eps>
(epstopdf)             \includegraphics on input line 82.
Package epstopdf Info: Output file is already uptodate.
 <./struct_lr0_item_a3e7a247e1ac8db4ae651fa7796ed40c3_icgraph-eps-converted-to.
pdf>
<struct_lr0_item_a3e7a247e1ac8db4ae651fa7796ed40c3_icgraph-eps-converted-to.pdf
, id=9517, 234.8775pt x 27.10126pt>
File: struct_lr0_item_a3e7a247e1ac8db4ae651fa7796ed40c3_icgraph-eps-converted-t
o.pdf Graphic file (type pdf)
<use struct_lr0_item_a3e7a247e1ac8db4ae651fa7796ed40c3_icgraph-eps-converted-to
.pdf>
Package pdftex.def Info: struct_lr0_item_a3e7a247e1ac8db4ae651fa7796ed40c3_icgr
aph-eps-converted-to.pdf  used on input line 82.
(pdftex.def)             Requested size: 270.0pt x 31.15378pt.
 [141]
Package epstopdf Info: Source file: <struct_lr0_item_ac342e279b0a266a84f984b826
04532e6_icgraph.eps>
(epstopdf)                    date: 2026-10-04 22:45:38
(epstopdf)                    size: 7703 bytes
(epstopdf)             Output file: <struct_lr0_item_ac342e279b0a266a84f984b826
04532e6_icgraph-eps-converted-to.pdf>
(epstopdf)                    date: 2026-10-04 22:46:36
(epstopdf)                    size: 6315 bytes
(epstopdf)             Command: <repstopdf --outfile=struct_lr0_item_ac342e279b
0a266a84f984b82604532e6_icgraph-eps-converted-to.pdf struct_lr0_item_ac342e279b
0a266a84f984b82604532e6_icgraph.eps>
(epstopdf)             \includegraphics on input line 127.
Package epstopdf Info: Output file is already uptodate.
 <./struct_lr0_item_ac342e279b0a266a84f984b82604532e6_icgraph-eps-converted-to.
pdf>
<struct_lr0_item_ac342e279b0a266a84f984b82604532e6_icgraph-eps-converted-to.pdf
, id=9532, 662.475pt x 46.1725pt>
File: struct_lr0_item_ac342e279b0a266a84f984b82604532e6_icgraph-eps-converted-t
o.pdf Graphic file (type pdf)
<use struct_lr0_item_ac342e279b0a266a84f984b82604532e6_icgraph-eps-converted-to
.pdf>
Package pdftex.def Info: struct_lr0_item_ac342e279b0a266a84f984b82604532e6_icgr
aph-eps-converted-to.pdf  used on input line 127.
(pdftex.def)             Requested size: 350.0pt x 24.39378pt.

Underfull \hbox (badness 10000) detected at line 140
[][][]
 []

Package epstopdf Info: Source file: <struct_lr0_item_a4db23e1d025750a6ca817aa49
98a03f4_icgraph.eps>
(epstopdf)                    date: 2026-10-04 22:45:38
(epstopdf)                    size: 7259 bytes
(epstopdf)             Output file: <struct_lr0_item_a4db23e1d025750a6ca817aa49
98a03f4_icgraph-eps-converted-to.pdf>
(epstopdf)                    date: 2026-10-04 22:46:36
(epstopdf)                    size: 6234 bytes
(epstopdf)             Command: <repstopdf --outfile=struct_lr0_item_a4db23e1d0
25750a6ca817aa4998a03f4_icgraph-eps-converted-to.pdf struct_lr0_item_a4db23e1d0
25750a6ca817aa4998a03f4_icgraph.eps>
(epstopdf)             \includegraphics on input line 148.
Package epstopdf Info: Output file is already uptodate.
 <./struct_lr0_item_a4db23e1d025750a6ca817aa4998a03f4_icgraph-eps-converted-to.
pdf>
<struct_lr0_item_a4db23e1d025750a6ca817aa4998a03f4_icgraph-eps-converted-to.pdf
, id=9539, 682.55pt x 27.10126pt>
File: struct_lr0_item_a4db23e1d025750a6ca817aa4998a03f4_icgraph-eps-converted-t
o.pdf Graphic file (type pdf)
<use struct_lr0_item_a4db23e1d025750a6ca817aa4998a03f4_icgraph-eps-converted-to
.pdf>
Package pdftex.def Info: struct_lr0_item_a4db23e1d025750a6ca817aa4998a03f4_icgr
aph-eps-converted-to.pdf  used on input line 148.
(pdftex.def)             Requested size: 350.0pt x 13.89713pt.

Underfull \hbox (badness 10000) detected at line 161
[][][]
 []

Package epstopdf Info: Source file: <struct_lr0_item_a485ab0289f3353b47ea38dcee
418a0b6_icgraph.eps>
(epstopdf)                    date: 2026-10-04 22:45:38
(epstopdf)                    size: 8715 bytes
(epstopdf)             Output file: <struct_lr0_item_a485ab0289f3353b47ea38dcee
418a0b6_icgraph-eps-converted-to.pdf>
(epstopdf)                    date: 2026-10-04 22:46:36
(epstopdf)                    size: 6644 bytes
(epstopdf)             Command: <repstopdf --outfile=struct_lr0_item_a485ab0289
f3353b47ea38dcee418a0b6_icgraph-eps-converted-to.pdf struct_lr0_item_a485ab0289
f3353b47ea38dcee418a0b6_icgraph.eps>
(epstopdf)             \includegraphics on input line 169.
Package epstopdf Info: Output file is already uptodate.
 <./struct_lr0_item_a485ab0289f3353b47ea38dcee418a0b6_icgraph-eps-converted-to.
pdf>
<struct_lr0_item_a485ab0289f3353b47ea38dcee418a0b6_icgraph-eps-converted-to.pdf
, id=9546, 679.53876pt x 64.24pt>
File: struct_lr0_item_a485ab0289f3353b47ea38dcee418a0b6_icgraph-eps-converted-t
o.pdf Graphic file (type pdf)
<use struct_lr0_item_a485ab0289f3353b47ea38dcee418a0b6_icgraph-eps-converted-to
.pdf>
Package pdftex.def Info: struct_lr0_item_a485ab0289f3353b47ea38dcee418a0b6_icgr
aph-eps-converted-to.pdf  used on input line 169.
(pdftex.def)             Requested size: 350.0pt x 33.08739pt.

Underfull \hbox (badness 10000) detected at line 187
[][][]
 []

Package epstopdf Info: Source file: <struct_lr0_item_a21198c89325c73ee25a8d960c
ff7d1fa_cgraph.eps>
(epstopdf)                    date: 2026-10-04 22:45:38
(epstopdf)                    size: 5326 bytes
(epstopdf)             Output file: <struct_lr0_item_a21198c89325c73ee25a8d960c
ff7d1fa_cgraph-eps-converted-to.pdf>
(epstopdf)                    date: 2026-10-04 22:46:36
(epstopdf)                    size: 4811 bytes
(epstopdf)             Command: <repstopdf --outfile=struct_lr0_item_a21198c893
25c73ee25a8d960cff7d1fa_cgraph-eps-converted-to.pdf struct_lr0_item_a21198c8932
5c73ee25a8d960cff7d1fa_cgraph.eps>
(epstopdf)             \includegraphics on input line 195.
Package epstopdf Info: Output file is already uptodate.
 <./struct_lr0_item_a21198c89325c73ee25a8d960cff7d1fa_cgraph-eps-converted-to.p
df>
<struct_lr0_item_a21198c89325c73ee25a8d960cff7d1fa_cgraph-eps-converted-to.pdf,
 id=9555, 234.8775pt x 27.10126pt>
File: struct_lr0_item_a21198c89325c73ee25a8d960cff7d1fa_cgraph-eps-converted-to
.pdf Graphic file (type pdf)
<use struct_lr0_item_a21198c89325c73ee25a8d960cff7d1fa_cgraph-eps-converted-to.
pdf>
Package pdftex.def Info: struct_lr0_item_a21198c89325c73ee25a8d960cff7d1fa_cgra
ph-eps-converted-to.pdf  used on input line 195.
(pdftex.def)             Requested size: 270.0pt x 31.15378pt.
 [142]
Underfull \hbox (badness 10000) detected at line 218
[][][]
 []

Package epstopdf Info: Source file: <struct_lr0_item_af04204a80422464f843b7a8ef
4a22965_icgraph.eps>
(epstopdf)                    date: 2026-10-04 22:45:38
(epstopdf)                    size: 9731 bytes
(epstopdf)             Output file: <struct_lr0_item_af04204a80422464f843b7a8ef
4a22965_icgraph-eps-converted-to.pdf>
(epstopdf)                    date: 2026-10-04 22:46:36
(epstopdf)                    size: 7174 bytes
(epstopdf)             Command: <repstopdf --outfile=struct_lr0_item_af04204a80
422464f843b7a8ef4a22965_icgraph-eps-converted-to.pdf struct_lr0_item_af04204a80
422464f843b7a8ef4a22965_icgraph.eps>
(epstopdf)             \includegraphics on input line 226.
Package epstopdf Info: Output file is already uptodate.
 <./struct_lr0_item_af04204a80422464f843b7a8ef4a22965_icgraph-eps-converted-to.
pdf>
<struct_lr0_item_af04204a80422464f843b7a8ef4a22965_icgraph-eps-converted-to.pdf
, id=9572, 533.995pt x 125.46875pt>
File: struct_lr0_item_af04204a80422464f843b7a8ef4a22965_icgraph-eps-converted-t
o.pdf Graphic file (type pdf)
<use struct_lr0_item_af04204a80422464f843b7a8ef4a22965_icgraph-eps-converted-to
.pdf>
Package pdftex.def Info: struct_lr0_item_af04204a80422464f843b7a8ef4a22965_icgr
aph-eps-converted-to.pdf  used on input line 226.
(pdftex.def)             Requested size: 350.0pt x 82.23909pt.
) (./class_main_window.tex
Package epstopdf Info: Source file: <class_main_window__inherit__graph.eps>
(epstopdf)                    date: 2026-10-04 22:45:38
(epstopdf)                    size: 5109 bytes
(epstopdf)             Output file: <class_main_window__inherit__graph-eps-conv
erted-to.pdf>
(epstopdf)                    date: 2026-10-04 22:46:36
(epstopdf)                    size: 4515 bytes
(epstopdf)             Command: <repstopdf --outfile=class_main_window__inherit
__graph-eps-converted-to.pdf class_main_window__inherit__graph.eps>
(epstopdf)             \includegraphics on input line 19.
Package epstopdf Info: Output file is already uptodate.
 <./class_main_window__inherit__graph-eps-converted-to.pdf>
<class_main_window__inherit__graph-eps-converted-to.pdf, id=9585, 88.33pt x 83.
31125pt>
File: class_main_window__inherit__graph-eps-converted-to.pdf Graphic file (type
 pdf)
<use class_main_window__inherit__graph-eps-converted-to.pdf>
Package pdftex.def Info: class_main_window__inherit__graph-eps-converted-to.pdf
  used on input line 19.
(pdftex.def)             Requested size: 124.0pt x 116.95656pt.
 [143]
Package epstopdf Info: Source file: <class_main_window__coll__graph.eps>
(epstopdf)                    date: 2026-10-04 22:45:38
(epstopdf)                    size: 5109 bytes
(epstopdf)             Output file: <class_main_window__coll__graph-eps-convert
ed-to.pdf>
(epstopdf)                    date: 2026-10-04 22:46:37
(epstopdf)                    size: 4515 bytes
(epstopdf)             Command: <repstopdf --outfile=class_main_window__coll__g
raph-eps-converted-to.pdf class_main_window__coll__graph.eps>
(epstopdf)             \includegraphics on input line 29.
Package epstopdf Info: Output file is already uptodate.
 <./class_main_window__coll__graph-eps-converted-to.pdf>
<class_main_window__coll__graph-eps-converted-to.pdf, id=9597, 88.33pt x 83.311
25pt>
File: class_main_window__coll__graph-eps-converted-to.pdf Graphic file (type pd
f)
<use class_main_window__coll__graph-eps-converted-to.pdf>
Package pdftex.def Info: class_main_window__coll__graph-eps-converted-to.pdf  u
sed on input line 29.
(pdftex.def)             Requested size: 124.0pt x 116.95656pt.

[144]
Package epstopdf Info: Source file: <class_main_window_a996c5a2b6f77944776856f0
8ec30858d_cgraph.eps>
(epstopdf)                    date: 2026-10-04 22:45:38
(epstopdf)                    size: 19307 bytes
(epstopdf)             Output file: <class_main_window_a996c5a2b6f77944776856f0
8ec30858d_cgraph-eps-converted-to.pdf>
(epstopdf)                    date: 2026-10-04 22:46:37
(epstopdf)                    size: 8586 bytes
(epstopdf)             Command: <repstopdf --outfile=class_main_window_a996c5a2
b6f77944776856f08ec30858d_cgraph-eps-converted-to.pdf class_main_window_a996c5a
2b6f77944776856f08ec30858d_cgraph.eps>
(epstopdf)             \includegraphics on input line 86.
Package epstopdf Info: Output file is already uptodate.
 <./class_main_window_a996c5a2b6f77944776856f08ec30858d_cgraph-eps-converted-to
.pdf>
<class_main_window_a996c5a2b6f77944776856f08ec30858d_cgraph-eps-converted-to.pd
f, id=9639, 1029.8475pt x 242.9075pt>
File: class_main_window_a996c5a2b6f77944776856f08ec30858d_cgraph-eps-converted-
to.pdf Graphic file (type pdf)
<use class_main_window_a996c5a2b6f77944776856f08ec30858d_cgraph-eps-converted-t
o.pdf>
Package pdftex.def Info: class_main_window_a996c5a2b6f77944776856f08ec30858d_cg
raph-eps-converted-to.pdf  used on input line 86.
(pdftex.def)             Requested size: 350.0pt x 82.55038pt.
Package epstopdf Info: Source file: <class_main_window_a996c5a2b6f77944776856f0
8ec30858d_icgraph.eps>
(epstopdf)                    date: 2026-10-04 22:45:38
(epstopdf)                    size: 4831 bytes
(epstopdf)             Output file: <class_main_window_a996c5a2b6f77944776856f0
8ec30858d_icgraph-eps-converted-to.pdf>
(epstopdf)                    date: 2026-10-04 22:46:37
(epstopdf)                    size: 4469 bytes
(epstopdf)             Command: <repstopdf --outfile=class_main_window_a996c5a2
b6f77944776856f08ec30858d_icgraph-eps-converted-to.pdf class_main_window_a996c5
a2b6f77944776856f08ec30858d_icgraph.eps>
(epstopdf)             \includegraphics on input line 94.
Package epstopdf Info: Output file is already uptodate.
 <./class_main_window_a996c5a2b6f77944776856f08ec30858d_icgraph-eps-converted-t
o.pdf>
<class_main_window_a996c5a2b6f77944776856f08ec30858d_icgraph-eps-converted-to.p
df, id=9646, 143.53625pt x 45.16875pt>
File: class_main_window_a996c5a2b6f77944776856f08ec30858d_icgraph-eps-converted
-to.pdf Graphic file (type pdf)
<use class_main_window_a996c5a2b6f77944776856f08ec30858d_icgraph-eps-converted-
to.pdf>
Package pdftex.def Info: class_main_window_a996c5a2b6f77944776856f08ec30858d_ic
graph-eps-converted-to.pdf  used on input line 94.
(pdftex.def)             Requested size: 179.0pt x 56.32982pt.
Package epstopdf Info: Source file: <class_main_window_a3913d62afef85cd18073399
c78045041_cgraph.eps>
(epstopdf)                    date: 2026-10-04 22:45:38
(epstopdf)                    size: 6257 bytes
(epstopdf)             Output file: <class_main_window_a3913d62afef85cd18073399
c78045041_cgraph-eps-converted-to.pdf>
(epstopdf)                    date: 2026-10-04 22:46:37
(epstopdf)                    size: 5661 bytes
(epstopdf)             Command: <repstopdf --outfile=class_main_window_a3913d62
afef85cd18073399c78045041_cgraph-eps-converted-to.pdf class_main_window_a3913d6
2afef85cd18073399c78045041_cgraph.eps>
(epstopdf)             \includegraphics on input line 131.
Package epstopdf Info: Output file is already uptodate.
 <./class_main_window_a3913d62afef85cd18073399c78045041_cgraph-eps-converted-to
.pdf>
<class_main_window_a3913d62afef85cd18073399c78045041_cgraph-eps-converted-to.pd
f, id=9653, 340.27126pt x 45.16875pt>
File: class_main_window_a3913d62afef85cd18073399c78045041_cgraph-eps-converted-
to.pdf Graphic file (type pdf)
<use class_main_window_a3913d62afef85cd18073399c78045041_cgraph-eps-converted-t
o.pdf>
Package pdftex.def Info: class_main_window_a3913d62afef85cd18073399c78045041_cg
raph-eps-converted-to.pdf  used on input line 131.
(pdftex.def)             Requested size: 350.0pt x 46.46228pt.
 [145]
Package epstopdf Info: Source file: <class_main_window_a3913d62afef85cd18073399
c78045041_icgraph.eps>
(epstopdf)                    date: 2026-10-04 22:45:38
(epstopdf)                    size: 6262 bytes
(epstopdf)             Output file: <class_main_window_a3913d62afef85cd18073399
c78045041_icgraph-eps-converted-to.pdf>
(epstopdf)                    date: 2026-10-04 22:46:37
(epstopdf)                    size: 5268 bytes
(epstopdf)             Command: <repstopdf --outfile=class_main_window_a3913d62
afef85cd18073399c78045041_icgraph-eps-converted-to.pdf class_main_window_a3913d
62afef85cd18073399c78045041_icgraph.eps>
(epstopdf)             \includegraphics on input line 139.
Package epstopdf Info: Output file is already uptodate.
 <./class_main_window_a3913d62afef85cd18073399c78045041_icgraph-eps-converted-t
o.pdf>
<class_main_window_a3913d62afef85cd18073399c78045041_icgraph-eps-converted-to.p
df, id=9668, 316.18124pt x 45.16875pt>
File: class_main_window_a3913d62afef85cd18073399c78045041_icgraph-eps-converted
-to.pdf Graphic file (type pdf)
<use class_main_window_a3913d62afef85cd18073399c78045041_icgraph-eps-converted-
to.pdf>
Package pdftex.def Info: class_main_window_a3913d62afef85cd18073399c78045041_ic
graph-eps-converted-to.pdf  used on input line 139.
(pdftex.def)             Requested size: 350.0pt x 50.00348pt.

Underfull \hbox (badness 10000) detected at line 157
[][][]
 []

Package epstopdf Info: Source file: <class_main_window_a5873fede0f60801fad0e4fa
c382a492d_cgraph.eps>
(epstopdf)                    date: 2026-10-04 22:45:38
(epstopdf)                    size: 4840 bytes
(epstopdf)             Output file: <class_main_window_a5873fede0f60801fad0e4fa
c382a492d_cgraph-eps-converted-to.pdf>
(epstopdf)                    date: 2026-10-04 22:46:37
(epstopdf)                    size: 4967 bytes
(epstopdf)             Command: <repstopdf --outfile=class_main_window_a5873fed
e0f60801fad0e4fac382a492d_cgraph-eps-converted-to.pdf class_main_window_a5873fe
de0f60801fad0e4fac382a492d_cgraph.eps>
(epstopdf)             \includegraphics on input line 165.
Package epstopdf Info: Output file is already uptodate.
 <./class_main_window_a5873fede0f60801fad0e4fac382a492d_cgraph-eps-converted-to
.pdf>
<class_main_window_a5873fede0f60801fad0e4fac382a492d_cgraph-eps-converted-to.pd
f, id=9675, 140.525pt x 45.16875pt>
File: class_main_window_a5873fede0f60801fad0e4fac382a492d_cgraph-eps-converted-
to.pdf Graphic file (type pdf)
<use class_main_window_a5873fede0f60801fad0e4fac382a492d_cgraph-eps-converted-t
o.pdf>
Package pdftex.def Info: class_main_window_a5873fede0f60801fad0e4fac382a492d_cg
raph-eps-converted-to.pdf  used on input line 165.
(pdftex.def)             Requested size: 176.0pt x 56.5745pt.
Package epstopdf Info: Source file: <class_main_window_a5873fede0f60801fad0e4fa
c382a492d_icgraph.eps>
(epstopdf)                    date: 2026-10-04 22:45:38
(epstopdf)                    size: 4840 bytes
(epstopdf)             Output file: <class_main_window_a5873fede0f60801fad0e4fa
c382a492d_icgraph-eps-converted-to.pdf>
(epstopdf)                    date: 2026-10-04 22:46:38
(epstopdf)                    size: 4964 bytes
(epstopdf)             Command: <repstopdf --outfile=class_main_window_a5873fed
e0f60801fad0e4fac382a492d_icgraph-eps-converted-to.pdf class_main_window_a5873f
ede0f60801fad0e4fac382a492d_icgraph.eps>
(epstopdf)             \includegraphics on input line 173.
Package epstopdf Info: Output file is already uptodate.
 <./class_main_window_a5873fede0f60801fad0e4fac382a492d_icgraph-eps-converted-t
o.pdf>
<class_main_window_a5873fede0f60801fad0e4fac382a492d_icgraph-eps-converted-to.p
df, id=9682, 140.525pt x 45.16875pt>
File: class_main_window_a5873fede0f60801fad0e4fac382a492d_icgraph-eps-converted
-to.pdf Graphic file (type pdf)
<use class_main_window_a5873fede0f60801fad0e4fac382a492d_icgraph-eps-converted-
to.pdf>
Package pdftex.def Info: class_main_window_a5873fede0f60801fad0e4fac382a492d_ic
graph-eps-converted-to.pdf  used on input line 173.
(pdftex.def)             Requested size: 176.0pt x 56.5745pt.
 [146]
Package epstopdf Info: Source file: <class_main_window_abed50644ed307d4ab90a27b
d13b30fcf_cgraph.eps>
(epstopdf)                    date: 2026-10-04 22:45:38
(epstopdf)                    size: 4856 bytes
(epstopdf)             Output file: <class_main_window_abed50644ed307d4ab90a27b
d13b30fcf_cgraph-eps-converted-to.pdf>
(epstopdf)                    date: 2026-10-04 22:46:38
(epstopdf)                    size: 5244 bytes
(epstopdf)             Command: <repstopdf --outfile=class_main_window_abed5064
4ed307d4ab90a27bd13b30fcf_cgraph-eps-converted-to.pdf class_main_window_abed506
44ed307d4ab90a27bd13b30fcf_cgraph.eps>
(epstopdf)             \includegraphics on input line 206.
Package epstopdf Info: Output file is already uptodate.
 <./class_main_window_abed50644ed307d4ab90a27bd13b30fcf_cgraph-eps-converted-to
.pdf>
<class_main_window_abed50644ed307d4ab90a27bd13b30fcf_cgraph-eps-converted-to.pd
f, id=9699, 167.62625pt x 45.16875pt>
File: class_main_window_abed50644ed307d4ab90a27bd13b30fcf_cgraph-eps-converted-
to.pdf Graphic file (type pdf)
<use class_main_window_abed50644ed307d4ab90a27bd13b30fcf_cgraph-eps-converted-t
o.pdf>
Package pdftex.def Info: class_main_window_abed50644ed307d4ab90a27bd13b30fcf_cg
raph-eps-converted-to.pdf  used on input line 206.
(pdftex.def)             Requested size: 203.0pt x 54.70052pt.
Package epstopdf Info: Source file: <class_main_window_abed50644ed307d4ab90a27b
d13b30fcf_icgraph.eps>
(epstopdf)                    date: 2026-10-04 22:45:38
(epstopdf)                    size: 8262 bytes
(epstopdf)             Output file: <class_main_window_abed50644ed307d4ab90a27b
d13b30fcf_icgraph-eps-converted-to.pdf>
(epstopdf)                    date: 2026-10-04 22:46:38
(epstopdf)                    size: 6047 bytes
(epstopdf)             Command: <repstopdf --outfile=class_main_window_abed5064
4ed307d4ab90a27bd13b30fcf_icgraph-eps-converted-to.pdf class_main_window_abed50
644ed307d4ab90a27bd13b30fcf_icgraph.eps>
(epstopdf)             \includegraphics on input line 214.
Package epstopdf Info: Output file is already uptodate.
 <./class_main_window_abed50644ed307d4ab90a27bd13b30fcf_icgraph-eps-converted-t
o.pdf>
<class_main_window_abed50644ed307d4ab90a27bd13b30fcf_icgraph-eps-converted-to.p
df, id=9706, 511.9125pt x 73.27374pt>
File: class_main_window_abed50644ed307d4ab90a27bd13b30fcf_icgraph-eps-converted
-to.pdf Graphic file (type pdf)
<use class_main_window_abed50644ed307d4ab90a27bd13b30fcf_icgraph-eps-converted-
to.pdf>
Package pdftex.def Info: class_main_window_abed50644ed307d4ab90a27bd13b30fcf_ic
graph-eps-converted-to.pdf  used on input line 214.
(pdftex.def)             Requested size: 350.0pt x 50.09827pt.
Package epstopdf Info: Source file: <class_main_window_a86775822330a07b3884915e
b88833954_cgraph.eps>
(epstopdf)                    date: 2026-10-04 22:45:38
(epstopdf)                    size: 4820 bytes
(epstopdf)             Output file: <class_main_window_a86775822330a07b3884915e
b88833954_cgraph-eps-converted-to.pdf>
(epstopdf)                    date: 2026-10-04 22:46:38
(epstopdf)                    size: 5085 bytes
(epstopdf)             Command: <repstopdf --outfile=class_main_window_a8677582
2330a07b3884915eb88833954_cgraph-eps-converted-to.pdf class_main_window_a867758
22330a07b3884915eb88833954_cgraph.eps>
(epstopdf)             \includegraphics on input line 237.
Package epstopdf Info: Output file is already uptodate.
 <./class_main_window_a86775822330a07b3884915eb88833954_cgraph-eps-converted-to
.pdf>
<class_main_window_a86775822330a07b3884915eb88833954_cgraph-eps-converted-to.pd
f, id=9713, 141.52875pt x 45.16875pt>
File: class_main_window_a86775822330a07b3884915eb88833954_cgraph-eps-converted-
to.pdf Graphic file (type pdf)
<use class_main_window_a86775822330a07b3884915eb88833954_cgraph-eps-converted-t
o.pdf>
Package pdftex.def Info: class_main_window_a86775822330a07b3884915eb88833954_cg
raph-eps-converted-to.pdf  used on input line 237.
(pdftex.def)             Requested size: 177.0pt x 56.49385pt.
Package epstopdf Info: Source file: <class_main_window_a86775822330a07b3884915e
b88833954_icgraph.eps>
(epstopdf)                    date: 2026-10-04 22:45:38
(epstopdf)                    size: 6256 bytes
(epstopdf)             Output file: <class_main_window_a86775822330a07b3884915e
b88833954_icgraph-eps-converted-to.pdf>
(epstopdf)                    date: 2026-10-04 22:46:38
(epstopdf)                    size: 5361 bytes
(epstopdf)             Command: <repstopdf --outfile=class_main_window_a8677582
2330a07b3884915eb88833954_icgraph-eps-converted-to.pdf class_main_window_a86775
822330a07b3884915eb88833954_icgraph.eps>
(epstopdf)             \includegraphics on input line 245.
Package epstopdf Info: Output file is already uptodate.
 <./class_main_window_a86775822330a07b3884915eb88833954_icgraph-eps-converted-t
o.pdf>
<class_main_window_a86775822330a07b3884915eb88833954_icgraph-eps-converted-to.p
df, id=9720, 313.17pt x 45.16875pt>
File: class_main_window_a86775822330a07b3884915eb88833954_icgraph-eps-converted
-to.pdf Graphic file (type pdf)
<use class_main_window_a86775822330a07b3884915eb88833954_icgraph-eps-converted-
to.pdf>
Package pdftex.def Info: class_main_window_a86775822330a07b3884915eb88833954_ic
graph-eps-converted-to.pdf  used on input line 245.
(pdftex.def)             Requested size: 348.0pt x 50.19371pt.
)
(./struct_conversation_pdf_1_1_message.tex [147])
(./struct_grammar_view_1_1_row.tex [148])
(./struct_s_l_r1_parser_1_1s__action.tex
Package epstopdf Info: Source file: <struct_s_l_r1_parser_1_1s__action__coll__g
raph.eps>
(epstopdf)                    date: 2026-10-04 22:45:39
(epstopdf)                    size: 5337 bytes
(epstopdf)             Output file: <struct_s_l_r1_parser_1_1s__action__coll__g
raph-eps-converted-to.pdf>
(epstopdf)                    date: 2026-10-04 22:46:38
(epstopdf)                    size: 5406 bytes
(epstopdf)             Command: <repstopdf --outfile=struct_s_l_r1_parser_1_1s_
_action__coll__graph-eps-converted-to.pdf struct_s_l_r1_parser_1_1s__action__co
ll__graph.eps>
(epstopdf)             \includegraphics on input line 14.
Package epstopdf Info: Output file is already uptodate.
 <./struct_s_l_r1_parser_1_1s__action__coll__graph-eps-converted-to.pdf>
<struct_s_l_r1_parser_1_1s__action__coll__graph-eps-converted-to.pdf, id=9773, 
120.45pt x 100.375pt>
File: struct_s_l_r1_parser_1_1s__action__coll__graph-eps-converted-to.pdf Graph
ic file (type pdf)
<use struct_s_l_r1_parser_1_1s__action__coll__graph-eps-converted-to.pdf>
Package pdftex.def Info: struct_s_l_r1_parser_1_1s__action__coll__graph-eps-con
verted-to.pdf  used on input line 14.
(pdftex.def)             Requested size: 156.0pt x 130.01266pt.
) (./class_s_l_r1_parser.tex
Package epstopdf Info: Source file: <class_s_l_r1_parser__coll__graph.eps>
(epstopdf)                    date: 2026-10-04 22:45:38
(epstopdf)                    size: 6411 bytes
(epstopdf)             Output file: <class_s_l_r1_parser__coll__graph-eps-conve
rted-to.pdf>
(epstopdf)                    date: 2026-10-04 22:46:39
(epstopdf)                    size: 5685 bytes
(epstopdf)             Command: <repstopdf --outfile=class_s_l_r1_parser__coll_
_graph-eps-converted-to.pdf class_s_l_r1_parser__coll__graph.eps>
(epstopdf)             \includegraphics on input line 19.
Package epstopdf Info: Output file is already uptodate.
 <./class_s_l_r1_parser__coll__graph-eps-converted-to.pdf>
<class_s_l_r1_parser__coll__graph-eps-converted-to.pdf, id=9794, 80.3pt x 172.6
45pt>
File: class_s_l_r1_parser__coll__graph-eps-converted-to.pdf Graphic file (type 
pdf)
<use class_s_l_r1_parser__coll__graph-eps-converted-to.pdf>
Package pdftex.def Info: class_s_l_r1_parser__coll__graph-eps-converted-to.pdf 
 used on input line 19.
(pdftex.def)             Requested size: 116.0pt x 249.40678pt.
 [149] [150] [151]
Package epstopdf Info: Source file: <class_s_l_r1_parser_af61cf9a5210b5df543a0f
fcff96ce295_cgraph.eps>
(epstopdf)                    date: 2026-10-04 22:45:38
(epstopdf)                    size: 29137 bytes
(epstopdf)             Output file: <class_s_l_r1_parser_af61cf9a5210b5df543a0f
fcff96ce295_cgraph-eps-converted-to.pdf>
(epstopdf)                    date: 2026-10-04 22:46:39
(epstopdf)                    size: 10610 bytes
(epstopdf)             Command: <repstopdf --outfile=class_s_l_r1_parser_af61cf
9a5210b5df543a0ffcff96ce295_cgraph-eps-converted-to.pdf class_s_l_r1_parser_af6
1cf9a5210b5df543a0ffcff96ce295_cgraph.eps>
(epstopdf)             \includegraphics on input line 200.
Package epstopdf Info: Output file is already uptodate.
 <./class_s_l_r1_parser_af61cf9a5210b5df543a0ffcff96ce295_cgraph-eps-converted-
to.pdf>
<class_s_l_r1_parser_af61cf9a5210b5df543a0ffcff96ce295_cgraph-eps-converted-to.
pdf, id=9940, 1009.7725pt x 521.95pt>
File: class_s_l_r1_parser_af61cf9a5210b5df543a0ffcff96ce295_cgraph-eps-converte
d-to.pdf Graphic file (type pdf)
<use class_s_l_r1_parser_af61cf9a5210b5df543a0ffcff96ce295_cgraph-eps-converted
-to.pdf>
Package pdftex.def Info: class_s_l_r1_parser_af61cf9a5210b5df543a0ffcff96ce295_
cgraph-eps-converted-to.pdf  used on input line 200.
(pdftex.def)             Requested size: 350.0pt x 180.91716pt.
 [152]
Package epstopdf Info: Source file: <class_s_l_r1_parser_af61cf9a5210b5df543a0f
fcff96ce295_icgraph.eps>
(epstopdf)                    date: 2026-10-04 22:45:38
(epstopdf)                    size: 5352 bytes
(epstopdf)             Output file: <class_s_l_r1_parser_af61cf9a5210b5df543a0f
fcff96ce295_icgraph-eps-converted-to.pdf>
(epstopdf)                    date: 2026-10-04 22:46:39
(epstopdf)                    size: 5427 bytes
(epstopdf)             Command: <repstopdf --outfile=class_s_l_r1_parser_af61cf
9a5210b5df543a0ffcff96ce295_icgraph-eps-converted-to.pdf class_s_l_r1_parser_af
61cf9a5210b5df543a0ffcff96ce295_icgraph.eps>
(epstopdf)             \includegraphics on input line 208.
Package epstopdf Info: Output file is already uptodate.
 <./class_s_l_r1_parser_af61cf9a5210b5df543a0ffcff96ce295_icgraph-eps-converted
-to.pdf>
<class_s_l_r1_parser_af61cf9a5210b5df543a0ffcff96ce295_icgraph-eps-converted-to
.pdf, id=9952, 352.31625pt x 27.10126pt>
File: class_s_l_r1_parser_af61cf9a5210b5df543a0ffcff96ce295_icgraph-eps-convert
ed-to.pdf Graphic file (type pdf)
<use class_s_l_r1_parser_af61cf9a5210b5df543a0ffcff96ce295_icgraph-eps-converte
d-to.pdf>
Package pdftex.def Info: class_s_l_r1_parser_af61cf9a5210b5df543a0ffcff96ce295_
icgraph-eps-converted-to.pdf  used on input line 208.
(pdftex.def)             Requested size: 350.0pt x 26.92294pt.
Package epstopdf Info: Source file: <class_s_l_r1_parser_aa42411d1cb318041138b4
76e80aacc9a_cgraph.eps>
(epstopdf)                    date: 2026-10-04 22:45:38
(epstopdf)                    size: 10154 bytes
(epstopdf)             Output file: <class_s_l_r1_parser_aa42411d1cb318041138b4
76e80aacc9a_cgraph-eps-converted-to.pdf>
(epstopdf)                    date: 2026-10-04 22:46:39
(epstopdf)                    size: 6609 bytes
(epstopdf)             Command: <repstopdf --outfile=class_s_l_r1_parser_aa4241
1d1cb318041138b476e80aacc9a_cgraph-eps-converted-to.pdf class_s_l_r1_parser_aa4
2411d1cb318041138b476e80aacc9a_cgraph.eps>
(epstopdf)             \includegraphics on input line 222.
Package epstopdf Info: Output file is already uptodate.
 <./class_s_l_r1_parser_aa42411d1cb318041138b476e80aacc9a_cgraph-eps-converted-
to.pdf>
<class_s_l_r1_parser_aa42411d1cb318041138b476e80aacc9a_cgraph-eps-converted-to.
pdf, id=9961, 675.52374pt x 82.3075pt>
File: class_s_l_r1_parser_aa42411d1cb318041138b476e80aacc9a_cgraph-eps-converte
d-to.pdf Graphic file (type pdf)
<use class_s_l_r1_parser_aa42411d1cb318041138b476e80aacc9a_cgraph-eps-converted
-to.pdf>
Package pdftex.def Info: class_s_l_r1_parser_aa42411d1cb318041138b476e80aacc9a_
cgraph-eps-converted-to.pdf  used on input line 222.
(pdftex.def)             Requested size: 350.0pt x 42.64566pt.

Underfull \hbox (badness 10000) detected at line 239
[][][]
 []

Package epstopdf Info: Source file: <class_s_l_r1_parser_af1f26efc1c4f8826b2bd1
477aa44868b_icgraph.eps>
(epstopdf)                    date: 2026-10-04 22:45:38
(epstopdf)                    size: 6315 bytes
(epstopdf)             Output file: <class_s_l_r1_parser_af1f26efc1c4f8826b2bd1
477aa44868b_icgraph-eps-converted-to.pdf>
(epstopdf)                    date: 2026-10-04 22:46:39
(epstopdf)                    size: 5709 bytes
(epstopdf)             Command: <repstopdf --outfile=class_s_l_r1_parser_af1f26
efc1c4f8826b2bd1477aa44868b_icgraph-eps-converted-to.pdf class_s_l_r1_parser_af
1f26efc1c4f8826b2bd1477aa44868b_icgraph.eps>
(epstopdf)             \includegraphics on input line 247.
Package epstopdf Info: Output file is already uptodate.
 <./class_s_l_r1_parser_af1f26efc1c4f8826b2bd1477aa44868b_icgraph-eps-converted
-to.pdf>
<class_s_l_r1_parser_af1f26efc1c4f8826b2bd1477aa44868b_icgraph-eps-converted-to
.pdf, id=9970, 500.87125pt x 27.10126pt>
File: class_s_l_r1_parser_af1f26efc1c4f8826b2bd1477aa44868b_icgraph-eps-convert
ed-to.pdf Graphic file (type pdf)
<use class_s_l_r1_parser_af1f26efc1c4f8826b2bd1477aa44868b_icgraph-eps-converte
d-to.pdf>
Package pdftex.def Info: class_s_l_r1_parser_af1f26efc1c4f8826b2bd1477aa44868b_
icgraph-eps-converted-to.pdf  used on input line 247.
(pdftex.def)             Requested size: 350.0pt x 18.93848pt.
 [153]
Package epstopdf Info: Source file: <class_s_l_r1_parser_a0ff2187985600bff50ff8
235543d96fb_cgraph.eps>
(epstopdf)                    date: 2026-10-04 22:45:38
(epstopdf)                    size: 6716 bytes
(epstopdf)             Output file: <class_s_l_r1_parser_a0ff2187985600bff50ff8
235543d96fb_cgraph-eps-converted-to.pdf>
(epstopdf)                    date: 2026-10-04 22:46:39
(epstopdf)                    size: 5970 bytes
(epstopdf)             Command: <repstopdf --outfile=class_s_l_r1_parser_a0ff21
87985600bff50ff8235543d96fb_cgraph-eps-converted-to.pdf class_s_l_r1_parser_a0f
f2187985600bff50ff8235543d96fb_cgraph.eps>
(epstopdf)             \includegraphics on input line 272.
Package epstopdf Info: Output file is already uptodate.
 <./class_s_l_r1_parser_a0ff2187985600bff50ff8235543d96fb_cgraph-eps-converted-
to.pdf>
<class_s_l_r1_parser_a0ff2187985600bff50ff8235543d96fb_cgraph-eps-converted-to.
pdf, id=9988, 455.7025pt x 45.16875pt>
File: class_s_l_r1_parser_a0ff2187985600bff50ff8235543d96fb_cgraph-eps-converte
d-to.pdf Graphic file (type pdf)
<use class_s_l_r1_parser_a0ff2187985600bff50ff8235543d96fb_cgraph-eps-converted
-to.pdf>
Package pdftex.def Info: class_s_l_r1_parser_a0ff2187985600bff50ff8235543d96fb_
cgraph-eps-converted-to.pdf  used on input line 272.
(pdftex.def)             Requested size: 350.0pt x 34.69249pt.
Package epstopdf Info: Source file: <class_s_l_r1_parser_a0ff2187985600bff50ff8
235543d96fb_icgraph.eps>
(epstopdf)                    date: 2026-10-04 22:45:39
(epstopdf)                    size: 11606 bytes
(epstopdf)             Output file: <class_s_l_r1_parser_a0ff2187985600bff50ff8
235543d96fb_icgraph-eps-converted-to.pdf>
(epstopdf)                    date: 2026-10-04 22:46:40
(epstopdf)                    size: 6984 bytes
(epstopdf)             Command: <repstopdf --outfile=class_s_l_r1_parser_a0ff21
87985600bff50ff8235543d96fb_icgraph-eps-converted-to.pdf class_s_l_r1_parser_a0
ff2187985600bff50ff8235543d96fb_icgraph.eps>
(epstopdf)             \includegraphics on input line 280.
Package epstopdf Info: Output file is already uptodate.
 <./class_s_l_r1_parser_a0ff2187985600bff50ff8235543d96fb_icgraph-eps-converted
-to.pdf>
<class_s_l_r1_parser_a0ff2187985600bff50ff8235543d96fb_icgraph-eps-converted-to
.pdf, id=9995, 845.1575pt x 141.52875pt>
File: class_s_l_r1_parser_a0ff2187985600bff50ff8235543d96fb_icgraph-eps-convert
ed-to.pdf Graphic file (type pdf)
<use class_s_l_r1_parser_a0ff2187985600bff50ff8235543d96fb_icgraph-eps-converte
d-to.pdf>
Package pdftex.def Info: class_s_l_r1_parser_a0ff2187985600bff50ff8235543d96fb_
icgraph-eps-converted-to.pdf  used on input line 280.
(pdftex.def)             Requested size: 350.0pt x 58.6124pt.
Package epstopdf Info: Source file: <class_s_l_r1_parser_a00101890c3c4d2871a8c1
00209abf122_cgraph.eps>
(epstopdf)                    date: 2026-10-04 22:45:38
(epstopdf)                    size: 5779 bytes
(epstopdf)             Output file: <class_s_l_r1_parser_a00101890c3c4d2871a8c1
00209abf122_cgraph-eps-converted-to.pdf>
(epstopdf)                    date: 2026-10-04 22:46:40
(epstopdf)                    size: 5840 bytes
(epstopdf)             Command: <repstopdf --outfile=class_s_l_r1_parser_a00101
890c3c4d2871a8c100209abf122_cgraph-eps-converted-to.pdf class_s_l_r1_parser_a00
101890c3c4d2871a8c100209abf122_cgraph.eps>
(epstopdf)             \includegraphics on input line 309.
Package epstopdf Info: Output file is already uptodate.
 <./class_s_l_r1_parser_a00101890c3c4d2871a8c100209abf122_cgraph-eps-converted-
to.pdf>
<class_s_l_r1_parser_a00101890c3c4d2871a8c100209abf122_cgraph-eps-converted-to.
pdf, id=10004, 310.15875pt x 45.16875pt>
File: class_s_l_r1_parser_a00101890c3c4d2871a8c100209abf122_cgraph-eps-converte
d-to.pdf Graphic file (type pdf)
<use class_s_l_r1_parser_a00101890c3c4d2871a8c100209abf122_cgraph-eps-converted
-to.pdf>
Package pdftex.def Info: class_s_l_r1_parser_a00101890c3c4d2871a8c100209abf122_
cgraph-eps-converted-to.pdf  used on input line 309.
(pdftex.def)             Requested size: 345.0pt x 50.24265pt.
Package epstopdf Info: Source file: <class_s_l_r1_parser_a00101890c3c4d2871a8c1
00209abf122_icgraph.eps>
(epstopdf)                    date: 2026-10-04 22:45:38
(epstopdf)                    size: 13653 bytes
(epstopdf)             Output file: <class_s_l_r1_parser_a00101890c3c4d2871a8c1
00209abf122_icgraph-eps-converted-to.pdf>
(epstopdf)                    date: 2026-10-04 22:46:40
(epstopdf)                    size: 7399 bytes
(epstopdf)             Command: <repstopdf --outfile=class_s_l_r1_parser_a00101
890c3c4d2871a8c100209abf122_icgraph-eps-converted-to.pdf class_s_l_r1_parser_a0
0101890c3c4d2871a8c100209abf122_icgraph.eps>
(epstopdf)             \includegraphics on input line 317.
Package epstopdf Info: Output file is already uptodate.
 <./class_s_l_r1_parser_a00101890c3c4d2871a8c100209abf122_icgraph-eps-converted
-to.pdf>
<class_s_l_r1_parser_a00101890c3c4d2871a8c100209abf122_icgraph-eps-converted-to
.pdf, id=10011, 1005.7575pt x 156.585pt>
File: class_s_l_r1_parser_a00101890c3c4d2871a8c100209abf122_icgraph-eps-convert
ed-to.pdf Graphic file (type pdf)
<use class_s_l_r1_parser_a00101890c3c4d2871a8c100209abf122_icgraph-eps-converte
d-to.pdf>
Package pdftex.def Info: class_s_l_r1_parser_a00101890c3c4d2871a8c100209abf122_
icgraph-eps-converted-to.pdf  used on input line 317.
(pdftex.def)             Requested size: 350.0pt x 54.49017pt.
 [154]
Package epstopdf Info: Source file: <class_s_l_r1_parser_af0a486daf0c5083b113e5
57d68732481_cgraph.eps>
(epstopdf)                    date: 2026-10-04 22:45:38
(epstopdf)                    size: 6789 bytes
(epstopdf)             Output file: <class_s_l_r1_parser_af0a486daf0c5083b113e5
57d68732481_cgraph-eps-converted-to.pdf>
(epstopdf)                    date: 2026-10-04 22:46:40
(epstopdf)                    size: 6004 bytes
(epstopdf)             Command: <repstopdf --outfile=class_s_l_r1_parser_af0a48
6daf0c5083b113e557d68732481_cgraph-eps-converted-to.pdf class_s_l_r1_parser_af0
a486daf0c5083b113e557d68732481_cgraph.eps>
(epstopdf)             \includegraphics on input line 335.
Package epstopdf Info: Output file is already uptodate.
 <./class_s_l_r1_parser_af0a486daf0c5083b113e557d68732481_cgraph-eps-converted-
to.pdf>
<class_s_l_r1_parser_af0a486daf0c5083b113e557d68732481_cgraph-eps-converted-to.
pdf, id=10028, 454.69875pt x 45.16875pt>
File: class_s_l_r1_parser_af0a486daf0c5083b113e557d68732481_cgraph-eps-converte
d-to.pdf Graphic file (type pdf)
<use class_s_l_r1_parser_af0a486daf0c5083b113e557d68732481_cgraph-eps-converted
-to.pdf>
Package pdftex.def Info: class_s_l_r1_parser_af0a486daf0c5083b113e557d68732481_
cgraph-eps-converted-to.pdf  used on input line 335.
(pdftex.def)             Requested size: 350.0pt x 34.76831pt.
Package epstopdf Info: Source file: <class_s_l_r1_parser_af0a486daf0c5083b113e5
57d68732481_icgraph.eps>
(epstopdf)                    date: 2026-10-04 22:45:38
(epstopdf)                    size: 9183 bytes
(epstopdf)             Output file: <class_s_l_r1_parser_af0a486daf0c5083b113e5
57d68732481_icgraph-eps-converted-to.pdf>
(epstopdf)                    date: 2026-10-04 22:46:40
(epstopdf)                    size: 6513 bytes
(epstopdf)             Command: <repstopdf --outfile=class_s_l_r1_parser_af0a48
6daf0c5083b113e557d68732481_icgraph-eps-converted-to.pdf class_s_l_r1_parser_af
0a486daf0c5083b113e557d68732481_icgraph.eps>
(epstopdf)             \includegraphics on input line 343.
Package epstopdf Info: Output file is already uptodate.
 <./class_s_l_r1_parser_af0a486daf0c5083b113e557d68732481_icgraph-eps-converted
-to.pdf>
<class_s_l_r1_parser_af0a486daf0c5083b113e557d68732481_icgraph-eps-converted-to
.pdf, id=10035, 709.65125pt x 103.38625pt>
File: class_s_l_r1_parser_af0a486daf0c5083b113e557d68732481_icgraph-eps-convert
ed-to.pdf Graphic file (type pdf)
<use class_s_l_r1_parser_af0a486daf0c5083b113e557d68732481_icgraph-eps-converte
d-to.pdf>
Package pdftex.def Info: class_s_l_r1_parser_af0a486daf0c5083b113e557d68732481_
icgraph-eps-converted-to.pdf  used on input line 343.
(pdftex.def)             Requested size: 350.0pt x 50.99098pt.

Underfull \hbox (badness 10000) detected at line 366
[][][]
 []


Underfull \hbox (badness 10000) detected at line 369
[][][]
 []

Package epstopdf Info: Source file: <class_s_l_r1_parser_a06a9888464cfe48152d72
311e25ad79a_cgraph.eps>
(epstopdf)                    date: 2026-10-04 22:45:38
(epstopdf)                    size: 7767 bytes
(epstopdf)             Output file: <class_s_l_r1_parser_a06a9888464cfe48152d72
311e25ad79a_cgraph-eps-converted-to.pdf>
(epstopdf)                    date: 2026-10-04 22:46:40
(epstopdf)                    size: 6296 bytes
(epstopdf)             Command: <repstopdf --outfile=class_s_l_r1_parser_a06a98
88464cfe48152d72311e25ad79a_cgraph-eps-converted-to.pdf class_s_l_r1_parser_a06
a9888464cfe48152d72311e25ad79a_cgraph.eps>
(epstopdf)             \includegraphics on input line 380.
Package epstopdf Info: Output file is already uptodate.
 <./class_s_l_r1_parser_a06a9888464cfe48152d72311e25ad79a_cgraph-eps-converted-
to.pdf>
<class_s_l_r1_parser_a06a9888464cfe48152d72311e25ad79a_cgraph-eps-converted-to.
pdf, id=10050, 509.905pt x 82.3075pt>
File: class_s_l_r1_parser_a06a9888464cfe48152d72311e25ad79a_cgraph-eps-converte
d-to.pdf Graphic file (type pdf)
<use class_s_l_r1_parser_a06a9888464cfe48152d72311e25ad79a_cgraph-eps-converted
-to.pdf>
Package pdftex.def Info: class_s_l_r1_parser_a06a9888464cfe48152d72311e25ad79a_
cgraph-eps-converted-to.pdf  used on input line 380.
(pdftex.def)             Requested size: 350.0pt x 56.49834pt.
 [155]
Package epstopdf Info: Source file: <class_s_l_r1_parser_a06a9888464cfe48152d72
311e25ad79a_icgraph.eps>
(epstopdf)                    date: 2026-10-04 22:45:38
(epstopdf)                    size: 9178 bytes
(epstopdf)             Output file: <class_s_l_r1_parser_a06a9888464cfe48152d72
311e25ad79a_icgraph-eps-converted-to.pdf>
(epstopdf)                    date: 2026-10-04 22:46:41
(epstopdf)                    size: 6560 bytes
(epstopdf)             Command: <repstopdf --outfile=class_s_l_r1_parser_a06a98
88464cfe48152d72311e25ad79a_icgraph-eps-converted-to.pdf class_s_l_r1_parser_a0
6a9888464cfe48152d72311e25ad79a_icgraph.eps>
(epstopdf)             \includegraphics on input line 388.
Package epstopdf Info: Output file is already uptodate.
 <./class_s_l_r1_parser_a06a9888464cfe48152d72311e25ad79a_icgraph-eps-converted
-to.pdf>
<class_s_l_r1_parser_a06a9888464cfe48152d72311e25ad79a_icgraph-eps-converted-to
.pdf, id=10067, 718.685pt x 103.38625pt>
File: class_s_l_r1_parser_a06a9888464cfe48152d72311e25ad79a_icgraph-eps-convert
ed-to.pdf Graphic file (type pdf)
<use class_s_l_r1_parser_a06a9888464cfe48152d72311e25ad79a_icgraph-eps-converte
d-to.pdf>
Package pdftex.def Info: class_s_l_r1_parser_a06a9888464cfe48152d72311e25ad79a_
icgraph-eps-converted-to.pdf  used on input line 388.
(pdftex.def)             Requested size: 350.0pt x 50.3505pt.

Underfull \hbox (badness 10000) detected at line 408
[][][]
 []

Package epstopdf Info: Source file: <class_s_l_r1_parser_aee48bcbf0a93badeb5271
a7299cc458b_cgraph.eps>
(epstopdf)                    date: 2026-10-04 22:45:38
(epstopdf)                    size: 8730 bytes
(epstopdf)             Output file: <class_s_l_r1_parser_aee48bcbf0a93badeb5271
a7299cc458b_cgraph-eps-converted-to.pdf>
(epstopdf)                    date: 2026-10-04 22:46:41
(epstopdf)                    size: 6525 bytes
(epstopdf)             Command: <repstopdf --outfile=class_s_l_r1_parser_aee48b
cbf0a93badeb5271a7299cc458b_cgraph-eps-converted-to.pdf class_s_l_r1_parser_aee
48bcbf0a93badeb5271a7299cc458b_cgraph.eps>
(epstopdf)             \includegraphics on input line 416.
Package epstopdf Info: Output file is already uptodate.
 <./class_s_l_r1_parser_aee48bcbf0a93badeb5271a7299cc458b_cgraph-eps-converted-
to.pdf>
<class_s_l_r1_parser_aee48bcbf0a93badeb5271a7299cc458b_cgraph-eps-converted-to.
pdf, id=10078, 591.20876pt x 82.3075pt>
File: class_s_l_r1_parser_aee48bcbf0a93badeb5271a7299cc458b_cgraph-eps-converte
d-to.pdf Graphic file (type pdf)
<use class_s_l_r1_parser_aee48bcbf0a93badeb5271a7299cc458b_cgraph-eps-converted
-to.pdf>
Package pdftex.def Info: class_s_l_r1_parser_aee48bcbf0a93badeb5271a7299cc458b_
cgraph-eps-converted-to.pdf  used on input line 416.
(pdftex.def)             Requested size: 350.0pt x 48.72803pt.
Package epstopdf Info: Source file: <class_s_l_r1_parser_aee48bcbf0a93badeb5271
a7299cc458b_icgraph.eps>
(epstopdf)                    date: 2026-10-04 22:45:38
(epstopdf)                    size: 6310 bytes
(epstopdf)             Output file: <class_s_l_r1_parser_aee48bcbf0a93badeb5271
a7299cc458b_icgraph-eps-converted-to.pdf>
(epstopdf)                    date: 2026-10-04 22:46:41
(epstopdf)                    size: 5674 bytes
(epstopdf)             Command: <repstopdf --outfile=class_s_l_r1_parser_aee48b
cbf0a93badeb5271a7299cc458b_icgraph-eps-converted-to.pdf class_s_l_r1_parser_ae
e48bcbf0a93badeb5271a7299cc458b_icgraph.eps>
(epstopdf)             \includegraphics on input line 424.
Package epstopdf Info: Output file is already uptodate.
 <./class_s_l_r1_parser_aee48bcbf0a93badeb5271a7299cc458b_icgraph-eps-converted
-to.pdf>
<class_s_l_r1_parser_aee48bcbf0a93badeb5271a7299cc458b_icgraph-eps-converted-to
.pdf, id=10085, 487.8225pt x 27.10126pt>
File: class_s_l_r1_parser_aee48bcbf0a93badeb5271a7299cc458b_icgraph-eps-convert
ed-to.pdf Graphic file (type pdf)
<use class_s_l_r1_parser_aee48bcbf0a93badeb5271a7299cc458b_icgraph-eps-converte
d-to.pdf>
Package pdftex.def Info: class_s_l_r1_parser_aee48bcbf0a93badeb5271a7299cc458b_
icgraph-eps-converted-to.pdf  used on input line 424.
(pdftex.def)             Requested size: 350.0pt x 19.44464pt.
 [156]
Package epstopdf Info: Source file: <class_s_l_r1_parser_a02df38d4f96383ea85d23
f56472c57a0_cgraph.eps>
(epstopdf)                    date: 2026-10-04 22:45:39
(epstopdf)                    size: 5779 bytes
(epstopdf)             Output file: <class_s_l_r1_parser_a02df38d4f96383ea85d23
f56472c57a0_cgraph-eps-converted-to.pdf>
(epstopdf)                    date: 2026-10-04 22:46:41
(epstopdf)                    size: 5567 bytes
(epstopdf)             Command: <repstopdf --outfile=class_s_l_r1_parser_a02df3
8d4f96383ea85d23f56472c57a0_cgraph-eps-converted-to.pdf class_s_l_r1_parser_a02
df38d4f96383ea85d23f56472c57a0_cgraph.eps>
(epstopdf)             \includegraphics on input line 458.
Package epstopdf Info: Output file is already uptodate.
 <./class_s_l_r1_parser_a02df38d4f96383ea85d23f56472c57a0_cgraph-eps-converted-
to.pdf>
<class_s_l_r1_parser_a02df38d4f96383ea85d23f56472c57a0_cgraph-eps-converted-to.
pdf, id=10101, 262.9825pt x 45.16875pt>
File: class_s_l_r1_parser_a02df38d4f96383ea85d23f56472c57a0_cgraph-eps-converte
d-to.pdf Graphic file (type pdf)
<use class_s_l_r1_parser_a02df38d4f96383ea85d23f56472c57a0_cgraph-eps-converted
-to.pdf>
Package pdftex.def Info: class_s_l_r1_parser_a02df38d4f96383ea85d23f56472c57a0_
cgraph-eps-converted-to.pdf  used on input line 458.
(pdftex.def)             Requested size: 298.0pt x 51.1855pt.
Package epstopdf Info: Source file: <class_s_l_r1_parser_a02df38d4f96383ea85d23
f56472c57a0_icgraph.eps>
(epstopdf)                    date: 2026-10-04 22:45:38
(epstopdf)                    size: 13492 bytes
(epstopdf)             Output file: <class_s_l_r1_parser_a02df38d4f96383ea85d23
f56472c57a0_icgraph-eps-converted-to.pdf>
(epstopdf)                    date: 2026-10-04 22:46:41
(epstopdf)                    size: 7278 bytes
(epstopdf)             Command: <repstopdf --outfile=class_s_l_r1_parser_a02df3
8d4f96383ea85d23f56472c57a0_icgraph-eps-converted-to.pdf class_s_l_r1_parser_a0
2df38d4f96383ea85d23f56472c57a0_icgraph.eps>
(epstopdf)             \includegraphics on input line 466.
Package epstopdf Info: Output file is already uptodate.
 <./class_s_l_r1_parser_a02df38d4f96383ea85d23f56472c57a0_icgraph-eps-converted
-to.pdf>
<class_s_l_r1_parser_a02df38d4f96383ea85d23f56472c57a0_icgraph-eps-converted-to
.pdf, id=10108, 849.1725pt x 126.4725pt>
File: class_s_l_r1_parser_a02df38d4f96383ea85d23f56472c57a0_icgraph-eps-convert
ed-to.pdf Graphic file (type pdf)
<use class_s_l_r1_parser_a02df38d4f96383ea85d23f56472c57a0_icgraph-eps-converte
d-to.pdf>
Package pdftex.def Info: class_s_l_r1_parser_a02df38d4f96383ea85d23f56472c57a0_
icgraph-eps-converted-to.pdf  used on input line 466.
(pdftex.def)             Requested size: 350.0pt x 52.12808pt.

Underfull \hbox (badness 10000) detected at line 486
[][][]
 []

Package epstopdf Info: Source file: <class_s_l_r1_parser_af2549ef0375afbb8fd53f
a2abafe60bb_icgraph.eps>
(epstopdf)                    date: 2026-10-04 22:45:38
(epstopdf)                    size: 7727 bytes
(epstopdf)             Output file: <class_s_l_r1_parser_af2549ef0375afbb8fd53f
a2abafe60bb_icgraph-eps-converted-to.pdf>
(epstopdf)                    date: 2026-10-04 22:46:41
(epstopdf)                    size: 6172 bytes
(epstopdf)             Command: <repstopdf --outfile=class_s_l_r1_parser_af2549
ef0375afbb8fd53fa2abafe60bb_icgraph-eps-converted-to.pdf class_s_l_r1_parser_af
2549ef0375afbb8fd53fa2abafe60bb_icgraph.eps>
(epstopdf)             \includegraphics on input line 494.
Package epstopdf Info: Output file is already uptodate.
 <./class_s_l_r1_parser_af2549ef0375afbb8fd53fa2abafe60bb_icgraph-eps-converted
-to.pdf>
<class_s_l_r1_parser_af2549ef0375afbb8fd53fa2abafe60bb_icgraph-eps-converted-to
.pdf, id=10115, 681.54625pt x 46.1725pt>
File: class_s_l_r1_parser_af2549ef0375afbb8fd53fa2abafe60bb_icgraph-eps-convert
ed-to.pdf Graphic file (type pdf)
<use class_s_l_r1_parser_af2549ef0375afbb8fd53fa2abafe60bb_icgraph-eps-converte
d-to.pdf>
Package pdftex.def Info: class_s_l_r1_parser_af2549ef0375afbb8fd53fa2abafe60bb_
icgraph-eps-converted-to.pdf  used on input line 494.
(pdftex.def)             Requested size: 350.0pt x 23.71109pt.
 [157]
Underfull \hbox (badness 10000) detected at line 509
[][][]
 []

Package epstopdf Info: Source file: <class_s_l_r1_parser_a95d3b55554e24aa03f6a7
3d7b895e78b_cgraph.eps>
(epstopdf)                    date: 2026-10-04 22:45:38
(epstopdf)                    size: 7754 bytes
(epstopdf)             Output file: <class_s_l_r1_parser_a95d3b55554e24aa03f6a7
3d7b895e78b_cgraph-eps-converted-to.pdf>
(epstopdf)                    date: 2026-10-04 22:46:42
(epstopdf)                    size: 6242 bytes
(epstopdf)             Command: <repstopdf --outfile=class_s_l_r1_parser_a95d3b
55554e24aa03f6a73d7b895e78b_cgraph-eps-converted-to.pdf class_s_l_r1_parser_a95
d3b55554e24aa03f6a73d7b895e78b_cgraph.eps>
(epstopdf)             \includegraphics on input line 519.
Package epstopdf Info: Output file is already uptodate.
 <./class_s_l_r1_parser_a95d3b55554e24aa03f6a73d7b895e78b_cgraph-eps-converted-
to.pdf>
<class_s_l_r1_parser_a95d3b55554e24aa03f6a73d7b895e78b_cgraph-eps-converted-to.
pdf, id=10136, 638.385pt x 45.16875pt>
File: class_s_l_r1_parser_a95d3b55554e24aa03f6a73d7b895e78b_cgraph-eps-converte
d-to.pdf Graphic file (type pdf)
<use class_s_l_r1_parser_a95d3b55554e24aa03f6a73d7b895e78b_cgraph-eps-converted
-to.pdf>
Package pdftex.def Info: class_s_l_r1_parser_a95d3b55554e24aa03f6a73d7b895e78b_
cgraph-eps-converted-to.pdf  used on input line 519.
(pdftex.def)             Requested size: 350.0pt x 24.7643pt.
Package epstopdf Info: Source file: <class_s_l_r1_parser_a95d3b55554e24aa03f6a7
3d7b895e78b_icgraph.eps>
(epstopdf)                    date: 2026-10-04 22:45:38
(epstopdf)                    size: 8156 bytes
(epstopdf)             Output file: <class_s_l_r1_parser_a95d3b55554e24aa03f6a7
3d7b895e78b_icgraph-eps-converted-to.pdf>
(epstopdf)                    date: 2026-10-04 22:46:42
(epstopdf)                    size: 6177 bytes
(epstopdf)             Command: <repstopdf --outfile=class_s_l_r1_parser_a95d3b
55554e24aa03f6a73d7b895e78b_icgraph-eps-converted-to.pdf class_s_l_r1_parser_a9
5d3b55554e24aa03f6a73d7b895e78b_icgraph.eps>
(epstopdf)             \includegraphics on input line 527.
Package epstopdf Info: Output file is already uptodate.
 <./class_s_l_r1_parser_a95d3b55554e24aa03f6a73d7b895e78b_icgraph-eps-converted
-to.pdf>
<class_s_l_r1_parser_a95d3b55554e24aa03f6a73d7b895e78b_icgraph-eps-converted-to
.pdf, id=10143, 699.61375pt x 65.24374pt>
File: class_s_l_r1_parser_a95d3b55554e24aa03f6a73d7b895e78b_icgraph-eps-convert
ed-to.pdf Graphic file (type pdf)
<use class_s_l_r1_parser_a95d3b55554e24aa03f6a73d7b895e78b_icgraph-eps-converte
d-to.pdf>
Package pdftex.def Info: class_s_l_r1_parser_a95d3b55554e24aa03f6a73d7b895e78b_
icgraph-eps-converted-to.pdf  used on input line 527.
(pdftex.def)             Requested size: 350.0pt x 32.6407pt.

Underfull \hbox (badness 10000) detected at line 542
[][][]
 []


Underfull \hbox (badness 10000) detected at line 545
[][][]
 []

Package epstopdf Info: Source file: <class_s_l_r1_parser_acdc3a5a98b2ba62767edc
f72b2abd0ed_cgraph.eps>
(epstopdf)                    date: 2026-10-04 22:45:38
(epstopdf)                    size: 15734 bytes
(epstopdf)             Output file: <class_s_l_r1_parser_acdc3a5a98b2ba62767edc
f72b2abd0ed_cgraph-eps-converted-to.pdf>
(epstopdf)                    date: 2026-10-04 22:46:42
(epstopdf)                    size: 8217 bytes
(epstopdf)             Command: <repstopdf --outfile=class_s_l_r1_parser_acdc3a
5a98b2ba62767edcf72b2abd0ed_cgraph-eps-converted-to.pdf class_s_l_r1_parser_acd
c3a5a98b2ba62767edcf72b2abd0ed_cgraph.eps>
(epstopdf)             \includegraphics on input line 557.
Package epstopdf Info: Output file is already uptodate.
 <./class_s_l_r1_parser_acdc3a5a98b2ba62767edcf72b2abd0ed_cgraph-eps-converted-
to.pdf>
<class_s_l_r1_parser_acdc3a5a98b2ba62767edcf72b2abd0ed_cgraph-eps-converted-to.
pdf, id=10156, 821.0675pt x 177.66376pt>
File: class_s_l_r1_parser_acdc3a5a98b2ba62767edcf72b2abd0ed_cgraph-eps-converte
d-to.pdf Graphic file (type pdf)
<use class_s_l_r1_parser_acdc3a5a98b2ba62767edcf72b2abd0ed_cgraph-eps-converted
-to.pdf>
Package pdftex.def Info: class_s_l_r1_parser_acdc3a5a98b2ba62767edcf72b2abd0ed_
cgraph-eps-converted-to.pdf  used on input line 557.
(pdftex.def)             Requested size: 350.0pt x 75.73245pt.
 [158]
Package epstopdf Info: Source file: <class_s_l_r1_parser_acdc3a5a98b2ba62767edc
f72b2abd0ed_icgraph.eps>
(epstopdf)                    date: 2026-10-04 22:45:38
(epstopdf)                    size: 6757 bytes
(epstopdf)             Output file: <class_s_l_r1_parser_acdc3a5a98b2ba62767edc
f72b2abd0ed_icgraph-eps-converted-to.pdf>
(epstopdf)                    date: 2026-10-04 22:46:42
(epstopdf)                    size: 5805 bytes
(epstopdf)             Command: <repstopdf --outfile=class_s_l_r1_parser_acdc3a
5a98b2ba62767edcf72b2abd0ed_icgraph-eps-converted-to.pdf class_s_l_r1_parser_ac
dc3a5a98b2ba62767edcf72b2abd0ed_icgraph.eps>
(epstopdf)             \includegraphics on input line 565.
Package epstopdf Info: Output file is already uptodate.
 <./class_s_l_r1_parser_acdc3a5a98b2ba62767edcf72b2abd0ed_icgraph-eps-converted
-to.pdf>
<class_s_l_r1_parser_acdc3a5a98b2ba62767edcf72b2abd0ed_icgraph-eps-converted-to
.pdf, id=10171, 516.93124pt x 46.1725pt>
File: class_s_l_r1_parser_acdc3a5a98b2ba62767edcf72b2abd0ed_icgraph-eps-convert
ed-to.pdf Graphic file (type pdf)
<use class_s_l_r1_parser_acdc3a5a98b2ba62767edcf72b2abd0ed_icgraph-eps-converte
d-to.pdf>
Package pdftex.def Info: class_s_l_r1_parser_acdc3a5a98b2ba62767edcf72b2abd0ed_
icgraph-eps-converted-to.pdf  used on input line 565.
(pdftex.def)             Requested size: 350.0pt x 31.263pt.

Underfull \hbox (badness 10000) detected at line 585
[][][]
 []

Package epstopdf Info: Source file: <class_s_l_r1_parser_a95d6f1070a535768c6d7f
8f953c2b69d_icgraph.eps>
(epstopdf)                    date: 2026-10-04 22:45:38
(epstopdf)                    size: 6320 bytes
(epstopdf)             Output file: <class_s_l_r1_parser_a95d6f1070a535768c6d7f
8f953c2b69d_icgraph-eps-converted-to.pdf>
(epstopdf)                    date: 2026-10-04 22:46:42
(epstopdf)                    size: 5671 bytes
(epstopdf)             Command: <repstopdf --outfile=class_s_l_r1_parser_a95d6f
1070a535768c6d7f8f953c2b69d_icgraph-eps-converted-to.pdf class_s_l_r1_parser_a9
5d6f1070a535768c6d7f8f953c2b69d_icgraph.eps>
(epstopdf)             \includegraphics on input line 593.
Package epstopdf Info: Output file is already uptodate.
 <./class_s_l_r1_parser_a95d6f1070a535768c6d7f8f953c2b69d_icgraph-eps-converted
-to.pdf>
<class_s_l_r1_parser_a95d6f1070a535768c6d7f8f953c2b69d_icgraph-eps-converted-to
.pdf, id=10180, 509.905pt x 27.10126pt>
File: class_s_l_r1_parser_a95d6f1070a535768c6d7f8f953c2b69d_icgraph-eps-convert
ed-to.pdf Graphic file (type pdf)
<use class_s_l_r1_parser_a95d6f1070a535768c6d7f8f953c2b69d_icgraph-eps-converte
d-to.pdf>
Package pdftex.def Info: class_s_l_r1_parser_a95d6f1070a535768c6d7f8f953c2b69d_
icgraph-eps-converted-to.pdf  used on input line 593.
(pdftex.def)             Requested size: 350.0pt x 18.6031pt.

Underfull \hbox (badness 10000) detected at line 613
[][][]
 []

Package epstopdf Info: Source file: <class_s_l_r1_parser_a6a31a57223b052028c74f
5d70db41c16_cgraph.eps>
(epstopdf)                    date: 2026-10-04 22:45:38
(epstopdf)                    size: 8376 bytes
(epstopdf)             Output file: <class_s_l_r1_parser_a6a31a57223b052028c74f
5d70db41c16_cgraph-eps-converted-to.pdf>
(epstopdf)                    date: 2026-10-04 22:46:42
(epstopdf)                    size: 6769 bytes
(epstopdf)             Command: <repstopdf --outfile=class_s_l_r1_parser_a6a31a
57223b052028c74f5d70db41c16_cgraph-eps-converted-to.pdf class_s_l_r1_parser_a6a
31a57223b052028c74f5d70db41c16_cgraph.eps>
(epstopdf)             \includegraphics on input line 621.
Package epstopdf Info: Output file is already uptodate.
 <./class_s_l_r1_parser_a6a31a57223b052028c74f5d70db41c16_cgraph-eps-converted-
to.pdf>
<class_s_l_r1_parser_a6a31a57223b052028c74f5d70db41c16_cgraph-eps-converted-to.
pdf, id=10189, 320.19624pt x 138.5175pt>
File: class_s_l_r1_parser_a6a31a57223b052028c74f5d70db41c16_cgraph-eps-converte
d-to.pdf Graphic file (type pdf)
<use class_s_l_r1_parser_a6a31a57223b052028c74f5d70db41c16_cgraph-eps-converted
-to.pdf>
Package pdftex.def Info: class_s_l_r1_parser_a6a31a57223b052028c74f5d70db41c16_
cgraph-eps-converted-to.pdf  used on input line 621.
(pdftex.def)             Requested size: 350.0pt x 151.41435pt.
 [159]
Package epstopdf Info: Source file: <class_s_l_r1_parser_a6a31a57223b052028c74f
5d70db41c16_icgraph.eps>
(epstopdf)                    date: 2026-10-04 22:45:38
(epstopdf)                    size: 6318 bytes
(epstopdf)             Output file: <class_s_l_r1_parser_a6a31a57223b052028c74f
5d70db41c16_icgraph-eps-converted-to.pdf>
(epstopdf)                    date: 2026-10-04 22:46:43
(epstopdf)                    size: 5896 bytes
(epstopdf)             Command: <repstopdf --outfile=class_s_l_r1_parser_a6a31a
57223b052028c74f5d70db41c16_icgraph-eps-converted-to.pdf class_s_l_r1_parser_a6
a31a57223b052028c74f5d70db41c16_icgraph.eps>
(epstopdf)             \includegraphics on input line 629.
Package epstopdf Info: Output file is already uptodate.
 <./class_s_l_r1_parser_a6a31a57223b052028c74f5d70db41c16_icgraph-eps-converted
-to.pdf>
<class_s_l_r1_parser_a6a31a57223b052028c74f5d70db41c16_icgraph-eps-converted-to
.pdf, id=10206, 541.02126pt x 27.10126pt>
File: class_s_l_r1_parser_a6a31a57223b052028c74f5d70db41c16_icgraph-eps-convert
ed-to.pdf Graphic file (type pdf)
<use class_s_l_r1_parser_a6a31a57223b052028c74f5d70db41c16_icgraph-eps-converte
d-to.pdf>
Package pdftex.def Info: class_s_l_r1_parser_a6a31a57223b052028c74f5d70db41c16_
icgraph-eps-converted-to.pdf  used on input line 629.
(pdftex.def)             Requested size: 350.0pt x 17.53288pt.
) (./class_s_l_r_table_dialog.tex [160]
Package epstopdf Info: Source file: <class_s_l_r_table_dialog__inherit__graph.e
ps>
(epstopdf)                    date: 2026-10-04 22:45:38
(epstopdf)                    size: 5123 bytes
(epstopdf)             Output file: <class_s_l_r_table_dialog__inherit__graph-e
ps-converted-to.pdf>
(epstopdf)                    date: 2026-10-04 22:46:43
(epstopdf)                    size: 4915 bytes
(epstopdf)             Command: <repstopdf --outfile=class_s_l_r_table_dialog__
inherit__graph-eps-converted-to.pdf class_s_l_r_table_dialog__inherit__graph.ep
s>
(epstopdf)             \includegraphics on input line 19.
Package epstopdf Info: Output file is already uptodate.
 <./class_s_l_r_table_dialog__inherit__graph-eps-converted-to.pdf>
<class_s_l_r_table_dialog__inherit__graph-eps-converted-to.pdf, id=10231, 95.35
625pt x 83.31125pt>
File: class_s_l_r_table_dialog__inherit__graph-eps-converted-to.pdf Graphic fil
e (type pdf)
<use class_s_l_r_table_dialog__inherit__graph-eps-converted-to.pdf>
Package pdftex.def Info: class_s_l_r_table_dialog__inherit__graph-eps-converted
-to.pdf  used on input line 19.
(pdftex.def)             Requested size: 131.0pt x 114.46622pt.
Package epstopdf Info: Source file: <class_s_l_r_table_dialog__coll__graph.eps>

(epstopdf)                    date: 2026-10-04 22:45:38
(epstopdf)                    size: 5123 bytes
(epstopdf)             Output file: <class_s_l_r_table_dialog__coll__graph-eps-
converted-to.pdf>
(epstopdf)                    date: 2026-10-04 22:46:43
(epstopdf)                    size: 4915 bytes
(epstopdf)             Command: <repstopdf --outfile=class_s_l_r_table_dialog__
coll__graph-eps-converted-to.pdf class_s_l_r_table_dialog__coll__graph.eps>
(epstopdf)             \includegraphics on input line 29.
Package epstopdf Info: Output file is already uptodate.
 <./class_s_l_r_table_dialog__coll__graph-eps-converted-to.pdf>
<class_s_l_r_table_dialog__coll__graph-eps-converted-to.pdf, id=10238, 95.35625
pt x 83.31125pt>
File: class_s_l_r_table_dialog__coll__graph-eps-converted-to.pdf Graphic file (
type pdf)
<use class_s_l_r_table_dialog__coll__graph-eps-converted-to.pdf>
Package pdftex.def Info: class_s_l_r_table_dialog__coll__graph-eps-converted-to
.pdf  used on input line 29.
(pdftex.def)             Requested size: 131.0pt x 114.46622pt.
 [161]
Package epstopdf Info: Source file: <class_s_l_r_table_dialog_a3a1232ffe9a2226e
5692000944058c3f_cgraph.eps>
(epstopdf)                    date: 2026-10-04 22:45:38
(epstopdf)                    size: 11439 bytes
(epstopdf)             Output file: <class_s_l_r_table_dialog_a3a1232ffe9a2226e
5692000944058c3f_cgraph-eps-converted-to.pdf>
(epstopdf)                    date: 2026-10-04 22:46:43
(epstopdf)                    size: 7301 bytes
(epstopdf)             Command: <repstopdf --outfile=class_s_l_r_table_dialog_a
3a1232ffe9a2226e5692000944058c3f_cgraph-eps-converted-to.pdf class_s_l_r_table_
dialog_a3a1232ffe9a2226e5692000944058c3f_cgraph.eps>
(epstopdf)             \includegraphics on input line 93.
Package epstopdf Info: Output file is already uptodate.
 <./class_s_l_r_table_dialog_a3a1232ffe9a2226e5692000944058c3f_cgraph-eps-conve
rted-to.pdf>
<class_s_l_r_table_dialog_a3a1232ffe9a2226e5692000944058c3f_cgraph-eps-converte
d-to.pdf, id=10280, 537.00626pt x 205.76875pt>
File: class_s_l_r_table_dialog_a3a1232ffe9a2226e5692000944058c3f_cgraph-eps-con
verted-to.pdf Graphic file (type pdf)
<use class_s_l_r_table_dialog_a3a1232ffe9a2226e5692000944058c3f_cgraph-eps-conv
erted-to.pdf>
Package pdftex.def Info: class_s_l_r_table_dialog_a3a1232ffe9a2226e569200094405
8c3f_cgraph-eps-converted-to.pdf  used on input line 93.
(pdftex.def)             Requested size: 350.0pt x 134.1123pt.
Package epstopdf Info: Source file: <class_s_l_r_table_dialog_a3a1232ffe9a2226e
5692000944058c3f_icgraph.eps>
(epstopdf)                    date: 2026-10-04 22:45:38
(epstopdf)                    size: 5921 bytes
(epstopdf)             Output file: <class_s_l_r_table_dialog_a3a1232ffe9a2226e
5692000944058c3f_icgraph-eps-converted-to.pdf>
(epstopdf)                    date: 2026-10-04 22:46:43
(epstopdf)                    size: 5807 bytes
(epstopdf)             Command: <repstopdf --outfile=class_s_l_r_table_dialog_a
3a1232ffe9a2226e5692000944058c3f_icgraph-eps-converted-to.pdf class_s_l_r_table
_dialog_a3a1232ffe9a2226e5692000944058c3f_icgraph.eps>
(epstopdf)             \includegraphics on input line 101.
Package epstopdf Info: Output file is already uptodate.
 <./class_s_l_r_table_dialog_a3a1232ffe9a2226e5692000944058c3f_icgraph-eps-conv
erted-to.pdf>
<class_s_l_r_table_dialog_a3a1232ffe9a2226e5692000944058c3f_icgraph-eps-convert
ed-to.pdf, id=10287, 326.21875pt x 51.19125pt>
File: class_s_l_r_table_dialog_a3a1232ffe9a2226e5692000944058c3f_icgraph-eps-co
nverted-to.pdf Graphic file (type pdf)
<use class_s_l_r_table_dialog_a3a1232ffe9a2226e5692000944058c3f_icgraph-eps-con
verted-to.pdf>
Package pdftex.def Info: class_s_l_r_table_dialog_a3a1232ffe9a2226e569200094405
8c3f_icgraph-eps-converted-to.pdf  used on input line 101.
(pdftex.def)             Requested size: 350.0pt x 54.92796pt.

Underfull \hbox (badness 10000) detected at line 118
[][][]
 []

Package epstopdf Info: Source file: <class_s_l_r_table_dialog_a5e5ba1b836c93aa1
290ca3026718cff9_icgraph.eps>
(epstopdf)                    date: 2026-10-04 22:45:38
(epstopdf)                    size: 6903 bytes
(epstopdf)             Output file: <class_s_l_r_table_dialog_a5e5ba1b836c93aa1
290ca3026718cff9_icgraph-eps-converted-to.pdf>
(epstopdf)                    date: 2026-10-04 22:46:43
(epstopdf)                    size: 5949 bytes
(epstopdf)             Command: <repstopdf --outfile=class_s_l_r_table_dialog_a
5e5ba1b836c93aa1290ca3026718cff9_icgraph-eps-converted-to.pdf class_s_l_r_table
_dialog_a5e5ba1b836c93aa1290ca3026718cff9_icgraph.eps>
(epstopdf)             \includegraphics on input line 126.
Package epstopdf Info: Output file is already uptodate.
 <./class_s_l_r_table_dialog_a5e5ba1b836c93aa1290ca3026718cff9_icgraph-eps-conv
erted-to.pdf>
<class_s_l_r_table_dialog_a5e5ba1b836c93aa1290ca3026718cff9_icgraph-eps-convert
ed-to.pdf, id=10294, 512.91624pt x 51.19125pt>
File: class_s_l_r_table_dialog_a5e5ba1b836c93aa1290ca3026718cff9_icgraph-eps-co
nverted-to.pdf Graphic file (type pdf)
<use class_s_l_r_table_dialog_a5e5ba1b836c93aa1290ca3026718cff9_icgraph-eps-con
verted-to.pdf>
Package pdftex.def Info: class_s_l_r_table_dialog_a5e5ba1b836c93aa1290ca3026718
cff9_icgraph-eps-converted-to.pdf  used on input line 126.
(pdftex.def)             Requested size: 350.0pt x 34.93143pt.
 [162]
Package epstopdf Info: Source file: <class_s_l_r_table_dialog_a17fe3b231aed7264
6451205d19cdef19_icgraph.eps>
(epstopdf)                    date: 2026-10-04 22:45:38
(epstopdf)                    size: 7453 bytes
(epstopdf)             Output file: <class_s_l_r_table_dialog_a17fe3b231aed7264
6451205d19cdef19_icgraph-eps-converted-to.pdf>
(epstopdf)                    date: 2026-10-04 22:46:44
(epstopdf)                    size: 6194 bytes
(epstopdf)             Command: <repstopdf --outfile=class_s_l_r_table_dialog_a
17fe3b231aed72646451205d19cdef19_icgraph-eps-converted-to.pdf class_s_l_r_table
_dialog_a17fe3b231aed72646451205d19cdef19_icgraph.eps>
(epstopdf)             \includegraphics on input line 140.
Package epstopdf Info: Output file is already uptodate.
 <./class_s_l_r_table_dialog_a17fe3b231aed72646451205d19cdef19_icgraph-eps-conv
erted-to.pdf>
<class_s_l_r_table_dialog_a17fe3b231aed72646451205d19cdef19_icgraph-eps-convert
ed-to.pdf, id=10308, 530.98375pt x 72.27pt>
File: class_s_l_r_table_dialog_a17fe3b231aed72646451205d19cdef19_icgraph-eps-co
nverted-to.pdf Graphic file (type pdf)
<use class_s_l_r_table_dialog_a17fe3b231aed72646451205d19cdef19_icgraph-eps-con
verted-to.pdf>
Package pdftex.def Info: class_s_l_r_table_dialog_a17fe3b231aed72646451205d19cd
ef19_icgraph-eps-converted-to.pdf  used on input line 140.
(pdftex.def)             Requested size: 350.0pt x 47.63768pt.
 [163]
Package epstopdf Info: Source file: <class_s_l_r_table_dialog_aa20290eafe616ab7
fa02467426895d84_icgraph.eps>
(epstopdf)                    date: 2026-10-04 22:45:38
(epstopdf)                    size: 6907 bytes
(epstopdf)             Output file: <class_s_l_r_table_dialog_aa20290eafe616ab7
fa02467426895d84_icgraph-eps-converted-to.pdf>
(epstopdf)                    date: 2026-10-04 22:46:44
(epstopdf)                    size: 5988 bytes
(epstopdf)             Command: <repstopdf --outfile=class_s_l_r_table_dialog_a
a20290eafe616ab7fa02467426895d84_icgraph-eps-converted-to.pdf class_s_l_r_table
_dialog_aa20290eafe616ab7fa02467426895d84_icgraph.eps>
(epstopdf)             \includegraphics on input line 200.
Package epstopdf Info: Output file is already uptodate.
 <./class_s_l_r_table_dialog_aa20290eafe616ab7fa02467426895d84_icgraph-eps-conv
erted-to.pdf>
<class_s_l_r_table_dialog_aa20290eafe616ab7fa02467426895d84_icgraph-eps-convert
ed-to.pdf, id=10323, 512.91624pt x 51.19125pt>
File: class_s_l_r_table_dialog_aa20290eafe616ab7fa02467426895d84_icgraph-eps-co
nverted-to.pdf Graphic file (type pdf)
<use class_s_l_r_table_dialog_aa20290eafe616ab7fa02467426895d84_icgraph-eps-con
verted-to.pdf>
Package pdftex.def Info: class_s_l_r_table_dialog_aa20290eafe616ab7fa0246742689
5d84_icgraph-eps-converted-to.pdf  used on input line 200.
(pdftex.def)             Requested size: 350.0pt x 34.93143pt.
Package epstopdf Info: Source file: <class_s_l_r_table_dialog_a56a2b448edc23e99
a52d9a87c3ffd6fb_icgraph.eps>
(epstopdf)                    date: 2026-10-04 22:45:38
(epstopdf)                    size: 7441 bytes
(epstopdf)             Output file: <class_s_l_r_table_dialog_a56a2b448edc23e99
a52d9a87c3ffd6fb_icgraph-eps-converted-to.pdf>
(epstopdf)                    date: 2026-10-04 22:46:44
(epstopdf)                    size: 6179 bytes
(epstopdf)             Command: <repstopdf --outfile=class_s_l_r_table_dialog_a
56a2b448edc23e99a52d9a87c3ffd6fb_icgraph-eps-converted-to.pdf class_s_l_r_table
_dialog_a56a2b448edc23e99a52d9a87c3ffd6fb_icgraph.eps>
(epstopdf)             \includegraphics on input line 214.
Package epstopdf Info: Output file is already uptodate.
 <./class_s_l_r_table_dialog_a56a2b448edc23e99a52d9a87c3ffd6fb_icgraph-eps-conv
erted-to.pdf>
<class_s_l_r_table_dialog_a56a2b448edc23e99a52d9a87c3ffd6fb_icgraph-eps-convert
ed-to.pdf, id=10330, 497.86pt x 72.27pt>
File: class_s_l_r_table_dialog_a56a2b448edc23e99a52d9a87c3ffd6fb_icgraph-eps-co
nverted-to.pdf Graphic file (type pdf)
<use class_s_l_r_table_dialog_a56a2b448edc23e99a52d9a87c3ffd6fb_icgraph-eps-con
verted-to.pdf>
Package pdftex.def Info: class_s_l_r_table_dialog_a56a2b448edc23e99a52d9a87c3ff
d6fb_icgraph-eps-converted-to.pdf  used on input line 214.
(pdftex.def)             Requested size: 350.0pt x 50.80698pt.
)
(./class_s_l_r_tutor_window.tex
Package epstopdf Info: Source file: <class_s_l_r_tutor_window__inherit__graph.e
ps>
(epstopdf)                    date: 2026-10-04 22:45:38
(epstopdf)                    size: 5125 bytes
(epstopdf)             Output file: <class_s_l_r_tutor_window__inherit__graph-e
ps-converted-to.pdf>
(epstopdf)                    date: 2026-10-04 22:46:44
(epstopdf)                    size: 5068 bytes
(epstopdf)             Command: <repstopdf --outfile=class_s_l_r_tutor_window__
inherit__graph-eps-converted-to.pdf class_s_l_r_tutor_window__inherit__graph.ep
s>
(epstopdf)             \includegraphics on input line 19.
Package epstopdf Info: Output file is already uptodate.
 <./class_s_l_r_tutor_window__inherit__graph-eps-converted-to.pdf>
<class_s_l_r_tutor_window__inherit__graph-eps-converted-to.pdf, id=10343, 101.3
7875pt x 83.31125pt>
File: class_s_l_r_tutor_window__inherit__graph-eps-converted-to.pdf Graphic fil
e (type pdf)
<use class_s_l_r_tutor_window__inherit__graph-eps-converted-to.pdf>
Package pdftex.def Info: class_s_l_r_tutor_window__inherit__graph-eps-converted
-to.pdf  used on input line 19.
(pdftex.def)             Requested size: 137.0pt x 112.58736pt.
Package epstopdf Info: Source file: <class_s_l_r_tutor_window__coll__graph.eps>

(epstopdf)                    date: 2026-10-04 22:45:38
(epstopdf)                    size: 5125 bytes
(epstopdf)             Output file: <class_s_l_r_tutor_window__coll__graph-eps-
converted-to.pdf>
(epstopdf)                    date: 2026-10-04 22:46:44
(epstopdf)                    size: 5068 bytes
(epstopdf)             Command: <repstopdf --outfile=class_s_l_r_tutor_window__
coll__graph-eps-converted-to.pdf class_s_l_r_tutor_window__coll__graph.eps>
(epstopdf)             \includegraphics on input line 29.
Package epstopdf Info: Output file is already uptodate.
 <./class_s_l_r_tutor_window__coll__graph-eps-converted-to.pdf>
<class_s_l_r_tutor_window__coll__graph-eps-converted-to.pdf, id=10350, 101.3787
5pt x 83.31125pt>
File: class_s_l_r_tutor_window__coll__graph-eps-converted-to.pdf Graphic file (
type pdf)
<use class_s_l_r_tutor_window__coll__graph-eps-converted-to.pdf>
Package pdftex.def Info: class_s_l_r_tutor_window__coll__graph-eps-converted-to
.pdf  used on input line 29.
(pdftex.def)             Requested size: 137.0pt x 112.58736pt.
 [164] [165] [166] [167]
Package epstopdf Info: Source file: <class_s_l_r_tutor_window_a641f5c3e9a573b45
adcc3b86253d0ac4_cgraph.eps>
(epstopdf)                    date: 2026-10-04 22:45:39
(epstopdf)                    size: 4919 bytes
(epstopdf)             Output file: <class_s_l_r_tutor_window_a641f5c3e9a573b45
adcc3b86253d0ac4_cgraph-eps-converted-to.pdf>
(epstopdf)                    date: 2026-10-04 22:46:45
(epstopdf)                    size: 4821 bytes
(epstopdf)             Command: <repstopdf --outfile=class_s_l_r_tutor_window_a
641f5c3e9a573b45adcc3b86253d0ac4_cgraph-eps-converted-to.pdf class_s_l_r_tutor_
window_a641f5c3e9a573b45adcc3b86253d0ac4_cgraph.eps>
(epstopdf)             \includegraphics on input line 294.
Package epstopdf Info: Output file is already uptodate.
 <./class_s_l_r_tutor_window_a641f5c3e9a573b45adcc3b86253d0ac4_cgraph-eps-conve
rted-to.pdf>
<class_s_l_r_tutor_window_a641f5c3e9a573b45adcc3b86253d0ac4_cgraph-eps-converte
d-to.pdf, id=10737, 149.55875pt x 57.21375pt>
File: class_s_l_r_tutor_window_a641f5c3e9a573b45adcc3b86253d0ac4_cgraph-eps-con
verted-to.pdf Graphic file (type pdf)
<use class_s_l_r_tutor_window_a641f5c3e9a573b45adcc3b86253d0ac4_cgraph-eps-conv
erted-to.pdf>
Package pdftex.def Info: class_s_l_r_tutor_window_a641f5c3e9a573b45adcc3b86253d
0ac4_cgraph-eps-converted-to.pdf  used on input line 294.
(pdftex.def)             Requested size: 185.0pt x 70.77667pt.
Package epstopdf Info: Source file: <class_s_l_r_tutor_window_a641f5c3e9a573b45
adcc3b86253d0ac4_icgraph.eps>
(epstopdf)                    date: 2026-10-04 22:45:39
(epstopdf)                    size: 9186 bytes
(epstopdf)             Output file: <class_s_l_r_tutor_window_a641f5c3e9a573b45
adcc3b86253d0ac4_icgraph-eps-converted-to.pdf>
(epstopdf)                    date: 2026-10-04 22:46:45
(epstopdf)                    size: 7188 bytes
(epstopdf)             Command: <repstopdf --outfile=class_s_l_r_tutor_window_a
641f5c3e9a573b45adcc3b86253d0ac4_icgraph-eps-converted-to.pdf class_s_l_r_tutor
_window_a641f5c3e9a573b45adcc3b86253d0ac4_icgraph.eps>
(epstopdf)             \includegraphics on input line 302.
Package epstopdf Info: Output file is already uptodate.
 <./class_s_l_r_tutor_window_a641f5c3e9a573b45adcc3b86253d0ac4_icgraph-eps-conv
erted-to.pdf>
<class_s_l_r_tutor_window_a641f5c3e9a573b45adcc3b86253d0ac4_icgraph-eps-convert
ed-to.pdf, id=10744, 567.11874pt x 125.46875pt>
File: class_s_l_r_tutor_window_a641f5c3e9a573b45adcc3b86253d0ac4_icgraph-eps-co
nverted-to.pdf Graphic file (type pdf)
<use class_s_l_r_tutor_window_a641f5c3e9a573b45adcc3b86253d0ac4_icgraph-eps-con
verted-to.pdf>
Package pdftex.def Info: class_s_l_r_tutor_window_a641f5c3e9a573b45adcc3b86253d
0ac4_icgraph-eps-converted-to.pdf  used on input line 302.
(pdftex.def)             Requested size: 350.0pt x 77.43562pt.
Package epstopdf Info: Source file: <class_s_l_r_tutor_window_a378858d91aa3551d
c59e33ffd5b0065f_icgraph.eps>
(epstopdf)                    date: 2026-10-04 22:45:38
(epstopdf)                    size: 5363 bytes
(epstopdf)             Output file: <class_s_l_r_tutor_window_a378858d91aa3551d
c59e33ffd5b0065f_icgraph-eps-converted-to.pdf>
(epstopdf)                    date: 2026-10-04 22:46:45
(epstopdf)                    size: 5607 bytes
(epstopdf)             Command: <repstopdf --outfile=class_s_l_r_tutor_window_a
378858d91aa3551dc59e33ffd5b0065f_icgraph-eps-converted-to.pdf class_s_l_r_tutor
_window_a378858d91aa3551dc59e33ffd5b0065f_icgraph.eps>
(epstopdf)             \includegraphics on input line 350.
Package epstopdf Info: Output file is already uptodate.
 <./class_s_l_r_tutor_window_a378858d91aa3551dc59e33ffd5b0065f_icgraph-eps-conv
erted-to.pdf>
<class_s_l_r_tutor_window_a378858d91aa3551dc59e33ffd5b0065f_icgraph-eps-convert
ed-to.pdf, id=10751, 382.42876pt x 27.10126pt>
File: class_s_l_r_tutor_window_a378858d91aa3551dc59e33ffd5b0065f_icgraph-eps-co
nverted-to.pdf Graphic file (type pdf)
<use class_s_l_r_tutor_window_a378858d91aa3551dc59e33ffd5b0065f_icgraph-eps-con
verted-to.pdf>
Package pdftex.def Info: class_s_l_r_tutor_window_a378858d91aa3551dc59e33ffd5b0
065f_icgraph-eps-converted-to.pdf  used on input line 350.
(pdftex.def)             Requested size: 350.0pt x 24.80443pt.
 [168]
Package epstopdf Info: Source file: <class_s_l_r_tutor_window_a60a2dd5a7a890a48
44d40a400fa9426e_icgraph.eps>
(epstopdf)                    date: 2026-10-04 22:45:38
(epstopdf)                    size: 5366 bytes
(epstopdf)             Output file: <class_s_l_r_tutor_window_a60a2dd5a7a890a48
44d40a400fa9426e_icgraph-eps-converted-to.pdf>
(epstopdf)                    date: 2026-10-04 22:46:45
(epstopdf)                    size: 5620 bytes
(epstopdf)             Command: <repstopdf --outfile=class_s_l_r_tutor_window_a
60a2dd5a7a890a4844d40a400fa9426e_icgraph-eps-converted-to.pdf class_s_l_r_tutor
_window_a60a2dd5a7a890a4844d40a400fa9426e_icgraph.eps>
(epstopdf)             \includegraphics on input line 368.
Package epstopdf Info: Output file is already uptodate.
 <./class_s_l_r_tutor_window_a60a2dd5a7a890a4844d40a400fa9426e_icgraph-eps-conv
erted-to.pdf>
<class_s_l_r_tutor_window_a60a2dd5a7a890a4844d40a400fa9426e_icgraph-eps-convert
ed-to.pdf, id=10767, 401.5pt x 27.10126pt>
File: class_s_l_r_tutor_window_a60a2dd5a7a890a4844d40a400fa9426e_icgraph-eps-co
nverted-to.pdf Graphic file (type pdf)
<use class_s_l_r_tutor_window_a60a2dd5a7a890a4844d40a400fa9426e_icgraph-eps-con
verted-to.pdf>
Package pdftex.def Info: class_s_l_r_tutor_window_a60a2dd5a7a890a4844d40a400fa9
426e_icgraph-eps-converted-to.pdf  used on input line 368.
(pdftex.def)             Requested size: 350.0pt x 23.62668pt.
Package epstopdf Info: Source file: <class_s_l_r_tutor_window_ac6424e0da7c4efcc
0d4252d3893534b7_icgraph.eps>
(epstopdf)                    date: 2026-10-04 22:45:38
(epstopdf)                    size: 5473 bytes
(epstopdf)             Output file: <class_s_l_r_tutor_window_ac6424e0da7c4efcc
0d4252d3893534b7_icgraph-eps-converted-to.pdf>
(epstopdf)                    date: 2026-10-04 22:46:45
(epstopdf)                    size: 5736 bytes
(epstopdf)             Command: <repstopdf --outfile=class_s_l_r_tutor_window_a
c6424e0da7c4efcc0d4252d3893534b7_icgraph-eps-converted-to.pdf class_s_l_r_tutor
_window_ac6424e0da7c4efcc0d4252d3893534b7_icgraph.eps>
(epstopdf)             \includegraphics on input line 388.
Package epstopdf Info: Output file is already uptodate.
 <./class_s_l_r_tutor_window_ac6424e0da7c4efcc0d4252d3893534b7_icgraph-eps-conv
erted-to.pdf>
<class_s_l_r_tutor_window_ac6424e0da7c4efcc0d4252d3893534b7_icgraph-eps-convert
ed-to.pdf, id=10774, 379.4175pt x 39.14626pt>
File: class_s_l_r_tutor_window_ac6424e0da7c4efcc0d4252d3893534b7_icgraph-eps-co
nverted-to.pdf Graphic file (type pdf)
<use class_s_l_r_tutor_window_ac6424e0da7c4efcc0d4252d3893534b7_icgraph-eps-con
verted-to.pdf>
Package pdftex.def Info: class_s_l_r_tutor_window_ac6424e0da7c4efcc0d4252d38935
34b7_icgraph-eps-converted-to.pdf  used on input line 388.
(pdftex.def)             Requested size: 350.0pt x 36.11174pt.
Package epstopdf Info: Source file: <class_s_l_r_tutor_window_a8ab34eb8e961b0ee
a0ade0caea85e3c0_icgraph.eps>
(epstopdf)                    date: 2026-10-04 22:45:38
(epstopdf)                    size: 5370 bytes
(epstopdf)             Output file: <class_s_l_r_tutor_window_a8ab34eb8e961b0ee
a0ade0caea85e3c0_icgraph-eps-converted-to.pdf>
(epstopdf)                    date: 2026-10-04 22:46:45
(epstopdf)                    size: 5751 bytes
(epstopdf)             Command: <repstopdf --outfile=class_s_l_r_tutor_window_a
8ab34eb8e961b0eea0ade0caea85e3c0_icgraph-eps-converted-to.pdf class_s_l_r_tutor
_window_a8ab34eb8e961b0eea0ade0caea85e3c0_icgraph.eps>
(epstopdf)             \includegraphics on input line 402.
Package epstopdf Info: Output file is already uptodate.
 <./class_s_l_r_tutor_window_a8ab34eb8e961b0eea0ade0caea85e3c0_icgraph-eps-conv
erted-to.pdf>
<class_s_l_r_tutor_window_a8ab34eb8e961b0eea0ade0caea85e3c0_icgraph-eps-convert
ed-to.pdf, id=10781, 397.485pt x 27.10126pt>
File: class_s_l_r_tutor_window_a8ab34eb8e961b0eea0ade0caea85e3c0_icgraph-eps-co
nverted-to.pdf Graphic file (type pdf)
<use class_s_l_r_tutor_window_a8ab34eb8e961b0eea0ade0caea85e3c0_icgraph-eps-con
verted-to.pdf>
Package pdftex.def Info: class_s_l_r_tutor_window_a8ab34eb8e961b0eea0ade0caea85
e3c0_icgraph-eps-converted-to.pdf  used on input line 402.
(pdftex.def)             Requested size: 350.0pt x 23.86447pt.
Package epstopdf Info: Source file: <class_s_l_r_tutor_window_ab8f085e7e965cf3a
a3cfc881ec724b80_cgraph.eps>
(epstopdf)                    date: 2026-10-04 22:45:38
(epstopdf)                    size: 6505 bytes
(epstopdf)             Output file: <class_s_l_r_tutor_window_ab8f085e7e965cf3a
a3cfc881ec724b80_cgraph-eps-converted-to.pdf>
(epstopdf)                    date: 2026-10-04 22:46:46
(epstopdf)                    size: 6268 bytes
(epstopdf)             Command: <repstopdf --outfile=class_s_l_r_tutor_window_a
b8f085e7e965cf3aa3cfc881ec724b80_cgraph-eps-converted-to.pdf class_s_l_r_tutor_
window_ab8f085e7e965cf3aa3cfc881ec724b80_cgraph.eps>
(epstopdf)             \includegraphics on input line 420.
Package epstopdf Info: Output file is already uptodate.
 <./class_s_l_r_tutor_window_ab8f085e7e965cf3aa3cfc881ec724b80_cgraph-eps-conve
rted-to.pdf>
<class_s_l_r_tutor_window_ab8f085e7e965cf3aa3cfc881ec724b80_cgraph-eps-converte
d-to.pdf, id=10788, 481.8pt x 39.14626pt>
File: class_s_l_r_tutor_window_ab8f085e7e965cf3aa3cfc881ec724b80_cgraph-eps-con
verted-to.pdf Graphic file (type pdf)
<use class_s_l_r_tutor_window_ab8f085e7e965cf3aa3cfc881ec724b80_cgraph-eps-conv
erted-to.pdf>
Package pdftex.def Info: class_s_l_r_tutor_window_ab8f085e7e965cf3aa3cfc881ec72
4b80_cgraph-eps-converted-to.pdf  used on input line 420.
(pdftex.def)             Requested size: 350.0pt x 28.43793pt.
Package epstopdf Info: Source file: <class_s_l_r_tutor_window_ad245be15ddf8194f
f4ba179d485c20ae_cgraph.eps>
(epstopdf)                    date: 2026-10-04 22:45:39
(epstopdf)                    size: 6988 bytes
(epstopdf)             Output file: <class_s_l_r_tutor_window_ad245be15ddf8194f
f4ba179d485c20ae_cgraph-eps-converted-to.pdf>
(epstopdf)                    date: 2026-10-04 22:46:46
(epstopdf)                    size: 6255 bytes
(epstopdf)             Command: <repstopdf --outfile=class_s_l_r_tutor_window_a
d245be15ddf8194ff4ba179d485c20ae_cgraph-eps-converted-to.pdf class_s_l_r_tutor_
window_ad245be15ddf8194ff4ba179d485c20ae_cgraph.eps>
(epstopdf)             \includegraphics on input line 438.
Package epstopdf Info: Output file is already uptodate.
 <./class_s_l_r_tutor_window_ad245be15ddf8194ff4ba179d485c20ae_cgraph-eps-conve
rted-to.pdf>
<class_s_l_r_tutor_window_ad245be15ddf8194ff4ba179d485c20ae_cgraph-eps-converte
d-to.pdf, id=10799, 567.11874pt x 57.21375pt>
File: class_s_l_r_tutor_window_ad245be15ddf8194ff4ba179d485c20ae_cgraph-eps-con
verted-to.pdf Graphic file (type pdf)
<use class_s_l_r_tutor_window_ad245be15ddf8194ff4ba179d485c20ae_cgraph-eps-conv
erted-to.pdf>
Package pdftex.def Info: class_s_l_r_tutor_window_ad245be15ddf8194ff4ba179d485c
20ae_cgraph-eps-converted-to.pdf  used on input line 438.
(pdftex.def)             Requested size: 350.0pt x 35.31064pt.
 [169]
Package epstopdf Info: Source file: <class_s_l_r_tutor_window_afcbe8c07ade16d53
d53cc87dcd40d44b_cgraph.eps>
(epstopdf)                    date: 2026-10-04 22:45:38
(epstopdf)                    size: 5336 bytes
(epstopdf)             Output file: <class_s_l_r_tutor_window_afcbe8c07ade16d53
d53cc87dcd40d44b_cgraph-eps-converted-to.pdf>
(epstopdf)                    date: 2026-10-04 22:46:46
(epstopdf)                    size: 5436 bytes
(epstopdf)             Command: <repstopdf --outfile=class_s_l_r_tutor_window_a
fcbe8c07ade16d53d53cc87dcd40d44b_cgraph-eps-converted-to.pdf class_s_l_r_tutor_
window_afcbe8c07ade16d53d53cc87dcd40d44b_cgraph.eps>
(epstopdf)             \includegraphics on input line 452.
Package epstopdf Info: Output file is already uptodate.
 <./class_s_l_r_tutor_window_afcbe8c07ade16d53d53cc87dcd40d44b_cgraph-eps-conve
rted-to.pdf>
<class_s_l_r_tutor_window_afcbe8c07ade16d53d53cc87dcd40d44b_cgraph-eps-converte
d-to.pdf, id=10814, 363.3575pt x 27.10126pt>
File: class_s_l_r_tutor_window_afcbe8c07ade16d53d53cc87dcd40d44b_cgraph-eps-con
verted-to.pdf Graphic file (type pdf)
<use class_s_l_r_tutor_window_afcbe8c07ade16d53d53cc87dcd40d44b_cgraph-eps-conv
erted-to.pdf>
Package pdftex.def Info: class_s_l_r_tutor_window_afcbe8c07ade16d53d53cc87dcd40
d44b_cgraph-eps-converted-to.pdf  used on input line 452.
(pdftex.def)             Requested size: 350.0pt x 26.1058pt.
Package epstopdf Info: Source file: <class_s_l_r_tutor_window_a0b5b4c79d47e3203
e6df677523a5020e_icgraph.eps>
(epstopdf)                    date: 2026-10-04 22:45:38
(epstopdf)                    size: 7048 bytes
(epstopdf)             Output file: <class_s_l_r_tutor_window_a0b5b4c79d47e3203
e6df677523a5020e_icgraph-eps-converted-to.pdf>
(epstopdf)                    date: 2026-10-04 22:46:46
(epstopdf)                    size: 6475 bytes
(epstopdf)             Command: <repstopdf --outfile=class_s_l_r_tutor_window_a
0b5b4c79d47e3203e6df677523a5020e_icgraph-eps-converted-to.pdf class_s_l_r_tutor
_window_a0b5b4c79d47e3203e6df677523a5020e_icgraph.eps>
(epstopdf)             \includegraphics on input line 466.
Package epstopdf Info: Output file is already uptodate.
 <./class_s_l_r_tutor_window_a0b5b4c79d47e3203e6df677523a5020e_icgraph-eps-conv
erted-to.pdf>
<class_s_l_r_tutor_window_a0b5b4c79d47e3203e6df677523a5020e_icgraph-eps-convert
ed-to.pdf, id=10821, 340.27126pt x 94.3525pt>
File: class_s_l_r_tutor_window_a0b5b4c79d47e3203e6df677523a5020e_icgraph-eps-co
nverted-to.pdf Graphic file (type pdf)
<use class_s_l_r_tutor_window_a0b5b4c79d47e3203e6df677523a5020e_icgraph-eps-con
verted-to.pdf>
Package pdftex.def Info: class_s_l_r_tutor_window_a0b5b4c79d47e3203e6df677523a5
020e_icgraph-eps-converted-to.pdf  used on input line 466.
(pdftex.def)             Requested size: 350.0pt x 97.05457pt.
Package epstopdf Info: Source file: <class_s_l_r_tutor_window_a9aa83ace6f8e933a
0f02b4018b468505_icgraph.eps>
(epstopdf)                    date: 2026-10-04 22:45:38
(epstopdf)                    size: 5435 bytes
(epstopdf)             Output file: <class_s_l_r_tutor_window_a9aa83ace6f8e933a
0f02b4018b468505_icgraph-eps-converted-to.pdf>
(epstopdf)                    date: 2026-10-04 22:46:46
(epstopdf)                    size: 5918 bytes
(epstopdf)             Command: <repstopdf --outfile=class_s_l_r_tutor_window_a
9aa83ace6f8e933a0f02b4018b468505_icgraph-eps-converted-to.pdf class_s_l_r_tutor
_window_a9aa83ace6f8e933a0f02b4018b468505_icgraph.eps>
(epstopdf)             \includegraphics on input line 490.
Package epstopdf Info: Output file is already uptodate.
 <./class_s_l_r_tutor_window_a9aa83ace6f8e933a0f02b4018b468505_icgraph-eps-conv
erted-to.pdf>
<class_s_l_r_tutor_window_a9aa83ace6f8e933a0f02b4018b468505_icgraph-eps-convert
ed-to.pdf, id=10828, 361.35pt x 39.14626pt>
File: class_s_l_r_tutor_window_a9aa83ace6f8e933a0f02b4018b468505_icgraph-eps-co
nverted-to.pdf Graphic file (type pdf)
<use class_s_l_r_tutor_window_a9aa83ace6f8e933a0f02b4018b468505_icgraph-eps-con
verted-to.pdf>
Package pdftex.def Info: class_s_l_r_tutor_window_a9aa83ace6f8e933a0f02b4018b46
8505_icgraph-eps-converted-to.pdf  used on input line 490.
(pdftex.def)             Requested size: 350.0pt x 37.91685pt.
 [170]
Package epstopdf Info: Source file: <class_s_l_r_tutor_window_a33405c5d1473d6a2
44cd22ab7e3aa758_cgraph.eps>
(epstopdf)                    date: 2026-10-04 22:45:38
(epstopdf)                    size: 25776 bytes
(epstopdf)             Output file: <class_s_l_r_tutor_window_a33405c5d1473d6a2
44cd22ab7e3aa758_cgraph-eps-converted-to.pdf>
(epstopdf)                    date: 2026-10-04 22:46:46
(epstopdf)                    size: 9945 bytes
(epstopdf)             Command: <repstopdf --outfile=class_s_l_r_tutor_window_a
33405c5d1473d6a244cd22ab7e3aa758_cgraph-eps-converted-to.pdf class_s_l_r_tutor_
window_a33405c5d1473d6a244cd22ab7e3aa758_cgraph.eps>
(epstopdf)             \includegraphics on input line 510.
Package epstopdf Info: Output file is already uptodate.
 <./class_s_l_r_tutor_window_a33405c5d1473d6a244cd22ab7e3aa758_cgraph-eps-conve
rted-to.pdf>
<class_s_l_r_tutor_window_a33405c5d1473d6a244cd22ab7e3aa758_cgraph-eps-converte
d-to.pdf, id=10843, 1230.5975pt x 363.3575pt>
File: class_s_l_r_tutor_window_a33405c5d1473d6a244cd22ab7e3aa758_cgraph-eps-con
verted-to.pdf Graphic file (type pdf)
<use class_s_l_r_tutor_window_a33405c5d1473d6a244cd22ab7e3aa758_cgraph-eps-conv
erted-to.pdf>
Package pdftex.def Info: class_s_l_r_tutor_window_a33405c5d1473d6a244cd22ab7e3a
a758_cgraph-eps-converted-to.pdf  used on input line 510.
(pdftex.def)             Requested size: 350.0pt x 103.34172pt.
Package epstopdf Info: Source file: <class_s_l_r_tutor_window_a33405c5d1473d6a2
44cd22ab7e3aa758_icgraph.eps>
(epstopdf)                    date: 2026-10-04 22:45:38
(epstopdf)                    size: 5523 bytes
(epstopdf)             Output file: <class_s_l_r_tutor_window_a33405c5d1473d6a2
44cd22ab7e3aa758_icgraph-eps-converted-to.pdf>
(epstopdf)                    date: 2026-10-04 22:46:47
(epstopdf)                    size: 6033 bytes
(epstopdf)             Command: <repstopdf --outfile=class_s_l_r_tutor_window_a
33405c5d1473d6a244cd22ab7e3aa758_icgraph-eps-converted-to.pdf class_s_l_r_tutor
_window_a33405c5d1473d6a244cd22ab7e3aa758_icgraph.eps>
(epstopdf)             \includegraphics on input line 518.
Package epstopdf Info: Output file is already uptodate.
 <./class_s_l_r_tutor_window_a33405c5d1473d6a244cd22ab7e3aa758_icgraph-eps-conv
erted-to.pdf>
<class_s_l_r_tutor_window_a33405c5d1473d6a244cd22ab7e3aa758_icgraph-eps-convert
ed-to.pdf, id=10850, 366.36874pt x 39.14626pt>
File: class_s_l_r_tutor_window_a33405c5d1473d6a244cd22ab7e3aa758_icgraph-eps-co
nverted-to.pdf Graphic file (type pdf)
<use class_s_l_r_tutor_window_a33405c5d1473d6a244cd22ab7e3aa758_icgraph-eps-con
verted-to.pdf>
Package pdftex.def Info: class_s_l_r_tutor_window_a33405c5d1473d6a244cd22ab7e3a
a758_icgraph-eps-converted-to.pdf  used on input line 518.
(pdftex.def)             Requested size: 350.0pt x 37.39957pt.
Package epstopdf Info: Source file: <class_s_l_r_tutor_window_a0688f86822e79e77
b8d8c75c0b6d11a0_icgraph.eps>
(epstopdf)                    date: 2026-10-04 22:45:38
(epstopdf)                    size: 5304 bytes
(epstopdf)             Output file: <class_s_l_r_tutor_window_a0688f86822e79e77
b8d8c75c0b6d11a0_icgraph-eps-converted-to.pdf>
(epstopdf)                    date: 2026-10-04 22:46:47
(epstopdf)                    size: 5610 bytes
(epstopdf)             Command: <repstopdf --outfile=class_s_l_r_tutor_window_a
0688f86822e79e77b8d8c75c0b6d11a0_icgraph-eps-converted-to.pdf class_s_l_r_tutor
_window_a0688f86822e79e77b8d8c75c0b6d11a0_icgraph.eps>
(epstopdf)             \includegraphics on input line 532.
Package epstopdf Info: Output file is already uptodate.
 <./class_s_l_r_tutor_window_a0688f86822e79e77b8d8c75c0b6d11a0_icgraph-eps-conv
erted-to.pdf>
<class_s_l_r_tutor_window_a0688f86822e79e77b8d8c75c0b6d11a0_icgraph-eps-convert
ed-to.pdf, id=10857, 317.185pt x 27.10126pt>
File: class_s_l_r_tutor_window_a0688f86822e79e77b8d8c75c0b6d11a0_icgraph-eps-co
nverted-to.pdf Graphic file (type pdf)
<use class_s_l_r_tutor_window_a0688f86822e79e77b8d8c75c0b6d11a0_icgraph-eps-con
verted-to.pdf>
Package pdftex.def Info: class_s_l_r_tutor_window_a0688f86822e79e77b8d8c75c0b6d
11a0_icgraph-eps-converted-to.pdf  used on input line 532.
(pdftex.def)             Requested size: 350.0pt x 29.9074pt.
Package epstopdf Info: Source file: <class_s_l_r_tutor_window_a3f8550628cfe1972
953e7d84df29e1c0_cgraph.eps>
(epstopdf)                    date: 2026-10-04 22:45:38
(epstopdf)                    size: 8760 bytes
(epstopdf)             Output file: <class_s_l_r_tutor_window_a3f8550628cfe1972
953e7d84df29e1c0_cgraph-eps-converted-to.pdf>
(epstopdf)                    date: 2026-10-04 22:46:47
(epstopdf)                    size: 6502 bytes
(epstopdf)             Command: <repstopdf --outfile=class_s_l_r_tutor_window_a
3f8550628cfe1972953e7d84df29e1c0_cgraph-eps-converted-to.pdf class_s_l_r_tutor_
window_a3f8550628cfe1972953e7d84df29e1c0_cgraph.eps>
(epstopdf)             \includegraphics on input line 546.
Package epstopdf Info: Output file is already uptodate.
 <./class_s_l_r_tutor_window_a3f8550628cfe1972953e7d84df29e1c0_cgraph-eps-conve
rted-to.pdf>
<class_s_l_r_tutor_window_a3f8550628cfe1972953e7d84df29e1c0_cgraph-eps-converte
d-to.pdf, id=10864, 366.36874pt x 174.6525pt>
File: class_s_l_r_tutor_window_a3f8550628cfe1972953e7d84df29e1c0_cgraph-eps-con
verted-to.pdf Graphic file (type pdf)
<use class_s_l_r_tutor_window_a3f8550628cfe1972953e7d84df29e1c0_cgraph-eps-conv
erted-to.pdf>
Package pdftex.def Info: class_s_l_r_tutor_window_a3f8550628cfe1972953e7d84df29
e1c0_cgraph-eps-converted-to.pdf  used on input line 546.
(pdftex.def)             Requested size: 350.0pt x 166.85966pt.
Package epstopdf Info: Source file: <class_s_l_r_tutor_window_a3f8550628cfe1972
953e7d84df29e1c0_icgraph.eps>
(epstopdf)                    date: 2026-10-04 22:45:38
(epstopdf)                    size: 5313 bytes
(epstopdf)             Output file: <class_s_l_r_tutor_window_a3f8550628cfe1972
953e7d84df29e1c0_icgraph-eps-converted-to.pdf>
(epstopdf)                    date: 2026-10-04 22:46:47
(epstopdf)                    size: 5720 bytes
(epstopdf)             Command: <repstopdf --outfile=class_s_l_r_tutor_window_a
3f8550628cfe1972953e7d84df29e1c0_icgraph-eps-converted-to.pdf class_s_l_r_tutor
_window_a3f8550628cfe1972953e7d84df29e1c0_icgraph.eps>
(epstopdf)             \includegraphics on input line 554.
Package epstopdf Info: Output file is already uptodate.
 <./class_s_l_r_tutor_window_a3f8550628cfe1972953e7d84df29e1c0_icgraph-eps-conv
erted-to.pdf>
<class_s_l_r_tutor_window_a3f8550628cfe1972953e7d84df29e1c0_icgraph-eps-convert
ed-to.pdf, id=10871, 338.26375pt x 27.10126pt>
File: class_s_l_r_tutor_window_a3f8550628cfe1972953e7d84df29e1c0_icgraph-eps-co
nverted-to.pdf Graphic file (type pdf)
<use class_s_l_r_tutor_window_a3f8550628cfe1972953e7d84df29e1c0_icgraph-eps-con
verted-to.pdf>
Package pdftex.def Info: class_s_l_r_tutor_window_a3f8550628cfe1972953e7d84df29
e1c0_icgraph-eps-converted-to.pdf  used on input line 554.
(pdftex.def)             Requested size: 350.0pt x 28.04237pt.
 [171]
Package epstopdf Info: Source file: <class_s_l_r_tutor_window_adced8fed7316c1fc
adec47b3d2e3c4b0_cgraph.eps>
(epstopdf)                    date: 2026-10-04 22:45:38
(epstopdf)                    size: 6490 bytes
(epstopdf)             Output file: <class_s_l_r_tutor_window_adced8fed7316c1fc
adec47b3d2e3c4b0_cgraph-eps-converted-to.pdf>
(epstopdf)                    date: 2026-10-04 22:46:47
(epstopdf)                    size: 5862 bytes
(epstopdf)             Command: <repstopdf --outfile=class_s_l_r_tutor_window_a
dced8fed7316c1fcadec47b3d2e3c4b0_cgraph-eps-converted-to.pdf class_s_l_r_tutor_
window_adced8fed7316c1fcadec47b3d2e3c4b0_cgraph.eps>
(epstopdf)             \includegraphics on input line 568.
Package epstopdf Info: Output file is already uptodate.
 <./class_s_l_r_tutor_window_adced8fed7316c1fcadec47b3d2e3c4b0_cgraph-eps-conve
rted-to.pdf>
<class_s_l_r_tutor_window_adced8fed7316c1fcadec47b3d2e3c4b0_cgraph-eps-converte
d-to.pdf, id=10887, 344.28625pt x 76.285pt>
File: class_s_l_r_tutor_window_adced8fed7316c1fcadec47b3d2e3c4b0_cgraph-eps-con
verted-to.pdf Graphic file (type pdf)
<use class_s_l_r_tutor_window_adced8fed7316c1fcadec47b3d2e3c4b0_cgraph-eps-conv
erted-to.pdf>
Package pdftex.def Info: class_s_l_r_tutor_window_adced8fed7316c1fcadec47b3d2e3
c4b0_cgraph-eps-converted-to.pdf  used on input line 568.
(pdftex.def)             Requested size: 350.0pt x 77.55124pt.
Package epstopdf Info: Source file: <class_s_l_r_tutor_window_adced8fed7316c1fc
adec47b3d2e3c4b0_icgraph.eps>
(epstopdf)                    date: 2026-10-04 22:45:38
(epstopdf)                    size: 5413 bytes
(epstopdf)             Output file: <class_s_l_r_tutor_window_adced8fed7316c1fc
adec47b3d2e3c4b0_icgraph-eps-converted-to.pdf>
(epstopdf)                    date: 2026-10-04 22:46:47
(epstopdf)                    size: 5789 bytes
(epstopdf)             Command: <repstopdf --outfile=class_s_l_r_tutor_window_a
dced8fed7316c1fcadec47b3d2e3c4b0_icgraph-eps-converted-to.pdf class_s_l_r_tutor
_window_adced8fed7316c1fcadec47b3d2e3c4b0_icgraph.eps>
(epstopdf)             \includegraphics on input line 576.
Package epstopdf Info: Output file is already uptodate.
 <./class_s_l_r_tutor_window_adced8fed7316c1fcadec47b3d2e3c4b0_icgraph-eps-conv
erted-to.pdf>
<class_s_l_r_tutor_window_adced8fed7316c1fcadec47b3d2e3c4b0_icgraph-eps-convert
ed-to.pdf, id=10894, 317.185pt x 39.14626pt>
File: class_s_l_r_tutor_window_adced8fed7316c1fcadec47b3d2e3c4b0_icgraph-eps-co
nverted-to.pdf Graphic file (type pdf)
<use class_s_l_r_tutor_window_adced8fed7316c1fcadec47b3d2e3c4b0_icgraph-eps-con
verted-to.pdf>
Package pdftex.def Info: class_s_l_r_tutor_window_adced8fed7316c1fcadec47b3d2e3
c4b0_icgraph-eps-converted-to.pdf  used on input line 576.
(pdftex.def)             Requested size: 350.0pt x 43.19957pt.
Package epstopdf Info: Source file: <class_s_l_r_tutor_window_a72f11ac5dc89f324
a52ff0a69df43547_cgraph.eps>
(epstopdf)                    date: 2026-10-04 22:45:38
(epstopdf)                    size: 7597 bytes
(epstopdf)             Output file: <class_s_l_r_tutor_window_a72f11ac5dc89f324
a52ff0a69df43547_cgraph-eps-converted-to.pdf>
(epstopdf)                    date: 2026-10-04 22:46:48
(epstopdf)                    size: 6058 bytes
(epstopdf)             Command: <repstopdf --outfile=class_s_l_r_tutor_window_a
72f11ac5dc89f324a52ff0a69df43547_cgraph-eps-converted-to.pdf class_s_l_r_tutor_
window_a72f11ac5dc89f324a52ff0a69df43547_cgraph.eps>
(epstopdf)             \includegraphics on input line 590.
Package epstopdf Info: Output file is already uptodate.
 <./class_s_l_r_tutor_window_a72f11ac5dc89f324a52ff0a69df43547_cgraph-eps-conve
rted-to.pdf>
<class_s_l_r_tutor_window_a72f11ac5dc89f324a52ff0a69df43547_cgraph-eps-converte
d-to.pdf, id=10902, 343.2825pt x 125.46875pt>
File: class_s_l_r_tutor_window_a72f11ac5dc89f324a52ff0a69df43547_cgraph-eps-con
verted-to.pdf Graphic file (type pdf)
<use class_s_l_r_tutor_window_a72f11ac5dc89f324a52ff0a69df43547_cgraph-eps-conv
erted-to.pdf>
Package pdftex.def Info: class_s_l_r_tutor_window_a72f11ac5dc89f324a52ff0a69df4
3547_cgraph-eps-converted-to.pdf  used on input line 590.
(pdftex.def)             Requested size: 350.0pt x 127.9228pt.
Package epstopdf Info: Source file: <class_s_l_r_tutor_window_a72f11ac5dc89f324
a52ff0a69df43547_icgraph.eps>
(epstopdf)                    date: 2026-10-04 22:45:38
(epstopdf)                    size: 5413 bytes
(epstopdf)             Output file: <class_s_l_r_tutor_window_a72f11ac5dc89f324
a52ff0a69df43547_icgraph-eps-converted-to.pdf>
(epstopdf)                    date: 2026-10-04 22:46:48
(epstopdf)                    size: 5859 bytes
(epstopdf)             Command: <repstopdf --outfile=class_s_l_r_tutor_window_a
72f11ac5dc89f324a52ff0a69df43547_icgraph-eps-converted-to.pdf class_s_l_r_tutor
_window_a72f11ac5dc89f324a52ff0a69df43547_icgraph.eps>
(epstopdf)             \includegraphics on input line 598.
Package epstopdf Info: Output file is already uptodate.
 <./class_s_l_r_tutor_window_a72f11ac5dc89f324a52ff0a69df43547_icgraph-eps-conv
erted-to.pdf>
<class_s_l_r_tutor_window_a72f11ac5dc89f324a52ff0a69df43547_icgraph-eps-convert
ed-to.pdf, id=10909, 317.185pt x 39.14626pt>
File: class_s_l_r_tutor_window_a72f11ac5dc89f324a52ff0a69df43547_icgraph-eps-co
nverted-to.pdf Graphic file (type pdf)
<use class_s_l_r_tutor_window_a72f11ac5dc89f324a52ff0a69df43547_icgraph-eps-con
verted-to.pdf>
Package pdftex.def Info: class_s_l_r_tutor_window_a72f11ac5dc89f324a52ff0a69df4
3547_icgraph-eps-converted-to.pdf  used on input line 598.
(pdftex.def)             Requested size: 350.0pt x 43.19957pt.
Package epstopdf Info: Source file: <class_s_l_r_tutor_window_a5e493074a13f41bc
59e9b36b7ebc59d7_cgraph.eps>
(epstopdf)                    date: 2026-10-04 22:45:38
(epstopdf)                    size: 5437 bytes
(epstopdf)             Output file: <class_s_l_r_tutor_window_a5e493074a13f41bc
59e9b36b7ebc59d7_cgraph-eps-converted-to.pdf>
(epstopdf)                    date: 2026-10-04 22:46:48
(epstopdf)                    size: 5851 bytes
(epstopdf)             Command: <repstopdf --outfile=class_s_l_r_tutor_window_a
5e493074a13f41bc59e9b36b7ebc59d7_cgraph-eps-converted-to.pdf class_s_l_r_tutor_
window_a5e493074a13f41bc59e9b36b7ebc59d7_cgraph.eps>
(epstopdf)             \includegraphics on input line 612.
Package epstopdf Info: Output file is already uptodate.
 <./class_s_l_r_tutor_window_a5e493074a13f41bc59e9b36b7ebc59d7_cgraph-eps-conve
rted-to.pdf>
<class_s_l_r_tutor_window_a5e493074a13f41bc59e9b36b7ebc59d7_cgraph-eps-converte
d-to.pdf, id=10916, 345.29pt x 39.14626pt>
File: class_s_l_r_tutor_window_a5e493074a13f41bc59e9b36b7ebc59d7_cgraph-eps-con
verted-to.pdf Graphic file (type pdf)
<use class_s_l_r_tutor_window_a5e493074a13f41bc59e9b36b7ebc59d7_cgraph-eps-conv
erted-to.pdf>
Package pdftex.def Info: class_s_l_r_tutor_window_a5e493074a13f41bc59e9b36b7ebc
59d7_cgraph-eps-converted-to.pdf  used on input line 612.
(pdftex.def)             Requested size: 350.0pt x 39.68074pt.

[172]
Package epstopdf Info: Source file: <class_s_l_r_tutor_window_a5e493074a13f41bc
59e9b36b7ebc59d7_icgraph.eps>
(epstopdf)                    date: 2026-10-04 22:45:38
(epstopdf)                    size: 5413 bytes
(epstopdf)             Output file: <class_s_l_r_tutor_window_a5e493074a13f41bc
59e9b36b7ebc59d7_icgraph-eps-converted-to.pdf>
(epstopdf)                    date: 2026-10-04 22:46:48
(epstopdf)                    size: 5882 bytes
(epstopdf)             Command: <repstopdf --outfile=class_s_l_r_tutor_window_a
5e493074a13f41bc59e9b36b7ebc59d7_icgraph-eps-converted-to.pdf class_s_l_r_tutor
_window_a5e493074a13f41bc59e9b36b7ebc59d7_icgraph.eps>
(epstopdf)             \includegraphics on input line 620.
Package epstopdf Info: Output file is already uptodate.
 <./class_s_l_r_tutor_window_a5e493074a13f41bc59e9b36b7ebc59d7_icgraph-eps-conv
erted-to.pdf>
<class_s_l_r_tutor_window_a5e493074a13f41bc59e9b36b7ebc59d7_icgraph-eps-convert
ed-to.pdf, id=10932, 317.185pt x 39.14626pt>
File: class_s_l_r_tutor_window_a5e493074a13f41bc59e9b36b7ebc59d7_icgraph-eps-co
nverted-to.pdf Graphic file (type pdf)
<use class_s_l_r_tutor_window_a5e493074a13f41bc59e9b36b7ebc59d7_icgraph-eps-con
verted-to.pdf>
Package pdftex.def Info: class_s_l_r_tutor_window_a5e493074a13f41bc59e9b36b7ebc
59d7_icgraph-eps-converted-to.pdf  used on input line 620.
(pdftex.def)             Requested size: 350.0pt x 43.19957pt.
Package epstopdf Info: Source file: <class_s_l_r_tutor_window_a97ed5d3888a693b0
c82a88a04d4fc4ad_icgraph.eps>
(epstopdf)                    date: 2026-10-04 22:45:38
(epstopdf)                    size: 5413 bytes
(epstopdf)             Output file: <class_s_l_r_tutor_window_a97ed5d3888a693b0
c82a88a04d4fc4ad_icgraph-eps-converted-to.pdf>
(epstopdf)                    date: 2026-10-04 22:46:48
(epstopdf)                    size: 5805 bytes
(epstopdf)             Command: <repstopdf --outfile=class_s_l_r_tutor_window_a
97ed5d3888a693b0c82a88a04d4fc4ad_icgraph-eps-converted-to.pdf class_s_l_r_tutor
_window_a97ed5d3888a693b0c82a88a04d4fc4ad_icgraph.eps>
(epstopdf)             \includegraphics on input line 634.
Package epstopdf Info: Output file is already uptodate.
 <./class_s_l_r_tutor_window_a97ed5d3888a693b0c82a88a04d4fc4ad_icgraph-eps-conv
erted-to.pdf>
<class_s_l_r_tutor_window_a97ed5d3888a693b0c82a88a04d4fc4ad_icgraph-eps-convert
ed-to.pdf, id=10939, 317.185pt x 39.14626pt>
File: class_s_l_r_tutor_window_a97ed5d3888a693b0c82a88a04d4fc4ad_icgraph-eps-co
nverted-to.pdf Graphic file (type pdf)
<use class_s_l_r_tutor_window_a97ed5d3888a693b0c82a88a04d4fc4ad_icgraph-eps-con
verted-to.pdf>
Package pdftex.def Info: class_s_l_r_tutor_window_a97ed5d3888a693b0c82a88a04d4f
c4ad_icgraph-eps-converted-to.pdf  used on input line 634.
(pdftex.def)             Requested size: 350.0pt x 43.19957pt.
Package epstopdf Info: Source file: <class_s_l_r_tutor_window_a94af5aba02fef7c2
496a96ef1cdcc2aa_icgraph.eps>
(epstopdf)                    date: 2026-10-04 22:45:38
(epstopdf)                    size: 5419 bytes
(epstopdf)             Output file: <class_s_l_r_tutor_window_a94af5aba02fef7c2
496a96ef1cdcc2aa_icgraph-eps-converted-to.pdf>
(epstopdf)                    date: 2026-10-04 22:46:48
(epstopdf)                    size: 5910 bytes
(epstopdf)             Command: <repstopdf --outfile=class_s_l_r_tutor_window_a
94af5aba02fef7c2496a96ef1cdcc2aa_icgraph-eps-converted-to.pdf class_s_l_r_tutor
_window_a94af5aba02fef7c2496a96ef1cdcc2aa_icgraph.eps>
(epstopdf)             \includegraphics on input line 648.
Package epstopdf Info: Output file is already uptodate.
 <./class_s_l_r_tutor_window_a94af5aba02fef7c2496a96ef1cdcc2aa_icgraph-eps-conv
erted-to.pdf>
<class_s_l_r_tutor_window_a94af5aba02fef7c2496a96ef1cdcc2aa_icgraph-eps-convert
ed-to.pdf, id=10946, 317.185pt x 39.14626pt>
File: class_s_l_r_tutor_window_a94af5aba02fef7c2496a96ef1cdcc2aa_icgraph-eps-co
nverted-to.pdf Graphic file (type pdf)
<use class_s_l_r_tutor_window_a94af5aba02fef7c2496a96ef1cdcc2aa_icgraph-eps-con
verted-to.pdf>
Package pdftex.def Info: class_s_l_r_tutor_window_a94af5aba02fef7c2496a96ef1cdc
c2aa_icgraph-eps-converted-to.pdf  used on input line 648.
(pdftex.def)             Requested size: 350.0pt x 43.19957pt.
Package epstopdf Info: Source file: <class_s_l_r_tutor_window_adb5aef769d61e9e2
d3794ac4106658f3_icgraph.eps>
(epstopdf)                    date: 2026-10-04 22:45:38
(epstopdf)                    size: 6703 bytes
(epstopdf)             Output file: <class_s_l_r_tutor_window_adb5aef769d61e9e2
d3794ac4106658f3_icgraph-eps-converted-to.pdf>
(epstopdf)                    date: 2026-10-04 22:46:48
(epstopdf)                    size: 6196 bytes
(epstopdf)             Command: <repstopdf --outfile=class_s_l_r_tutor_window_a
db5aef769d61e9e2d3794ac4106658f3_icgraph-eps-converted-to.pdf class_s_l_r_tutor
_window_adb5aef769d61e9e2d3794ac4106658f3_icgraph.eps>
(epstopdf)             \includegraphics on input line 662.
Package epstopdf Info: Output file is already uptodate.
 <./class_s_l_r_tutor_window_adb5aef769d61e9e2d3794ac4106658f3_icgraph-eps-conv
erted-to.pdf>
<class_s_l_r_tutor_window_adb5aef769d61e9e2d3794ac4106658f3_icgraph-eps-convert
ed-to.pdf, id=10953, 534.99875pt x 46.1725pt>
File: class_s_l_r_tutor_window_adb5aef769d61e9e2d3794ac4106658f3_icgraph-eps-co
nverted-to.pdf Graphic file (type pdf)
<use class_s_l_r_tutor_window_adb5aef769d61e9e2d3794ac4106658f3_icgraph-eps-con
verted-to.pdf>
Package pdftex.def Info: class_s_l_r_tutor_window_adb5aef769d61e9e2d3794ac41066
58f3_icgraph-eps-converted-to.pdf  used on input line 662.
(pdftex.def)             Requested size: 350.0pt x 30.20761pt.
Package epstopdf Info: Source file: <class_s_l_r_tutor_window_ab66b870e6d3751dc
228688f5addf1e78_cgraph.eps>
(epstopdf)                    date: 2026-10-04 22:45:38
(epstopdf)                    size: 45772 bytes
(epstopdf)             Output file: <class_s_l_r_tutor_window_ab66b870e6d3751dc
228688f5addf1e78_cgraph-eps-converted-to.pdf>
(epstopdf)                    date: 2026-10-04 22:46:49
(epstopdf)                    size: 12960 bytes
(epstopdf)             Command: <repstopdf --outfile=class_s_l_r_tutor_window_a
b66b870e6d3751dc228688f5addf1e78_cgraph-eps-converted-to.pdf class_s_l_r_tutor_
window_ab66b870e6d3751dc228688f5addf1e78_cgraph.eps>
(epstopdf)             \includegraphics on input line 688.
Package epstopdf Info: Output file is already uptodate.
 <./class_s_l_r_tutor_window_ab66b870e6d3751dc228688f5addf1e78_cgraph-eps-conve
rted-to.pdf>
<class_s_l_r_tutor_window_ab66b870e6d3751dc228688f5addf1e78_cgraph-eps-converte
d-to.pdf, id=10960, 750.805pt x 1204.5pt>
File: class_s_l_r_tutor_window_ab66b870e6d3751dc228688f5addf1e78_cgraph-eps-con
verted-to.pdf Graphic file (type pdf)
<use class_s_l_r_tutor_window_ab66b870e6d3751dc228688f5addf1e78_cgraph-eps-conv
erted-to.pdf>
Package pdftex.def Info: class_s_l_r_tutor_window_ab66b870e6d3751dc228688f5addf
1e78_cgraph-eps-converted-to.pdf  used on input line 688.
(pdftex.def)             Requested size: 342.84264pt x 550.0pt.
 [173]
Package epstopdf Info: Source file: <class_s_l_r_tutor_window_abe22ff89a00b1928
44adc59d064e3a0a_icgraph.eps>
(epstopdf)                    date: 2026-10-04 22:45:38
(epstopdf)                    size: 7378 bytes
(epstopdf)             Output file: <class_s_l_r_tutor_window_abe22ff89a00b1928
44adc59d064e3a0a_icgraph-eps-converted-to.pdf>
(epstopdf)                    date: 2026-10-04 22:46:49
(epstopdf)                    size: 6496 bytes
(epstopdf)             Command: <repstopdf --outfile=class_s_l_r_tutor_window_a
be22ff89a00b192844adc59d064e3a0a_icgraph-eps-converted-to.pdf class_s_l_r_tutor
_window_abe22ff89a00b192844adc59d064e3a0a_icgraph.eps>
(epstopdf)             \includegraphics on input line 702.
Package epstopdf Info: Output file is already uptodate.
 <./class_s_l_r_tutor_window_abe22ff89a00b192844adc59d064e3a0a_icgraph-eps-conv
erted-to.pdf>
<class_s_l_r_tutor_window_abe22ff89a00b192844adc59d064e3a0a_icgraph-eps-convert
ed-to.pdf, id=10976, 536.0025pt x 76.285pt>
File: class_s_l_r_tutor_window_abe22ff89a00b192844adc59d064e3a0a_icgraph-eps-co
nverted-to.pdf Graphic file (type pdf)
<use class_s_l_r_tutor_window_abe22ff89a00b192844adc59d064e3a0a_icgraph-eps-con
verted-to.pdf>
Package pdftex.def Info: class_s_l_r_tutor_window_abe22ff89a00b192844adc59d064e
3a0a_icgraph-eps-converted-to.pdf  used on input line 702.
(pdftex.def)             Requested size: 350.0pt x 49.81279pt.
 [174]
Package epstopdf Info: Source file: <class_s_l_r_tutor_window_a79f71a84c1fb6fd1
8798d9b238384780_cgraph.eps>
(epstopdf)                    date: 2026-10-04 22:45:38
(epstopdf)                    size: 5435 bytes
(epstopdf)             Output file: <class_s_l_r_tutor_window_a79f71a84c1fb6fd1
8798d9b238384780_cgraph-eps-converted-to.pdf>
(epstopdf)                    date: 2026-10-04 22:46:49
(epstopdf)                    size: 5921 bytes
(epstopdf)             Command: <repstopdf --outfile=class_s_l_r_tutor_window_a
79f71a84c1fb6fd18798d9b238384780_cgraph-eps-converted-to.pdf class_s_l_r_tutor_
window_a79f71a84c1fb6fd18798d9b238384780_cgraph.eps>
(epstopdf)             \includegraphics on input line 716.
Package epstopdf Info: Output file is already uptodate.
 <./class_s_l_r_tutor_window_a79f71a84c1fb6fd18798d9b238384780_cgraph-eps-conve
rted-to.pdf>
<class_s_l_r_tutor_window_a79f71a84c1fb6fd18798d9b238384780_cgraph-eps-converte
d-to.pdf, id=10988, 343.2825pt x 39.14626pt>
File: class_s_l_r_tutor_window_a79f71a84c1fb6fd18798d9b238384780_cgraph-eps-con
verted-to.pdf Graphic file (type pdf)
<use class_s_l_r_tutor_window_a79f71a84c1fb6fd18798d9b238384780_cgraph-eps-conv
erted-to.pdf>
Package pdftex.def Info: class_s_l_r_tutor_window_a79f71a84c1fb6fd18798d9b23838
4780_cgraph-eps-converted-to.pdf  used on input line 716.
(pdftex.def)             Requested size: 350.0pt x 39.91191pt.
Package epstopdf Info: Source file: <class_s_l_r_tutor_window_a79f71a84c1fb6fd1
8798d9b238384780_icgraph.eps>
(epstopdf)                    date: 2026-10-04 22:45:38
(epstopdf)                    size: 7472 bytes
(epstopdf)             Output file: <class_s_l_r_tutor_window_a79f71a84c1fb6fd1
8798d9b238384780_icgraph-eps-converted-to.pdf>
(epstopdf)                    date: 2026-10-04 22:46:49
(epstopdf)                    size: 6547 bytes
(epstopdf)             Command: <repstopdf --outfile=class_s_l_r_tutor_window_a
79f71a84c1fb6fd18798d9b238384780_icgraph-eps-converted-to.pdf class_s_l_r_tutor
_window_a79f71a84c1fb6fd18798d9b238384780_icgraph.eps>
(epstopdf)             \includegraphics on input line 724.
Package epstopdf Info: Output file is already uptodate.
 <./class_s_l_r_tutor_window_a79f71a84c1fb6fd18798d9b238384780_icgraph-eps-conv
erted-to.pdf>
<class_s_l_r_tutor_window_a79f71a84c1fb6fd18798d9b238384780_icgraph-eps-convert
ed-to.pdf, id=10995, 513.92pt x 76.285pt>
File: class_s_l_r_tutor_window_a79f71a84c1fb6fd18798d9b238384780_icgraph-eps-co
nverted-to.pdf Graphic file (type pdf)
<use class_s_l_r_tutor_window_a79f71a84c1fb6fd18798d9b238384780_icgraph-eps-con
verted-to.pdf>
Package pdftex.def Info: class_s_l_r_tutor_window_a79f71a84c1fb6fd18798d9b23838
4780_icgraph-eps-converted-to.pdf  used on input line 724.
(pdftex.def)             Requested size: 350.0pt x 51.95341pt.
Package epstopdf Info: Source file: <class_s_l_r_tutor_window_ae12625e4747be634
f7acbacb9a5aefcc_cgraph.eps>
(epstopdf)                    date: 2026-10-04 22:45:39
(epstopdf)                    size: 5461 bytes
(epstopdf)             Output file: <class_s_l_r_tutor_window_ae12625e4747be634
f7acbacb9a5aefcc_cgraph-eps-converted-to.pdf>
(epstopdf)                    date: 2026-10-04 22:46:49
(epstopdf)                    size: 5975 bytes
(epstopdf)             Command: <repstopdf --outfile=class_s_l_r_tutor_window_a
e12625e4747be634f7acbacb9a5aefcc_cgraph-eps-converted-to.pdf class_s_l_r_tutor_
window_ae12625e4747be634f7acbacb9a5aefcc_cgraph.eps>
(epstopdf)             \includegraphics on input line 738.
Package epstopdf Info: Output file is already uptodate.
 <./class_s_l_r_tutor_window_ae12625e4747be634f7acbacb9a5aefcc_cgraph-eps-conve
rted-to.pdf>
<class_s_l_r_tutor_window_ae12625e4747be634f7acbacb9a5aefcc_cgraph-eps-converte
d-to.pdf, id=11002, 317.185pt x 39.14626pt>
File: class_s_l_r_tutor_window_ae12625e4747be634f7acbacb9a5aefcc_cgraph-eps-con
verted-to.pdf Graphic file (type pdf)
<use class_s_l_r_tutor_window_ae12625e4747be634f7acbacb9a5aefcc_cgraph-eps-conv
erted-to.pdf>
Package pdftex.def Info: class_s_l_r_tutor_window_ae12625e4747be634f7acbacb9a5a
efcc_cgraph-eps-converted-to.pdf  used on input line 738.
(pdftex.def)             Requested size: 350.0pt x 43.19957pt.
Package epstopdf Info: Source file: <class_s_l_r_tutor_window_ae12625e4747be634
f7acbacb9a5aefcc_icgraph.eps>
(epstopdf)                    date: 2026-10-04 22:45:38
(epstopdf)                    size: 7472 bytes
(epstopdf)             Output file: <class_s_l_r_tutor_window_ae12625e4747be634
f7acbacb9a5aefcc_icgraph-eps-converted-to.pdf>
(epstopdf)                    date: 2026-10-04 22:46:50
(epstopdf)                    size: 6496 bytes
(epstopdf)             Command: <repstopdf --outfile=class_s_l_r_tutor_window_a
e12625e4747be634f7acbacb9a5aefcc_icgraph-eps-converted-to.pdf class_s_l_r_tutor
_window_ae12625e4747be634f7acbacb9a5aefcc_icgraph.eps>
(epstopdf)             \includegraphics on input line 746.
Package epstopdf Info: Output file is already uptodate.
 <./class_s_l_r_tutor_window_ae12625e4747be634f7acbacb9a5aefcc_icgraph-eps-conv
erted-to.pdf>
<class_s_l_r_tutor_window_ae12625e4747be634f7acbacb9a5aefcc_icgraph-eps-convert
ed-to.pdf, id=11009, 513.92pt x 76.285pt>
File: class_s_l_r_tutor_window_ae12625e4747be634f7acbacb9a5aefcc_icgraph-eps-co
nverted-to.pdf Graphic file (type pdf)
<use class_s_l_r_tutor_window_ae12625e4747be634f7acbacb9a5aefcc_icgraph-eps-con
verted-to.pdf>
Package pdftex.def Info: class_s_l_r_tutor_window_ae12625e4747be634f7acbacb9a5a
efcc_icgraph-eps-converted-to.pdf  used on input line 746.
(pdftex.def)             Requested size: 350.0pt x 51.95341pt.
Package epstopdf Info: Source file: <class_s_l_r_tutor_window_a0faefc7db5d1d814
fd39292f3b5669d4_icgraph.eps>
(epstopdf)                    date: 2026-10-04 22:45:38
(epstopdf)                    size: 7420 bytes
(epstopdf)             Output file: <class_s_l_r_tutor_window_a0faefc7db5d1d814
fd39292f3b5669d4_icgraph-eps-converted-to.pdf>
(epstopdf)                    date: 2026-10-04 22:46:50
(epstopdf)                    size: 6417 bytes
(epstopdf)             Command: <repstopdf --outfile=class_s_l_r_tutor_window_a
0faefc7db5d1d814fd39292f3b5669d4_icgraph-eps-converted-to.pdf class_s_l_r_tutor
_window_a0faefc7db5d1d814fd39292f3b5669d4_icgraph.eps>
(epstopdf)             \includegraphics on input line 760.
Package epstopdf Info: Output file is already uptodate.
 <./class_s_l_r_tutor_window_a0faefc7db5d1d814fd39292f3b5669d4_icgraph-eps-conv
erted-to.pdf>
<class_s_l_r_tutor_window_a0faefc7db5d1d814fd39292f3b5669d4_icgraph-eps-convert
ed-to.pdf, id=11016, 536.0025pt x 76.285pt>
File: class_s_l_r_tutor_window_a0faefc7db5d1d814fd39292f3b5669d4_icgraph-eps-co
nverted-to.pdf Graphic file (type pdf)
<use class_s_l_r_tutor_window_a0faefc7db5d1d814fd39292f3b5669d4_icgraph-eps-con
verted-to.pdf>
Package pdftex.def Info: class_s_l_r_tutor_window_a0faefc7db5d1d814fd39292f3b56
69d4_icgraph-eps-converted-to.pdf  used on input line 760.
(pdftex.def)             Requested size: 350.0pt x 49.81279pt.

[175]
Package epstopdf Info: Source file: <class_s_l_r_tutor_window_a1b5d5d7a69241201
22b8ba8fc13e3f28_icgraph.eps>
(epstopdf)                    date: 2026-10-04 22:45:39
(epstopdf)                    size: 7453 bytes
(epstopdf)             Output file: <class_s_l_r_tutor_window_a1b5d5d7a69241201
22b8ba8fc13e3f28_icgraph-eps-converted-to.pdf>
(epstopdf)                    date: 2026-10-04 22:46:50
(epstopdf)                    size: 6460 bytes
(epstopdf)             Command: <repstopdf --outfile=class_s_l_r_tutor_window_a
1b5d5d7a6924120122b8ba8fc13e3f28_icgraph-eps-converted-to.pdf class_s_l_r_tutor
_window_a1b5d5d7a6924120122b8ba8fc13e3f28_icgraph.eps>
(epstopdf)             \includegraphics on input line 774.
Package epstopdf Info: Output file is already uptodate.
 <./class_s_l_r_tutor_window_a1b5d5d7a6924120122b8ba8fc13e3f28_icgraph-eps-conv
erted-to.pdf>
<class_s_l_r_tutor_window_a1b5d5d7a6924120122b8ba8fc13e3f28_icgraph-eps-convert
ed-to.pdf, id=11033, 513.92pt x 76.285pt>
File: class_s_l_r_tutor_window_a1b5d5d7a6924120122b8ba8fc13e3f28_icgraph-eps-co
nverted-to.pdf Graphic file (type pdf)
<use class_s_l_r_tutor_window_a1b5d5d7a6924120122b8ba8fc13e3f28_icgraph-eps-con
verted-to.pdf>
Package pdftex.def Info: class_s_l_r_tutor_window_a1b5d5d7a6924120122b8ba8fc13e
3f28_icgraph-eps-converted-to.pdf  used on input line 774.
(pdftex.def)             Requested size: 350.0pt x 51.95341pt.
Package epstopdf Info: Source file: <class_s_l_r_tutor_window_a64d86b4e2ca1beac
c5c2de6cbc35de91_icgraph.eps>
(epstopdf)                    date: 2026-10-04 22:45:38
(epstopdf)                    size: 7453 bytes
(epstopdf)             Output file: <class_s_l_r_tutor_window_a64d86b4e2ca1beac
c5c2de6cbc35de91_icgraph-eps-converted-to.pdf>
(epstopdf)                    date: 2026-10-04 22:46:50
(epstopdf)                    size: 6530 bytes
(epstopdf)             Command: <repstopdf --outfile=class_s_l_r_tutor_window_a
64d86b4e2ca1beacc5c2de6cbc35de91_icgraph-eps-converted-to.pdf class_s_l_r_tutor
_window_a64d86b4e2ca1beacc5c2de6cbc35de91_icgraph.eps>
(epstopdf)             \includegraphics on input line 788.
Package epstopdf Info: Output file is already uptodate.
 <./class_s_l_r_tutor_window_a64d86b4e2ca1beacc5c2de6cbc35de91_icgraph-eps-conv
erted-to.pdf>
<class_s_l_r_tutor_window_a64d86b4e2ca1beacc5c2de6cbc35de91_icgraph-eps-convert
ed-to.pdf, id=11041, 513.92pt x 76.285pt>
File: class_s_l_r_tutor_window_a64d86b4e2ca1beacc5c2de6cbc35de91_icgraph-eps-co
nverted-to.pdf Graphic file (type pdf)
<use class_s_l_r_tutor_window_a64d86b4e2ca1beacc5c2de6cbc35de91_icgraph-eps-con
verted-to.pdf>
Package pdftex.def Info: class_s_l_r_tutor_window_a64d86b4e2ca1beacc5c2de6cbc35
de91_icgraph-eps-converted-to.pdf  used on input line 788.
(pdftex.def)             Requested size: 350.0pt x 51.95341pt.
Package epstopdf Info: Source file: <class_s_l_r_tutor_window_abf1bd38094495acf
e41a8d4f71bb43e3_icgraph.eps>
(epstopdf)                    date: 2026-10-04 22:45:38
(epstopdf)                    size: 7468 bytes
(epstopdf)             Output file: <class_s_l_r_tutor_window_abf1bd38094495acf
e41a8d4f71bb43e3_icgraph-eps-converted-to.pdf>
(epstopdf)                    date: 2026-10-04 22:46:50
(epstopdf)                    size: 6427 bytes
(epstopdf)             Command: <repstopdf --outfile=class_s_l_r_tutor_window_a
bf1bd38094495acfe41a8d4f71bb43e3_icgraph-eps-converted-to.pdf class_s_l_r_tutor
_window_abf1bd38094495acfe41a8d4f71bb43e3_icgraph.eps>
(epstopdf)             \includegraphics on input line 802.
Package epstopdf Info: Output file is already uptodate.
 <./class_s_l_r_tutor_window_abf1bd38094495acfe41a8d4f71bb43e3_icgraph-eps-conv
erted-to.pdf>
<class_s_l_r_tutor_window_abf1bd38094495acfe41a8d4f71bb43e3_icgraph-eps-convert
ed-to.pdf, id=11048, 513.92pt x 76.285pt>
File: class_s_l_r_tutor_window_abf1bd38094495acfe41a8d4f71bb43e3_icgraph-eps-co
nverted-to.pdf Graphic file (type pdf)
<use class_s_l_r_tutor_window_abf1bd38094495acfe41a8d4f71bb43e3_icgraph-eps-con
verted-to.pdf>
Package pdftex.def Info: class_s_l_r_tutor_window_abf1bd38094495acfe41a8d4f71bb
43e3_icgraph-eps-converted-to.pdf  used on input line 802.
(pdftex.def)             Requested size: 350.0pt x 51.95341pt.
Package epstopdf Info: Source file: <class_s_l_r_tutor_window_af2505841179208ac
64764eaebf25aa1a_icgraph.eps>
(epstopdf)                    date: 2026-10-04 22:45:38
(epstopdf)                    size: 7435 bytes
(epstopdf)             Output file: <class_s_l_r_tutor_window_af2505841179208ac
64764eaebf25aa1a_icgraph-eps-converted-to.pdf>
(epstopdf)                    date: 2026-10-04 22:46:50
(epstopdf)                    size: 6429 bytes
(epstopdf)             Command: <repstopdf --outfile=class_s_l_r_tutor_window_a
f2505841179208ac64764eaebf25aa1a_icgraph-eps-converted-to.pdf class_s_l_r_tutor
_window_af2505841179208ac64764eaebf25aa1a_icgraph.eps>
(epstopdf)             \includegraphics on input line 816.
Package epstopdf Info: Output file is already uptodate.
 <./class_s_l_r_tutor_window_af2505841179208ac64764eaebf25aa1a_icgraph-eps-conv
erted-to.pdf>
<class_s_l_r_tutor_window_af2505841179208ac64764eaebf25aa1a_icgraph-eps-convert
ed-to.pdf, id=11055, 513.92pt x 88.33pt>
File: class_s_l_r_tutor_window_af2505841179208ac64764eaebf25aa1a_icgraph-eps-co
nverted-to.pdf Graphic file (type pdf)
<use class_s_l_r_tutor_window_af2505841179208ac64764eaebf25aa1a_icgraph-eps-con
verted-to.pdf>
Package pdftex.def Info: class_s_l_r_tutor_window_af2505841179208ac64764eaebf25
aa1a_icgraph-eps-converted-to.pdf  used on input line 816.
(pdftex.def)             Requested size: 350.0pt x 60.15659pt.
Package epstopdf Info: Source file: <class_s_l_r_tutor_window_ab20064f5a66fa5e4
c40591f03280417e_icgraph.eps>
(epstopdf)                    date: 2026-10-04 22:45:39
(epstopdf)                    size: 7487 bytes
(epstopdf)             Output file: <class_s_l_r_tutor_window_ab20064f5a66fa5e4
c40591f03280417e_icgraph-eps-converted-to.pdf>
(epstopdf)                    date: 2026-10-04 22:46:51
(epstopdf)                    size: 6401 bytes
(epstopdf)             Command: <repstopdf --outfile=class_s_l_r_tutor_window_a
b20064f5a66fa5e4c40591f03280417e_icgraph-eps-converted-to.pdf class_s_l_r_tutor
_window_ab20064f5a66fa5e4c40591f03280417e_icgraph.eps>
(epstopdf)             \includegraphics on input line 830.
Package epstopdf Info: Output file is already uptodate.
 <./class_s_l_r_tutor_window_ab20064f5a66fa5e4c40591f03280417e_icgraph-eps-conv
erted-to.pdf>
<class_s_l_r_tutor_window_ab20064f5a66fa5e4c40591f03280417e_icgraph-eps-convert
ed-to.pdf, id=11062, 492.84125pt x 88.33pt>
File: class_s_l_r_tutor_window_ab20064f5a66fa5e4c40591f03280417e_icgraph-eps-co
nverted-to.pdf Graphic file (type pdf)
<use class_s_l_r_tutor_window_ab20064f5a66fa5e4c40591f03280417e_icgraph-eps-con
verted-to.pdf>
Package pdftex.def Info: class_s_l_r_tutor_window_ab20064f5a66fa5e4c40591f03280
417e_icgraph-eps-converted-to.pdf  used on input line 830.
(pdftex.def)             Requested size: 350.0pt x 62.73224pt.
 [176]
Package epstopdf Info: Source file: <class_s_l_r_tutor_window_a69e4d701acdccd4c
603e46723bea08d0_icgraph.eps>
(epstopdf)                    date: 2026-10-04 22:45:38
(epstopdf)                    size: 7487 bytes
(epstopdf)             Output file: <class_s_l_r_tutor_window_a69e4d701acdccd4c
603e46723bea08d0_icgraph-eps-converted-to.pdf>
(epstopdf)                    date: 2026-10-04 22:46:51
(epstopdf)                    size: 6472 bytes
(epstopdf)             Command: <repstopdf --outfile=class_s_l_r_tutor_window_a
69e4d701acdccd4c603e46723bea08d0_icgraph-eps-converted-to.pdf class_s_l_r_tutor
_window_a69e4d701acdccd4c603e46723bea08d0_icgraph.eps>
(epstopdf)             \includegraphics on input line 844.
Package epstopdf Info: Output file is already uptodate.
 <./class_s_l_r_tutor_window_a69e4d701acdccd4c603e46723bea08d0_icgraph-eps-conv
erted-to.pdf>
<class_s_l_r_tutor_window_a69e4d701acdccd4c603e46723bea08d0_icgraph-eps-convert
ed-to.pdf, id=11077, 492.84125pt x 88.33pt>
File: class_s_l_r_tutor_window_a69e4d701acdccd4c603e46723bea08d0_icgraph-eps-co
nverted-to.pdf Graphic file (type pdf)
<use class_s_l_r_tutor_window_a69e4d701acdccd4c603e46723bea08d0_icgraph-eps-con
verted-to.pdf>
Package pdftex.def Info: class_s_l_r_tutor_window_a69e4d701acdccd4c603e46723bea
08d0_icgraph-eps-converted-to.pdf  used on input line 844.
(pdftex.def)             Requested size: 350.0pt x 62.73224pt.
Package epstopdf Info: Source file: <class_s_l_r_tutor_window_a9c31d3e02dc358a6
7ad4b4994114f29e_icgraph.eps>
(epstopdf)                    date: 2026-10-04 22:45:38
(epstopdf)                    size: 7450 bytes
(epstopdf)             Output file: <class_s_l_r_tutor_window_a9c31d3e02dc358a6
7ad4b4994114f29e_icgraph-eps-converted-to.pdf>
(epstopdf)                    date: 2026-10-04 22:46:51
(epstopdf)                    size: 6470 bytes
(epstopdf)             Command: <repstopdf --outfile=class_s_l_r_tutor_window_a
9c31d3e02dc358a67ad4b4994114f29e_icgraph-eps-converted-to.pdf class_s_l_r_tutor
_window_a9c31d3e02dc358a67ad4b4994114f29e_icgraph.eps>
(epstopdf)             \includegraphics on input line 858.
Package epstopdf Info: Output file is already uptodate.
 <./class_s_l_r_tutor_window_a9c31d3e02dc358a67ad4b4994114f29e_icgraph-eps-conv
erted-to.pdf>
<class_s_l_r_tutor_window_a9c31d3e02dc358a67ad4b4994114f29e_icgraph-eps-convert
ed-to.pdf, id=11084, 512.91624pt x 88.33pt>
File: class_s_l_r_tutor_window_a9c31d3e02dc358a67ad4b4994114f29e_icgraph-eps-co
nverted-to.pdf Graphic file (type pdf)
<use class_s_l_r_tutor_window_a9c31d3e02dc358a67ad4b4994114f29e_icgraph-eps-con
verted-to.pdf>
Package pdftex.def Info: class_s_l_r_tutor_window_a9c31d3e02dc358a67ad4b4994114
f29e_icgraph-eps-converted-to.pdf  used on input line 858.
(pdftex.def)             Requested size: 350.0pt x 60.27385pt.
Package epstopdf Info: Source file: <class_s_l_r_tutor_window_ab726f1bcc94699c0
3fc5ec3a1ec67343_icgraph.eps>
(epstopdf)                    date: 2026-10-04 22:45:38
(epstopdf)                    size: 7480 bytes
(epstopdf)             Output file: <class_s_l_r_tutor_window_ab726f1bcc94699c0
3fc5ec3a1ec67343_icgraph-eps-converted-to.pdf>
(epstopdf)                    date: 2026-10-04 22:46:51
(epstopdf)                    size: 6449 bytes
(epstopdf)             Command: <repstopdf --outfile=class_s_l_r_tutor_window_a
b726f1bcc94699c03fc5ec3a1ec67343_icgraph-eps-converted-to.pdf class_s_l_r_tutor
_window_ab726f1bcc94699c03fc5ec3a1ec67343_icgraph.eps>
(epstopdf)             \includegraphics on input line 872.
Package epstopdf Info: Output file is already uptodate.
 <./class_s_l_r_tutor_window_ab726f1bcc94699c03fc5ec3a1ec67343_icgraph-eps-conv
erted-to.pdf>
<class_s_l_r_tutor_window_ab726f1bcc94699c03fc5ec3a1ec67343_icgraph-eps-convert
ed-to.pdf, id=11091, 492.84125pt x 88.33pt>
File: class_s_l_r_tutor_window_ab726f1bcc94699c03fc5ec3a1ec67343_icgraph-eps-co
nverted-to.pdf Graphic file (type pdf)
<use class_s_l_r_tutor_window_ab726f1bcc94699c03fc5ec3a1ec67343_icgraph-eps-con
verted-to.pdf>
Package pdftex.def Info: class_s_l_r_tutor_window_ab726f1bcc94699c03fc5ec3a1ec6
7343_icgraph-eps-converted-to.pdf  used on input line 872.
(pdftex.def)             Requested size: 350.0pt x 62.73224pt.
Package epstopdf Info: Source file: <class_s_l_r_tutor_window_a45bf0977171fb841
be5d3a3bb78fda69_icgraph.eps>
(epstopdf)                    date: 2026-10-04 22:45:38
(epstopdf)                    size: 7446 bytes
(epstopdf)             Output file: <class_s_l_r_tutor_window_a45bf0977171fb841
be5d3a3bb78fda69_icgraph-eps-converted-to.pdf>
(epstopdf)                    date: 2026-10-04 22:46:51
(epstopdf)                    size: 6593 bytes
(epstopdf)             Command: <repstopdf --outfile=class_s_l_r_tutor_window_a
45bf0977171fb841be5d3a3bb78fda69_icgraph-eps-converted-to.pdf class_s_l_r_tutor
_window_a45bf0977171fb841be5d3a3bb78fda69_icgraph.eps>
(epstopdf)             \includegraphics on input line 886.
Package epstopdf Info: Output file is already uptodate.
 <./class_s_l_r_tutor_window_a45bf0977171fb841be5d3a3bb78fda69_icgraph-eps-conv
erted-to.pdf>
<class_s_l_r_tutor_window_a45bf0977171fb841be5d3a3bb78fda69_icgraph-eps-convert
ed-to.pdf, id=11098, 514.92375pt x 88.33pt>
File: class_s_l_r_tutor_window_a45bf0977171fb841be5d3a3bb78fda69_icgraph-eps-co
nverted-to.pdf Graphic file (type pdf)
<use class_s_l_r_tutor_window_a45bf0977171fb841be5d3a3bb78fda69_icgraph-eps-con
verted-to.pdf>
Package pdftex.def Info: class_s_l_r_tutor_window_a45bf0977171fb841be5d3a3bb78f
da69_icgraph-eps-converted-to.pdf  used on input line 886.
(pdftex.def)             Requested size: 350.0pt x 60.04068pt.
 [177]
Package epstopdf Info: Source file: <class_s_l_r_tutor_window_a9c12c155646a012d
248808ee8c2486e9_cgraph.eps>
(epstopdf)                    date: 2026-10-04 22:45:38
(epstopdf)                    size: 5360 bytes
(epstopdf)             Output file: <class_s_l_r_tutor_window_a9c12c155646a012d
248808ee8c2486e9_cgraph-eps-converted-to.pdf>
(epstopdf)                    date: 2026-10-04 22:46:51
(epstopdf)                    size: 5499 bytes
(epstopdf)             Command: <repstopdf --outfile=class_s_l_r_tutor_window_a
9c12c155646a012d248808ee8c2486e9_cgraph-eps-converted-to.pdf class_s_l_r_tutor_
window_a9c12c155646a012d248808ee8c2486e9_cgraph.eps>
(epstopdf)             \includegraphics on input line 906.
Package epstopdf Info: Output file is already uptodate.
 <./class_s_l_r_tutor_window_a9c12c155646a012d248808ee8c2486e9_cgraph-eps-conve
rted-to.pdf>
<class_s_l_r_tutor_window_a9c12c155646a012d248808ee8c2486e9_cgraph-eps-converte
d-to.pdf, id=11116, 370.38374pt x 27.10126pt>
File: class_s_l_r_tutor_window_a9c12c155646a012d248808ee8c2486e9_cgraph-eps-con
verted-to.pdf Graphic file (type pdf)
<use class_s_l_r_tutor_window_a9c12c155646a012d248808ee8c2486e9_cgraph-eps-conv
erted-to.pdf>
Package pdftex.def Info: class_s_l_r_tutor_window_a9c12c155646a012d248808ee8c24
86e9_cgraph-eps-converted-to.pdf  used on input line 906.
(pdftex.def)             Requested size: 350.0pt x 25.60999pt.

Underfull \hbox (badness 10000) detected at line 919
[][][]
 []

Package epstopdf Info: Source file: <class_s_l_r_tutor_window_a255a5ab1aeae5b51
23df8b271f11a245_cgraph.eps>
(epstopdf)                    date: 2026-10-04 22:45:38
(epstopdf)                    size: 29998 bytes
(epstopdf)             Output file: <class_s_l_r_tutor_window_a255a5ab1aeae5b51
23df8b271f11a245_cgraph-eps-converted-to.pdf>
(epstopdf)                    date: 2026-10-04 22:46:51
(epstopdf)                    size: 10633 bytes
(epstopdf)             Command: <repstopdf --outfile=class_s_l_r_tutor_window_a
255a5ab1aeae5b5123df8b271f11a245_cgraph-eps-converted-to.pdf class_s_l_r_tutor_
window_a255a5ab1aeae5b5123df8b271f11a245_cgraph.eps>
(epstopdf)             \includegraphics on input line 927.
Package epstopdf Info: Output file is already uptodate.
 <./class_s_l_r_tutor_window_a255a5ab1aeae5b5123df8b271f11a245_cgraph-eps-conve
rted-to.pdf>
<class_s_l_r_tutor_window_a255a5ab1aeae5b5123df8b271f11a245_cgraph-eps-converte
d-to.pdf, id=11123, 1404.24625pt x 430.60875pt>
File: class_s_l_r_tutor_window_a255a5ab1aeae5b5123df8b271f11a245_cgraph-eps-con
verted-to.pdf Graphic file (type pdf)
<use class_s_l_r_tutor_window_a255a5ab1aeae5b5123df8b271f11a245_cgraph-eps-conv
erted-to.pdf>
Package pdftex.def Info: class_s_l_r_tutor_window_a255a5ab1aeae5b5123df8b271f11
a245_cgraph-eps-converted-to.pdf  used on input line 927.
(pdftex.def)             Requested size: 350.0pt x 107.32338pt.
Package epstopdf Info: Source file: <class_s_l_r_tutor_window_abaecaf3d6c02f272
073c801f62486d85_cgraph.eps>
(epstopdf)                    date: 2026-10-04 22:45:38
(epstopdf)                    size: 10768 bytes
(epstopdf)             Output file: <class_s_l_r_tutor_window_abaecaf3d6c02f272
073c801f62486d85_cgraph-eps-converted-to.pdf>
(epstopdf)                    date: 2026-10-04 22:46:52
(epstopdf)                    size: 7022 bytes
(epstopdf)             Command: <repstopdf --outfile=class_s_l_r_tutor_window_a
baecaf3d6c02f272073c801f62486d85_cgraph-eps-converted-to.pdf class_s_l_r_tutor_
window_abaecaf3d6c02f272073c801f62486d85_cgraph.eps>
(epstopdf)             \includegraphics on input line 945.
Package epstopdf Info: Output file is already uptodate.
 <./class_s_l_r_tutor_window_abaecaf3d6c02f272073c801f62486d85_cgraph-eps-conve
rted-to.pdf>
<class_s_l_r_tutor_window_abaecaf3d6c02f272073c801f62486d85_cgraph-eps-converte
d-to.pdf, id=11130, 562.1pt x 162.6075pt>
File: class_s_l_r_tutor_window_abaecaf3d6c02f272073c801f62486d85_cgraph-eps-con
verted-to.pdf Graphic file (type pdf)
<use class_s_l_r_tutor_window_abaecaf3d6c02f272073c801f62486d85_cgraph-eps-conv
erted-to.pdf>
Package pdftex.def Info: class_s_l_r_tutor_window_abaecaf3d6c02f272073c801f6248
6d85_cgraph-eps-converted-to.pdf  used on input line 945.
(pdftex.def)             Requested size: 350.0pt x 101.2498pt.
 [178]
Package epstopdf Info: Source file: <class_s_l_r_tutor_window_abaecaf3d6c02f272
073c801f62486d85_icgraph.eps>
(epstopdf)                    date: 2026-10-04 22:45:38
(epstopdf)                    size: 5319 bytes
(epstopdf)             Output file: <class_s_l_r_tutor_window_abaecaf3d6c02f272
073c801f62486d85_icgraph-eps-converted-to.pdf>
(epstopdf)                    date: 2026-10-04 22:46:52
(epstopdf)                    size: 5512 bytes
(epstopdf)             Command: <repstopdf --outfile=class_s_l_r_tutor_window_a
baecaf3d6c02f272073c801f62486d85_icgraph-eps-converted-to.pdf class_s_l_r_tutor
_window_abaecaf3d6c02f272073c801f62486d85_icgraph.eps>
(epstopdf)             \includegraphics on input line 953.
Package epstopdf Info: Output file is already uptodate.
 <./class_s_l_r_tutor_window_abaecaf3d6c02f272073c801f62486d85_icgraph-eps-conv
erted-to.pdf>
<class_s_l_r_tutor_window_abaecaf3d6c02f272073c801f62486d85_icgraph-eps-convert
ed-to.pdf, id=11144, 338.26375pt x 27.10126pt>
File: class_s_l_r_tutor_window_abaecaf3d6c02f272073c801f62486d85_icgraph-eps-co
nverted-to.pdf Graphic file (type pdf)
<use class_s_l_r_tutor_window_abaecaf3d6c02f272073c801f62486d85_icgraph-eps-con
verted-to.pdf>
Package pdftex.def Info: class_s_l_r_tutor_window_abaecaf3d6c02f272073c801f6248
6d85_icgraph-eps-converted-to.pdf  used on input line 953.
(pdftex.def)             Requested size: 350.0pt x 28.04237pt.
Package epstopdf Info: Source file: <class_s_l_r_tutor_window_a45b3ddea54c8abad
5cdb3a7054c2d70d_icgraph.eps>
(epstopdf)                    date: 2026-10-04 22:45:38
(epstopdf)                    size: 5310 bytes
(epstopdf)             Output file: <class_s_l_r_tutor_window_a45b3ddea54c8abad
5cdb3a7054c2d70d_icgraph-eps-converted-to.pdf>
(epstopdf)                    date: 2026-10-04 22:46:52
(epstopdf)                    size: 5252 bytes
(epstopdf)             Command: <repstopdf --outfile=class_s_l_r_tutor_window_a
45b3ddea54c8abad5cdb3a7054c2d70d_icgraph-eps-converted-to.pdf class_s_l_r_tutor
_window_a45b3ddea54c8abad5cdb3a7054c2d70d_icgraph.eps>
(epstopdf)             \includegraphics on input line 971.
Package epstopdf Info: Output file is already uptodate.
 <./class_s_l_r_tutor_window_a45b3ddea54c8abad5cdb3a7054c2d70d_icgraph-eps-conv
erted-to.pdf>
<class_s_l_r_tutor_window_a45b3ddea54c8abad5cdb3a7054c2d70d_icgraph-eps-convert
ed-to.pdf, id=11153, 329.23pt x 27.10126pt>
File: class_s_l_r_tutor_window_a45b3ddea54c8abad5cdb3a7054c2d70d_icgraph-eps-co
nverted-to.pdf Graphic file (type pdf)
<use class_s_l_r_tutor_window_a45b3ddea54c8abad5cdb3a7054c2d70d_icgraph-eps-con
verted-to.pdf>
Package pdftex.def Info: class_s_l_r_tutor_window_a45b3ddea54c8abad5cdb3a7054c2
d70d_icgraph-eps-converted-to.pdf  used on input line 971.
(pdftex.def)             Requested size: 350.0pt x 28.81154pt.
Package epstopdf Info: Source file: <class_s_l_r_tutor_window_a39d32d1bbff32455
8de7daeadc1e6189_cgraph.eps>
(epstopdf)                    date: 2026-10-04 22:45:38
(epstopdf)                    size: 48360 bytes
(epstopdf)             Output file: <class_s_l_r_tutor_window_a39d32d1bbff32455
8de7daeadc1e6189_cgraph-eps-converted-to.pdf>
(epstopdf)                    date: 2026-10-04 22:46:52
(epstopdf)                    size: 13629 bytes
(epstopdf)             Command: <repstopdf --outfile=class_s_l_r_tutor_window_a
39d32d1bbff324558de7daeadc1e6189_cgraph-eps-converted-to.pdf class_s_l_r_tutor_
window_a39d32d1bbff324558de7daeadc1e6189_cgraph.eps>
(epstopdf)             \includegraphics on input line 989.
Package epstopdf Info: Output file is already uptodate.
 <./class_s_l_r_tutor_window_a39d32d1bbff324558de7daeadc1e6189_cgraph-eps-conve
rted-to.pdf>
<class_s_l_r_tutor_window_a39d32d1bbff324558de7daeadc1e6189_cgraph-eps-converte
d-to.pdf, id=11160, 1053.9375pt x 1138.2525pt>
File: class_s_l_r_tutor_window_a39d32d1bbff324558de7daeadc1e6189_cgraph-eps-con
verted-to.pdf Graphic file (type pdf)
<use class_s_l_r_tutor_window_a39d32d1bbff324558de7daeadc1e6189_cgraph-eps-conv
erted-to.pdf>
Package pdftex.def Info: class_s_l_r_tutor_window_a39d32d1bbff324558de7daeadc1e
6189_cgraph-eps-converted-to.pdf  used on input line 989.
(pdftex.def)             Requested size: 350.0pt x 378.00395pt.
 [179]
Package epstopdf Info: Source file: <class_s_l_r_tutor_window_a5b5f59e1252f4493
60f34f3ba3552e1c_icgraph.eps>
(epstopdf)                    date: 2026-10-04 22:45:39
(epstopdf)                    size: 5468 bytes
(epstopdf)             Output file: <class_s_l_r_tutor_window_a5b5f59e1252f4493
60f34f3ba3552e1c_icgraph-eps-converted-to.pdf>
(epstopdf)                    date: 2026-10-04 22:46:52
(epstopdf)                    size: 5818 bytes
(epstopdf)             Command: <repstopdf --outfile=class_s_l_r_tutor_window_a
5b5f59e1252f449360f34f3ba3552e1c_icgraph-eps-converted-to.pdf class_s_l_r_tutor
_window_a5b5f59e1252f449360f34f3ba3552e1c_icgraph.eps>
(epstopdf)             \includegraphics on input line 1003.
Package epstopdf Info: Output file is already uptodate.
 <./class_s_l_r_tutor_window_a5b5f59e1252f449360f34f3ba3552e1c_icgraph-eps-conv
erted-to.pdf>
<class_s_l_r_tutor_window_a5b5f59e1252f449360f34f3ba3552e1c_icgraph-eps-convert
ed-to.pdf, id=11175, 362.35374pt x 39.14626pt>
File: class_s_l_r_tutor_window_a5b5f59e1252f449360f34f3ba3552e1c_icgraph-eps-co
nverted-to.pdf Graphic file (type pdf)
<use class_s_l_r_tutor_window_a5b5f59e1252f449360f34f3ba3552e1c_icgraph-eps-con
verted-to.pdf>
Package pdftex.def Info: class_s_l_r_tutor_window_a5b5f59e1252f449360f34f3ba355
2e1c_icgraph-eps-converted-to.pdf  used on input line 1003.
(pdftex.def)             Requested size: 350.0pt x 37.81232pt.
Package epstopdf Info: Source file: <class_s_l_r_tutor_window_a7cfcda416cceca4e
fe41e60fa66a8d25_icgraph.eps>
(epstopdf)                    date: 2026-10-04 22:45:39
(epstopdf)                    size: 5483 bytes
(epstopdf)             Output file: <class_s_l_r_tutor_window_a7cfcda416cceca4e
fe41e60fa66a8d25_icgraph-eps-converted-to.pdf>
(epstopdf)                    date: 2026-10-04 22:46:52
(epstopdf)                    size: 6028 bytes
(epstopdf)             Command: <repstopdf --outfile=class_s_l_r_tutor_window_a
7cfcda416cceca4efe41e60fa66a8d25_icgraph-eps-converted-to.pdf class_s_l_r_tutor
_window_a7cfcda416cceca4efe41e60fa66a8d25_icgraph.eps>
(epstopdf)             \includegraphics on input line 1021.
Package epstopdf Info: Output file is already uptodate.
 <./class_s_l_r_tutor_window_a7cfcda416cceca4efe41e60fa66a8d25_icgraph-eps-conv
erted-to.pdf>
<class_s_l_r_tutor_window_a7cfcda416cceca4efe41e60fa66a8d25_icgraph-eps-convert
ed-to.pdf, id=11182, 352.31625pt x 39.14626pt>
File: class_s_l_r_tutor_window_a7cfcda416cceca4efe41e60fa66a8d25_icgraph-eps-co
nverted-to.pdf Graphic file (type pdf)
<use class_s_l_r_tutor_window_a7cfcda416cceca4efe41e60fa66a8d25_icgraph-eps-con
verted-to.pdf>
Package pdftex.def Info: class_s_l_r_tutor_window_a7cfcda416cceca4efe41e60fa66a
8d25_icgraph-eps-converted-to.pdf  used on input line 1021.
(pdftex.def)             Requested size: 350.0pt x 38.8887pt.
 [180]
Package epstopdf Info: Source file: <class_s_l_r_tutor_window_af354f1473076474b
ef37f1d1c8c57d61_cgraph.eps>
(epstopdf)                    date: 2026-10-04 22:45:38
(epstopdf)                    size: 8509 bytes
(epstopdf)             Output file: <class_s_l_r_tutor_window_af354f1473076474b
ef37f1d1c8c57d61_cgraph-eps-converted-to.pdf>
(epstopdf)                    date: 2026-10-04 22:46:53
(epstopdf)                    size: 6459 bytes
(epstopdf)             Command: <repstopdf --outfile=class_s_l_r_tutor_window_a
f354f1473076474bef37f1d1c8c57d61_cgraph-eps-converted-to.pdf class_s_l_r_tutor_
window_af354f1473076474bef37f1d1c8c57d61_cgraph.eps>
(epstopdf)             \includegraphics on input line 1039.
Package epstopdf Info: Output file is already uptodate.
 <./class_s_l_r_tutor_window_af354f1473076474bef37f1d1c8c57d61_cgraph-eps-conve
rted-to.pdf>
<class_s_l_r_tutor_window_af354f1473076474bef37f1d1c8c57d61_cgraph-eps-converte
d-to.pdf, id=11196, 541.02126pt x 125.46875pt>
File: class_s_l_r_tutor_window_af354f1473076474bef37f1d1c8c57d61_cgraph-eps-con
verted-to.pdf Graphic file (type pdf)
<use class_s_l_r_tutor_window_af354f1473076474bef37f1d1c8c57d61_cgraph-eps-conv
erted-to.pdf>
Package pdftex.def Info: class_s_l_r_tutor_window_af354f1473076474bef37f1d1c8c5
7d61_cgraph-eps-converted-to.pdf  used on input line 1039.
(pdftex.def)             Requested size: 350.0pt x 81.1708pt.
Package epstopdf Info: Source file: <class_s_l_r_tutor_window_af354f1473076474b
ef37f1d1c8c57d61_icgraph.eps>
(epstopdf)                    date: 2026-10-04 22:45:38
(epstopdf)                    size: 5405 bytes
(epstopdf)             Output file: <class_s_l_r_tutor_window_af354f1473076474b
ef37f1d1c8c57d61_icgraph-eps-converted-to.pdf>
(epstopdf)                    date: 2026-10-04 22:46:53
(epstopdf)                    size: 6127 bytes
(epstopdf)             Command: <repstopdf --outfile=class_s_l_r_tutor_window_a
f354f1473076474bef37f1d1c8c57d61_icgraph-eps-converted-to.pdf class_s_l_r_tutor
_window_af354f1473076474bef37f1d1c8c57d61_icgraph.eps>
(epstopdf)             \includegraphics on input line 1047.
Package epstopdf Info: Output file is already uptodate.
 <./class_s_l_r_tutor_window_af354f1473076474bef37f1d1c8c57d61_icgraph-eps-conv
erted-to.pdf>
<class_s_l_r_tutor_window_af354f1473076474bef37f1d1c8c57d61_icgraph-eps-convert
ed-to.pdf, id=11203, 341.275pt x 39.14626pt>
File: class_s_l_r_tutor_window_af354f1473076474bef37f1d1c8c57d61_icgraph-eps-co
nverted-to.pdf Graphic file (type pdf)
<use class_s_l_r_tutor_window_af354f1473076474bef37f1d1c8c57d61_icgraph-eps-con
verted-to.pdf>
Package pdftex.def Info: class_s_l_r_tutor_window_af354f1473076474bef37f1d1c8c5
7d61_icgraph-eps-converted-to.pdf  used on input line 1047.
(pdftex.def)             Requested size: 350.0pt x 40.14964pt.
Package epstopdf Info: Source file: <class_s_l_r_tutor_window_af6f53e2065ffb436
315ceca02b9c85b2_cgraph.eps>
(epstopdf)                    date: 2026-10-04 22:45:38
(epstopdf)                    size: 5986 bytes
(epstopdf)             Output file: <class_s_l_r_tutor_window_af6f53e2065ffb436
315ceca02b9c85b2_cgraph-eps-converted-to.pdf>
(epstopdf)                    date: 2026-10-04 22:46:53
(epstopdf)                    size: 5818 bytes
(epstopdf)             Command: <repstopdf --outfile=class_s_l_r_tutor_window_a
f6f53e2065ffb436315ceca02b9c85b2_cgraph-eps-converted-to.pdf class_s_l_r_tutor_
window_af6f53e2065ffb436315ceca02b9c85b2_cgraph.eps>
(epstopdf)             \includegraphics on input line 1061.
Package epstopdf Info: Output file is already uptodate.
 <./class_s_l_r_tutor_window_af6f53e2065ffb436315ceca02b9c85b2_cgraph-eps-conve
rted-to.pdf>
<class_s_l_r_tutor_window_af6f53e2065ffb436315ceca02b9c85b2_cgraph-eps-converte
d-to.pdf, id=11210, 344.28625pt x 57.21375pt>
File: class_s_l_r_tutor_window_af6f53e2065ffb436315ceca02b9c85b2_cgraph-eps-con
verted-to.pdf Graphic file (type pdf)
<use class_s_l_r_tutor_window_af6f53e2065ffb436315ceca02b9c85b2_cgraph-eps-conv
erted-to.pdf>
Package pdftex.def Info: class_s_l_r_tutor_window_af6f53e2065ffb436315ceca02b9c
85b2_cgraph-eps-converted-to.pdf  used on input line 1061.
(pdftex.def)             Requested size: 350.0pt x 58.16342pt.
Package epstopdf Info: Source file: <class_s_l_r_tutor_window_af6f53e2065ffb436
315ceca02b9c85b2_icgraph.eps>
(epstopdf)                    date: 2026-10-04 22:45:38
(epstopdf)                    size: 7663 bytes
(epstopdf)             Output file: <class_s_l_r_tutor_window_af6f53e2065ffb436
315ceca02b9c85b2_icgraph-eps-converted-to.pdf>
(epstopdf)                    date: 2026-10-04 22:46:53
(epstopdf)                    size: 6985 bytes
(epstopdf)             Command: <repstopdf --outfile=class_s_l_r_tutor_window_a
f6f53e2065ffb436315ceca02b9c85b2_icgraph-eps-converted-to.pdf class_s_l_r_tutor
_window_af6f53e2065ffb436315ceca02b9c85b2_icgraph.eps>
(epstopdf)             \includegraphics on input line 1069.
Package epstopdf Info: Output file is already uptodate.
 <./class_s_l_r_tutor_window_af6f53e2065ffb436315ceca02b9c85b2_icgraph-eps-conv
erted-to.pdf>
<class_s_l_r_tutor_window_af6f53e2065ffb436315ceca02b9c85b2_icgraph-eps-convert
ed-to.pdf, id=11217, 388.45125pt x 125.46875pt>
File: class_s_l_r_tutor_window_af6f53e2065ffb436315ceca02b9c85b2_icgraph-eps-co
nverted-to.pdf Graphic file (type pdf)
<use class_s_l_r_tutor_window_af6f53e2065ffb436315ceca02b9c85b2_icgraph-eps-con
verted-to.pdf>
Package pdftex.def Info: class_s_l_r_tutor_window_af6f53e2065ffb436315ceca02b9c
85b2_icgraph-eps-converted-to.pdf  used on input line 1069.
(pdftex.def)             Requested size: 350.0pt x 113.051pt.
Package epstopdf Info: Source file: <class_s_l_r_tutor_window_a3ffb8f88721e3800
00a3eeda5dcac060_cgraph.eps>
(epstopdf)                    date: 2026-10-04 22:45:38
(epstopdf)                    size: 6589 bytes
(epstopdf)             Output file: <class_s_l_r_tutor_window_a3ffb8f88721e3800
00a3eeda5dcac060_cgraph-eps-converted-to.pdf>
(epstopdf)                    date: 2026-10-04 22:46:53
(epstopdf)                    size: 6217 bytes
(epstopdf)             Command: <repstopdf --outfile=class_s_l_r_tutor_window_a
3ffb8f88721e380000a3eeda5dcac060_cgraph-eps-converted-to.pdf class_s_l_r_tutor_
window_a3ffb8f88721e380000a3eeda5dcac060_cgraph.eps>
(epstopdf)             \includegraphics on input line 1087.
Package epstopdf Info: Output file is already uptodate.
 <./class_s_l_r_tutor_window_a3ffb8f88721e380000a3eeda5dcac060_cgraph-eps-conve
rted-to.pdf>
<class_s_l_r_tutor_window_a3ffb8f88721e380000a3eeda5dcac060_cgraph-eps-converte
d-to.pdf, id=11224, 327.2225pt x 88.33pt>
File: class_s_l_r_tutor_window_a3ffb8f88721e380000a3eeda5dcac060_cgraph-eps-con
verted-to.pdf Graphic file (type pdf)
<use class_s_l_r_tutor_window_a3ffb8f88721e380000a3eeda5dcac060_cgraph-eps-conv
erted-to.pdf>
Package pdftex.def Info: class_s_l_r_tutor_window_a3ffb8f88721e380000a3eeda5dca
c060_cgraph-eps-converted-to.pdf  used on input line 1087.
(pdftex.def)             Requested size: 350.0pt x 94.47845pt.
 [181]
Package epstopdf Info: Source file: <class_s_l_r_tutor_window_a3ffb8f88721e3800
00a3eeda5dcac060_icgraph.eps>
(epstopdf)                    date: 2026-10-04 22:45:38
(epstopdf)                    size: 7041 bytes
(epstopdf)             Output file: <class_s_l_r_tutor_window_a3ffb8f88721e3800
00a3eeda5dcac060_icgraph-eps-converted-to.pdf>
(epstopdf)                    date: 2026-10-04 22:46:53
(epstopdf)                    size: 6424 bytes
(epstopdf)             Command: <repstopdf --outfile=class_s_l_r_tutor_window_a
3ffb8f88721e380000a3eeda5dcac060_icgraph-eps-converted-to.pdf class_s_l_r_tutor
_window_a3ffb8f88721e380000a3eeda5dcac060_icgraph.eps>
(epstopdf)             \includegraphics on input line 1095.
Package epstopdf Info: Output file is already uptodate.
 <./class_s_l_r_tutor_window_a3ffb8f88721e380000a3eeda5dcac060_icgraph-eps-conv
erted-to.pdf>
<class_s_l_r_tutor_window_a3ffb8f88721e380000a3eeda5dcac060_icgraph-eps-convert
ed-to.pdf, id=11239, 340.27126pt x 94.3525pt>
File: class_s_l_r_tutor_window_a3ffb8f88721e380000a3eeda5dcac060_icgraph-eps-co
nverted-to.pdf Graphic file (type pdf)
<use class_s_l_r_tutor_window_a3ffb8f88721e380000a3eeda5dcac060_icgraph-eps-con
verted-to.pdf>
Package pdftex.def Info: class_s_l_r_tutor_window_a3ffb8f88721e380000a3eeda5dca
c060_icgraph-eps-converted-to.pdf  used on input line 1095.
(pdftex.def)             Requested size: 350.0pt x 97.05457pt.
Package epstopdf Info: Source file: <class_s_l_r_tutor_window_ac3773d3a51fbd153
e764e8de31c2fec7_icgraph.eps>
(epstopdf)                    date: 2026-10-04 22:45:38
(epstopdf)                    size: 5336 bytes
(epstopdf)             Output file: <class_s_l_r_tutor_window_ac3773d3a51fbd153
e764e8de31c2fec7_icgraph-eps-converted-to.pdf>
(epstopdf)                    date: 2026-10-04 22:46:54
(epstopdf)                    size: 5442 bytes
(epstopdf)             Command: <repstopdf --outfile=class_s_l_r_tutor_window_a
c3773d3a51fbd153e764e8de31c2fec7_icgraph-eps-converted-to.pdf class_s_l_r_tutor
_window_ac3773d3a51fbd153e764e8de31c2fec7_icgraph.eps>
(epstopdf)             \includegraphics on input line 1109.
Package epstopdf Info: Output file is already uptodate.
 <./class_s_l_r_tutor_window_ac3773d3a51fbd153e764e8de31c2fec7_icgraph-eps-conv
erted-to.pdf>
<class_s_l_r_tutor_window_ac3773d3a51fbd153e764e8de31c2fec7_icgraph-eps-convert
ed-to.pdf, id=11246, 363.3575pt x 27.10126pt>
File: class_s_l_r_tutor_window_ac3773d3a51fbd153e764e8de31c2fec7_icgraph-eps-co
nverted-to.pdf Graphic file (type pdf)
<use class_s_l_r_tutor_window_ac3773d3a51fbd153e764e8de31c2fec7_icgraph-eps-con
verted-to.pdf>
Package pdftex.def Info: class_s_l_r_tutor_window_ac3773d3a51fbd153e764e8de31c2
fec7_icgraph-eps-converted-to.pdf  used on input line 1109.
(pdftex.def)             Requested size: 350.0pt x 26.1058pt.
Package epstopdf Info: Source file: <class_s_l_r_tutor_window_a5d6a0efab540b847
afa41085fe7c0532_icgraph.eps>
(epstopdf)                    date: 2026-10-04 22:45:38
(epstopdf)                    size: 5487 bytes
(epstopdf)             Output file: <class_s_l_r_tutor_window_a5d6a0efab540b847
afa41085fe7c0532_icgraph-eps-converted-to.pdf>
(epstopdf)                    date: 2026-10-04 22:46:54
(epstopdf)                    size: 6131 bytes
(epstopdf)             Command: <repstopdf --outfile=class_s_l_r_tutor_window_a
5d6a0efab540b847afa41085fe7c0532_icgraph-eps-converted-to.pdf class_s_l_r_tutor
_window_a5d6a0efab540b847afa41085fe7c0532_icgraph.eps>
(epstopdf)             \includegraphics on input line 1127.
Package epstopdf Info: Output file is already uptodate.
 <./class_s_l_r_tutor_window_a5d6a0efab540b847afa41085fe7c0532_icgraph-eps-conv
erted-to.pdf>
<class_s_l_r_tutor_window_a5d6a0efab540b847afa41085fe7c0532_icgraph-eps-convert
ed-to.pdf, id=11253, 355.3275pt x 39.14626pt>
File: class_s_l_r_tutor_window_a5d6a0efab540b847afa41085fe7c0532_icgraph-eps-co
nverted-to.pdf Graphic file (type pdf)
<use class_s_l_r_tutor_window_a5d6a0efab540b847afa41085fe7c0532_icgraph-eps-con
verted-to.pdf>
Package pdftex.def Info: class_s_l_r_tutor_window_a5d6a0efab540b847afa41085fe7c
0532_icgraph-eps-converted-to.pdf  used on input line 1127.
(pdftex.def)             Requested size: 350.0pt x 38.56076pt.
Package epstopdf Info: Source file: <class_s_l_r_tutor_window_acee95c6fced6c81e
46d3987c1717bad0_cgraph.eps>
(epstopdf)                    date: 2026-10-04 22:45:38
(epstopdf)                    size: 7539 bytes
(epstopdf)             Output file: <class_s_l_r_tutor_window_acee95c6fced6c81e
46d3987c1717bad0_cgraph-eps-converted-to.pdf>
(epstopdf)                    date: 2026-10-04 22:46:54
(epstopdf)                    size: 6230 bytes
(epstopdf)             Command: <repstopdf --outfile=class_s_l_r_tutor_window_a
cee95c6fced6c81e46d3987c1717bad0_cgraph-eps-converted-to.pdf class_s_l_r_tutor_
window_acee95c6fced6c81e46d3987c1717bad0_cgraph.eps>
(epstopdf)             \includegraphics on input line 1145.
Package epstopdf Info: Output file is already uptodate.
 <./class_s_l_r_tutor_window_acee95c6fced6c81e46d3987c1717bad0_cgraph-eps-conve
rted-to.pdf>
<class_s_l_r_tutor_window_acee95c6fced6c81e46d3987c1717bad0_cgraph-eps-converte
d-to.pdf, id=11260, 347.2975pt x 125.46875pt>
File: class_s_l_r_tutor_window_acee95c6fced6c81e46d3987c1717bad0_cgraph-eps-con
verted-to.pdf Graphic file (type pdf)
<use class_s_l_r_tutor_window_acee95c6fced6c81e46d3987c1717bad0_cgraph-eps-conv
erted-to.pdf>
Package pdftex.def Info: class_s_l_r_tutor_window_acee95c6fced6c81e46d3987c1717
bad0_cgraph-eps-converted-to.pdf  used on input line 1145.
(pdftex.def)             Requested size: 350.0pt x 126.45056pt.
 [182]
Package epstopdf Info: Source file: <class_s_l_r_tutor_window_acee95c6fced6c81e
46d3987c1717bad0_icgraph.eps>
(epstopdf)                    date: 2026-10-04 22:45:38
(epstopdf)                    size: 6928 bytes
(epstopdf)             Output file: <class_s_l_r_tutor_window_acee95c6fced6c81e
46d3987c1717bad0_icgraph-eps-converted-to.pdf>
(epstopdf)                    date: 2026-10-04 22:46:54
(epstopdf)                    size: 6550 bytes
(epstopdf)             Command: <repstopdf --outfile=class_s_l_r_tutor_window_a
cee95c6fced6c81e46d3987c1717bad0_icgraph-eps-converted-to.pdf class_s_l_r_tutor
_window_acee95c6fced6c81e46d3987c1717bad0_icgraph.eps>
(epstopdf)             \includegraphics on input line 1153.
Package epstopdf Info: Output file is already uptodate.
 <./class_s_l_r_tutor_window_acee95c6fced6c81e46d3987c1717bad0_icgraph-eps-conv
erted-to.pdf>
<class_s_l_r_tutor_window_acee95c6fced6c81e46d3987c1717bad0_icgraph-eps-convert
ed-to.pdf, id=11275, 525.965pt x 52.195pt>
File: class_s_l_r_tutor_window_acee95c6fced6c81e46d3987c1717bad0_icgraph-eps-co
nverted-to.pdf Graphic file (type pdf)
<use class_s_l_r_tutor_window_acee95c6fced6c81e46d3987c1717bad0_icgraph-eps-con
verted-to.pdf>
Package pdftex.def Info: class_s_l_r_tutor_window_acee95c6fced6c81e46d3987c1717
bad0_icgraph-eps-converted-to.pdf  used on input line 1153.
(pdftex.def)             Requested size: 350.0pt x 34.73392pt.
Package epstopdf Info: Source file: <class_s_l_r_tutor_window_af3fcadd81454b120
1d6451ba5b1fc514_cgraph.eps>
(epstopdf)                    date: 2026-10-04 22:45:38
(epstopdf)                    size: 30842 bytes
(epstopdf)             Output file: <class_s_l_r_tutor_window_af3fcadd81454b120
1d6451ba5b1fc514_cgraph-eps-converted-to.pdf>
(epstopdf)                    date: 2026-10-04 22:46:54
(epstopdf)                    size: 11446 bytes
(epstopdf)             Command: <repstopdf --outfile=class_s_l_r_tutor_window_a
f3fcadd81454b1201d6451ba5b1fc514_cgraph-eps-converted-to.pdf class_s_l_r_tutor_
window_af3fcadd81454b1201d6451ba5b1fc514_cgraph.eps>
(epstopdf)             \includegraphics on input line 1171.
Package epstopdf Info: Output file is already uptodate.
 <./class_s_l_r_tutor_window_af3fcadd81454b1201d6451ba5b1fc514_cgraph-eps-conve
rted-to.pdf>
<class_s_l_r_tutor_window_af3fcadd81454b1201d6451ba5b1fc514_cgraph-eps-converte
d-to.pdf, id=11282, 937.5025pt x 538.01pt>
File: class_s_l_r_tutor_window_af3fcadd81454b1201d6451ba5b1fc514_cgraph-eps-con
verted-to.pdf Graphic file (type pdf)
<use class_s_l_r_tutor_window_af3fcadd81454b1201d6451ba5b1fc514_cgraph-eps-conv
erted-to.pdf>
Package pdftex.def Info: class_s_l_r_tutor_window_af3fcadd81454b1201d6451ba5b1f
c514_cgraph-eps-converted-to.pdf  used on input line 1171.
(pdftex.def)             Requested size: 350.0pt x 200.85022pt.
Package epstopdf Info: Source file: <class_s_l_r_tutor_window_af3fcadd81454b120
1d6451ba5b1fc514_icgraph.eps>
(epstopdf)                    date: 2026-10-04 22:45:38
(epstopdf)                    size: 4845 bytes
(epstopdf)             Output file: <class_s_l_r_tutor_window_af3fcadd81454b120
1d6451ba5b1fc514_icgraph-eps-converted-to.pdf>
(epstopdf)                    date: 2026-10-04 22:46:54
(epstopdf)                    size: 5348 bytes
(epstopdf)             Command: <repstopdf --outfile=class_s_l_r_tutor_window_a
f3fcadd81454b1201d6451ba5b1fc514_icgraph-eps-converted-to.pdf class_s_l_r_tutor
_window_af3fcadd81454b1201d6451ba5b1fc514_icgraph.eps>
(epstopdf)             \includegraphics on input line 1179.
Package epstopdf Info: Output file is already uptodate.
 <./class_s_l_r_tutor_window_af3fcadd81454b1201d6451ba5b1fc514_icgraph-eps-conv
erted-to.pdf>
<class_s_l_r_tutor_window_af3fcadd81454b1201d6451ba5b1fc514_icgraph-eps-convert
ed-to.pdf, id=11289, 154.5775pt x 45.16875pt>
File: class_s_l_r_tutor_window_af3fcadd81454b1201d6451ba5b1fc514_icgraph-eps-co
nverted-to.pdf Graphic file (type pdf)
<use class_s_l_r_tutor_window_af3fcadd81454b1201d6451ba5b1fc514_icgraph-eps-con
verted-to.pdf>
Package pdftex.def Info: class_s_l_r_tutor_window_af3fcadd81454b1201d6451ba5b1f
c514_icgraph-eps-converted-to.pdf  used on input line 1179.
(pdftex.def)             Requested size: 190.0pt x 55.52412pt.
 [183]
Package epstopdf Info: Source file: <class_s_l_r_tutor_window_a154eed8af07ee194
7f969745c16109d0_cgraph.eps>
(epstopdf)                    date: 2026-10-04 22:45:38
(epstopdf)                    size: 55281 bytes
(epstopdf)             Output file: <class_s_l_r_tutor_window_a154eed8af07ee194
7f969745c16109d0_cgraph-eps-converted-to.pdf>
(epstopdf)                    date: 2026-10-04 22:46:55
(epstopdf)                    size: 13985 bytes
(epstopdf)             Command: <repstopdf --outfile=class_s_l_r_tutor_window_a
154eed8af07ee1947f969745c16109d0_cgraph-eps-converted-to.pdf class_s_l_r_tutor_
window_a154eed8af07ee1947f969745c16109d0_cgraph.eps>
(epstopdf)             \includegraphics on input line 1193.
Package epstopdf Info: Output file is already uptodate.
 <./class_s_l_r_tutor_window_a154eed8af07ee1947f969745c16109d0_cgraph-eps-conve
rted-to.pdf>
<class_s_l_r_tutor_window_a154eed8af07ee1947f969745c16109d0_cgraph-eps-converte
d-to.pdf, id=11305, 731.73375pt x 1454.43375pt>
File: class_s_l_r_tutor_window_a154eed8af07ee1947f969745c16109d0_cgraph-eps-con
verted-to.pdf Graphic file (type pdf)
<use class_s_l_r_tutor_window_a154eed8af07ee1947f969745c16109d0_cgraph-eps-conv
erted-to.pdf>
Package pdftex.def Info: class_s_l_r_tutor_window_a154eed8af07ee1947f969745c161
09d0_cgraph-eps-converted-to.pdf  used on input line 1193.
(pdftex.def)             Requested size: 276.71071pt x 550.0pt.
 [184]
Package epstopdf Info: Source file: <class_s_l_r_tutor_window_ada1e6ac6faf76c65
7e8cceff9db99a33_icgraph.eps>
(epstopdf)                    date: 2026-10-04 22:45:38
(epstopdf)                    size: 7570 bytes
(epstopdf)             Output file: <class_s_l_r_tutor_window_ada1e6ac6faf76c65
7e8cceff9db99a33_icgraph-eps-converted-to.pdf>
(epstopdf)                    date: 2026-10-04 22:46:55
(epstopdf)                    size: 6386 bytes
(epstopdf)             Command: <repstopdf --outfile=class_s_l_r_tutor_window_a
da1e6ac6faf76c657e8cceff9db99a33_icgraph-eps-converted-to.pdf class_s_l_r_tutor
_window_ada1e6ac6faf76c657e8cceff9db99a33_icgraph.eps>
(epstopdf)             \includegraphics on input line 1211.
Package epstopdf Info: Output file is already uptodate.
 <./class_s_l_r_tutor_window_ada1e6ac6faf76c657e8cceff9db99a33_icgraph-eps-conv
erted-to.pdf>
<class_s_l_r_tutor_window_ada1e6ac6faf76c657e8cceff9db99a33_icgraph-eps-convert
ed-to.pdf, id=11318, 553.06625pt x 76.285pt>
File: class_s_l_r_tutor_window_ada1e6ac6faf76c657e8cceff9db99a33_icgraph-eps-co
nverted-to.pdf Graphic file (type pdf)
<use class_s_l_r_tutor_window_ada1e6ac6faf76c657e8cceff9db99a33_icgraph-eps-con
verted-to.pdf>
Package pdftex.def Info: class_s_l_r_tutor_window_ada1e6ac6faf76c657e8cceff9db9
9a33_icgraph-eps-converted-to.pdf  used on input line 1211.
(pdftex.def)             Requested size: 350.0pt x 48.27513pt.
Package epstopdf Info: Source file: <class_s_l_r_tutor_window_a71213d42e715ca1c
1e5a02b078bc9b24_icgraph.eps>
(epstopdf)                    date: 2026-10-04 22:45:38
(epstopdf)                    size: 5307 bytes
(epstopdf)             Output file: <class_s_l_r_tutor_window_a71213d42e715ca1c
1e5a02b078bc9b24_icgraph-eps-converted-to.pdf>
(epstopdf)                    date: 2026-10-04 22:46:55
(epstopdf)                    size: 5169 bytes
(epstopdf)             Command: <repstopdf --outfile=class_s_l_r_tutor_window_a
71213d42e715ca1c1e5a02b078bc9b24_icgraph-eps-converted-to.pdf class_s_l_r_tutor
_window_a71213d42e715ca1c1e5a02b078bc9b24_icgraph.eps>
(epstopdf)             \includegraphics on input line 1225.
Package epstopdf Info: Output file is already uptodate.
 <./class_s_l_r_tutor_window_a71213d42e715ca1c1e5a02b078bc9b24_icgraph-eps-conv
erted-to.pdf>
<class_s_l_r_tutor_window_a71213d42e715ca1c1e5a02b078bc9b24_icgraph-eps-convert
ed-to.pdf, id=11327, 332.24126pt x 27.10126pt>
File: class_s_l_r_tutor_window_a71213d42e715ca1c1e5a02b078bc9b24_icgraph-eps-co
nverted-to.pdf Graphic file (type pdf)
<use class_s_l_r_tutor_window_a71213d42e715ca1c1e5a02b078bc9b24_icgraph-eps-con
verted-to.pdf>
Package pdftex.def Info: class_s_l_r_tutor_window_a71213d42e715ca1c1e5a02b078bc
9b24_icgraph-eps-converted-to.pdf  used on input line 1225.
(pdftex.def)             Requested size: 350.0pt x 28.55142pt.
Package epstopdf Info: Source file: <class_s_l_r_tutor_window_a95f4621a5153d59e
3623d1cf6421add7_icgraph.eps>
(epstopdf)                    date: 2026-10-04 22:45:38
(epstopdf)                    size: 9129 bytes
(epstopdf)             Output file: <class_s_l_r_tutor_window_a95f4621a5153d59e
3623d1cf6421add7_icgraph-eps-converted-to.pdf>
(epstopdf)                    date: 2026-10-04 22:46:55
(epstopdf)                    size: 6837 bytes
(epstopdf)             Command: <repstopdf --outfile=class_s_l_r_tutor_window_a
95f4621a5153d59e3623d1cf6421add7_icgraph-eps-converted-to.pdf class_s_l_r_tutor
_window_a95f4621a5153d59e3623d1cf6421add7_icgraph.eps>
(epstopdf)             \includegraphics on input line 1239.
Package epstopdf Info: Output file is already uptodate.
 <./class_s_l_r_tutor_window_a95f4621a5153d59e3623d1cf6421add7_icgraph-eps-conv
erted-to.pdf>
<class_s_l_r_tutor_window_a95f4621a5153d59e3623d1cf6421add7_icgraph-eps-convert
ed-to.pdf, id=11334, 763.85374pt x 97.36375pt>
File: class_s_l_r_tutor_window_a95f4621a5153d59e3623d1cf6421add7_icgraph-eps-co
nverted-to.pdf Graphic file (type pdf)
<use class_s_l_r_tutor_window_a95f4621a5153d59e3623d1cf6421add7_icgraph-eps-con
verted-to.pdf>
Package pdftex.def Info: class_s_l_r_tutor_window_a95f4621a5153d59e3623d1cf6421
add7_icgraph-eps-converted-to.pdf  used on input line 1239.
(pdftex.def)             Requested size: 350.0pt x 44.61255pt.
Package epstopdf Info: Source file: <class_s_l_r_tutor_window_a5ff056eb710cc8aa
f8a81aac37713971_icgraph.eps>
(epstopdf)                    date: 2026-10-04 22:45:39
(epstopdf)                    size: 9133 bytes
(epstopdf)             Output file: <class_s_l_r_tutor_window_a5ff056eb710cc8aa
f8a81aac37713971_icgraph-eps-converted-to.pdf>
(epstopdf)                    date: 2026-10-04 22:46:55
(epstopdf)                    size: 6910 bytes
(epstopdf)             Command: <repstopdf --outfile=class_s_l_r_tutor_window_a
5ff056eb710cc8aaf8a81aac37713971_icgraph-eps-converted-to.pdf class_s_l_r_tutor
_window_a5ff056eb710cc8aaf8a81aac37713971_icgraph.eps>
(epstopdf)             \includegraphics on input line 1253.
Package epstopdf Info: Output file is already uptodate.
 <./class_s_l_r_tutor_window_a5ff056eb710cc8aaf8a81aac37713971_icgraph-eps-conv
erted-to.pdf>
<class_s_l_r_tutor_window_a5ff056eb710cc8aaf8a81aac37713971_icgraph-eps-convert
ed-to.pdf, id=11341, 509.905pt x 106.3975pt>
File: class_s_l_r_tutor_window_a5ff056eb710cc8aaf8a81aac37713971_icgraph-eps-co
nverted-to.pdf Graphic file (type pdf)
<use class_s_l_r_tutor_window_a5ff056eb710cc8aaf8a81aac37713971_icgraph-eps-con
verted-to.pdf>
Package pdftex.def Info: class_s_l_r_tutor_window_a5ff056eb710cc8aaf8a81aac3771
3971_icgraph-eps-converted-to.pdf  used on input line 1253.
(pdftex.def)             Requested size: 350.0pt x 73.03444pt.
Package epstopdf Info: Source file: <class_s_l_r_tutor_window_ab2b2565b40cd32e3
33af31719f3b63b0_icgraph.eps>
(epstopdf)                    date: 2026-10-04 22:45:38
(epstopdf)                    size: 14261 bytes
(epstopdf)             Output file: <class_s_l_r_tutor_window_ab2b2565b40cd32e3
33af31719f3b63b0_icgraph-eps-converted-to.pdf>
(epstopdf)                    date: 2026-10-04 22:46:55
(epstopdf)                    size: 8119 bytes
(epstopdf)             Command: <repstopdf --outfile=class_s_l_r_tutor_window_a
b2b2565b40cd32e333af31719f3b63b0_icgraph-eps-converted-to.pdf class_s_l_r_tutor
_window_ab2b2565b40cd32e333af31719f3b63b0_icgraph.eps>
(epstopdf)             \includegraphics on input line 1267.
Package epstopdf Info: Output file is already uptodate.
 <./class_s_l_r_tutor_window_ab2b2565b40cd32e333af31719f3b63b0_icgraph-eps-conv
erted-to.pdf>
<class_s_l_r_tutor_window_ab2b2565b40cd32e333af31719f3b63b0_icgraph-eps-convert
ed-to.pdf, id=11348, 785.93625pt x 230.8625pt>
File: class_s_l_r_tutor_window_ab2b2565b40cd32e333af31719f3b63b0_icgraph-eps-co
nverted-to.pdf Graphic file (type pdf)
<use class_s_l_r_tutor_window_ab2b2565b40cd32e333af31719f3b63b0_icgraph-eps-con
verted-to.pdf>
Package pdftex.def Info: class_s_l_r_tutor_window_ab2b2565b40cd32e333af31719f3b
63b0_icgraph-eps-converted-to.pdf  used on input line 1267.
(pdftex.def)             Requested size: 350.0pt x 102.81274pt.
 [185]
Package epstopdf Info: Source file: <class_s_l_r_tutor_window_a29cdb46729530ef0
0da0fd07f9813ff2_icgraph.eps>
(epstopdf)                    date: 2026-10-04 22:45:38
(epstopdf)                    size: 5412 bytes
(epstopdf)             Output file: <class_s_l_r_tutor_window_a29cdb46729530ef0
0da0fd07f9813ff2_icgraph-eps-converted-to.pdf>
(epstopdf)                    date: 2026-10-04 22:46:56
(epstopdf)                    size: 5248 bytes
(epstopdf)             Command: <repstopdf --outfile=class_s_l_r_tutor_window_a
29cdb46729530ef00da0fd07f9813ff2_icgraph-eps-converted-to.pdf class_s_l_r_tutor
_window_a29cdb46729530ef00da0fd07f9813ff2_icgraph.eps>
(epstopdf)             \includegraphics on input line 1281.
Package epstopdf Info: Output file is already uptodate.
 <./class_s_l_r_tutor_window_a29cdb46729530ef00da0fd07f9813ff2_icgraph-eps-conv
erted-to.pdf>
<class_s_l_r_tutor_window_a29cdb46729530ef00da0fd07f9813ff2_icgraph-eps-convert
ed-to.pdf, id=11365, 311.1625pt x 39.14626pt>
File: class_s_l_r_tutor_window_a29cdb46729530ef00da0fd07f9813ff2_icgraph-eps-co
nverted-to.pdf Graphic file (type pdf)
<use class_s_l_r_tutor_window_a29cdb46729530ef00da0fd07f9813ff2_icgraph-eps-con
verted-to.pdf>
Package pdftex.def Info: class_s_l_r_tutor_window_a29cdb46729530ef00da0fd07f981
3ff2_icgraph-eps-converted-to.pdf  used on input line 1281.
(pdftex.def)             Requested size: 346.0pt x 43.5293pt.
Package epstopdf Info: Source file: <class_s_l_r_tutor_window_afe3f5f8121d5401c
621cb4396fb067c2_icgraph.eps>
(epstopdf)                    date: 2026-10-04 22:45:38
(epstopdf)                    size: 9071 bytes
(epstopdf)             Output file: <class_s_l_r_tutor_window_afe3f5f8121d5401c
621cb4396fb067c2_icgraph-eps-converted-to.pdf>
(epstopdf)                    date: 2026-10-04 22:46:56
(epstopdf)                    size: 6889 bytes
(epstopdf)             Command: <repstopdf --outfile=class_s_l_r_tutor_window_a
fe3f5f8121d5401c621cb4396fb067c2_icgraph-eps-converted-to.pdf class_s_l_r_tutor
_window_afe3f5f8121d5401c621cb4396fb067c2_icgraph.eps>
(epstopdf)             \includegraphics on input line 1295.
Package epstopdf Info: Output file is already uptodate.
 <./class_s_l_r_tutor_window_afe3f5f8121d5401c621cb4396fb067c2_icgraph-eps-conv
erted-to.pdf>
<class_s_l_r_tutor_window_afe3f5f8121d5401c621cb4396fb067c2_icgraph-eps-convert
ed-to.pdf, id=11372, 784.9325pt x 97.36375pt>
File: class_s_l_r_tutor_window_afe3f5f8121d5401c621cb4396fb067c2_icgraph-eps-co
nverted-to.pdf Graphic file (type pdf)
<use class_s_l_r_tutor_window_afe3f5f8121d5401c621cb4396fb067c2_icgraph-eps-con
verted-to.pdf>
Package pdftex.def Info: class_s_l_r_tutor_window_afe3f5f8121d5401c621cb4396fb0
67c2_icgraph-eps-converted-to.pdf  used on input line 1295.
(pdftex.def)             Requested size: 350.0pt x 43.41512pt.
Package epstopdf Info: Source file: <class_s_l_r_tutor_window_a735621e8cd60c4b6
0c0f80978593438a_icgraph.eps>
(epstopdf)                    date: 2026-10-04 22:45:38
(epstopdf)                    size: 5328 bytes
(epstopdf)             Output file: <class_s_l_r_tutor_window_a735621e8cd60c4b6
0c0f80978593438a_icgraph-eps-converted-to.pdf>
(epstopdf)                    date: 2026-10-04 22:46:56
(epstopdf)                    size: 5225 bytes
(epstopdf)             Command: <repstopdf --outfile=class_s_l_r_tutor_window_a
735621e8cd60c4b60c0f80978593438a_icgraph-eps-converted-to.pdf class_s_l_r_tutor
_window_a735621e8cd60c4b60c0f80978593438a_icgraph.eps>
(epstopdf)             \includegraphics on input line 1309.
Package epstopdf Info: Output file is already uptodate.
 <./class_s_l_r_tutor_window_a735621e8cd60c4b60c0f80978593438a_icgraph-eps-conv
erted-to.pdf>
<class_s_l_r_tutor_window_a735621e8cd60c4b60c0f80978593438a_icgraph-eps-convert
ed-to.pdf, id=11379, 333.245pt x 27.10126pt>
File: class_s_l_r_tutor_window_a735621e8cd60c4b60c0f80978593438a_icgraph-eps-co
nverted-to.pdf Graphic file (type pdf)
<use class_s_l_r_tutor_window_a735621e8cd60c4b60c0f80978593438a_icgraph-eps-con
verted-to.pdf>
Package pdftex.def Info: class_s_l_r_tutor_window_a735621e8cd60c4b60c0f80978593
438a_icgraph-eps-converted-to.pdf  used on input line 1309.
(pdftex.def)             Requested size: 350.0pt x 28.46582pt.
Package epstopdf Info: Source file: <class_s_l_r_tutor_window_aaff00ffe414a36ba
668d15716c45479c_icgraph.eps>
(epstopdf)                    date: 2026-10-04 22:45:38
(epstopdf)                    size: 8967 bytes
(epstopdf)             Output file: <class_s_l_r_tutor_window_aaff00ffe414a36ba
668d15716c45479c_icgraph-eps-converted-to.pdf>
(epstopdf)                    date: 2026-10-04 22:46:56
(epstopdf)                    size: 6820 bytes
(epstopdf)             Command: <repstopdf --outfile=class_s_l_r_tutor_window_a
aff00ffe414a36ba668d15716c45479c_icgraph-eps-converted-to.pdf class_s_l_r_tutor
_window_aaff00ffe414a36ba668d15716c45479c_icgraph.eps>
(epstopdf)             \includegraphics on input line 1323.
Package epstopdf Info: Output file is already uptodate.
 <./class_s_l_r_tutor_window_aaff00ffe414a36ba668d15716c45479c_icgraph-eps-conv
erted-to.pdf>
<class_s_l_r_tutor_window_aaff00ffe414a36ba668d15716c45479c_icgraph-eps-convert
ed-to.pdf, id=11386, 683.55376pt x 99.37125pt>
File: class_s_l_r_tutor_window_aaff00ffe414a36ba668d15716c45479c_icgraph-eps-co
nverted-to.pdf Graphic file (type pdf)
<use class_s_l_r_tutor_window_aaff00ffe414a36ba668d15716c45479c_icgraph-eps-con
verted-to.pdf>
Package pdftex.def Info: class_s_l_r_tutor_window_aaff00ffe414a36ba668d15716c45
479c_icgraph-eps-converted-to.pdf  used on input line 1323.
(pdftex.def)             Requested size: 350.0pt x 50.88184pt.
 [186]
Package epstopdf Info: Source file: <class_s_l_r_tutor_window_ac4017a716f065b29
ea2957f8af15643c_icgraph.eps>
(epstopdf)                    date: 2026-10-04 22:45:38
(epstopdf)                    size: 8972 bytes
(epstopdf)             Output file: <class_s_l_r_tutor_window_ac4017a716f065b29
ea2957f8af15643c_icgraph-eps-converted-to.pdf>
(epstopdf)                    date: 2026-10-04 22:46:56
(epstopdf)                    size: 6842 bytes
(epstopdf)             Command: <repstopdf --outfile=class_s_l_r_tutor_window_a
c4017a716f065b29ea2957f8af15643c_icgraph-eps-converted-to.pdf class_s_l_r_tutor
_window_ac4017a716f065b29ea2957f8af15643c_icgraph.eps>
(epstopdf)             \includegraphics on input line 1337.
Package epstopdf Info: Output file is already uptodate.
 <./class_s_l_r_tutor_window_ac4017a716f065b29ea2957f8af15643c_icgraph-eps-conv
erted-to.pdf>
<class_s_l_r_tutor_window_ac4017a716f065b29ea2957f8af15643c_icgraph-eps-convert
ed-to.pdf, id=11404, 784.9325pt x 89.33376pt>
File: class_s_l_r_tutor_window_ac4017a716f065b29ea2957f8af15643c_icgraph-eps-co
nverted-to.pdf Graphic file (type pdf)
<use class_s_l_r_tutor_window_ac4017a716f065b29ea2957f8af15643c_icgraph-eps-con
verted-to.pdf>
Package pdftex.def Info: class_s_l_r_tutor_window_ac4017a716f065b29ea2957f8af15
643c_icgraph-eps-converted-to.pdf  used on input line 1337.
(pdftex.def)             Requested size: 350.0pt x 39.83449pt.
Package epstopdf Info: Source file: <class_s_l_r_tutor_window_a5c30bd1c6b1ccb27
95d84292ff8f2d5d_icgraph.eps>
(epstopdf)                    date: 2026-10-04 22:45:38
(epstopdf)                    size: 5328 bytes
(epstopdf)             Output file: <class_s_l_r_tutor_window_a5c30bd1c6b1ccb27
95d84292ff8f2d5d_icgraph-eps-converted-to.pdf>
(epstopdf)                    date: 2026-10-04 22:46:56
(epstopdf)                    size: 5187 bytes
(epstopdf)             Command: <repstopdf --outfile=class_s_l_r_tutor_window_a
5c30bd1c6b1ccb2795d84292ff8f2d5d_icgraph-eps-converted-to.pdf class_s_l_r_tutor
_window_a5c30bd1c6b1ccb2795d84292ff8f2d5d_icgraph.eps>
(epstopdf)             \includegraphics on input line 1351.
Package epstopdf Info: Output file is already uptodate.
 <./class_s_l_r_tutor_window_a5c30bd1c6b1ccb2795d84292ff8f2d5d_icgraph-eps-conv
erted-to.pdf>
<class_s_l_r_tutor_window_a5c30bd1c6b1ccb2795d84292ff8f2d5d_icgraph-eps-convert
ed-to.pdf, id=11411, 333.245pt x 27.10126pt>
File: class_s_l_r_tutor_window_a5c30bd1c6b1ccb2795d84292ff8f2d5d_icgraph-eps-co
nverted-to.pdf Graphic file (type pdf)
<use class_s_l_r_tutor_window_a5c30bd1c6b1ccb2795d84292ff8f2d5d_icgraph-eps-con
verted-to.pdf>
Package pdftex.def Info: class_s_l_r_tutor_window_a5c30bd1c6b1ccb2795d84292ff8f
2d5d_icgraph-eps-converted-to.pdf  used on input line 1351.
(pdftex.def)             Requested size: 350.0pt x 28.46582pt.
Package epstopdf Info: Source file: <class_s_l_r_tutor_window_a6e31b87f3ded32f9
95df622b2b2fec52_icgraph.eps>
(epstopdf)                    date: 2026-10-04 22:45:38
(epstopdf)                    size: 5405 bytes
(epstopdf)             Output file: <class_s_l_r_tutor_window_a6e31b87f3ded32f9
95df622b2b2fec52_icgraph-eps-converted-to.pdf>
(epstopdf)                    date: 2026-10-04 22:46:57
(epstopdf)                    size: 5239 bytes
(epstopdf)             Command: <repstopdf --outfile=class_s_l_r_tutor_window_a
6e31b87f3ded32f995df622b2b2fec52_icgraph-eps-converted-to.pdf class_s_l_r_tutor
_window_a6e31b87f3ded32f995df622b2b2fec52_icgraph.eps>
(epstopdf)             \includegraphics on input line 1365.
Package epstopdf Info: Output file is already uptodate.
 <./class_s_l_r_tutor_window_a6e31b87f3ded32f995df622b2b2fec52_icgraph-eps-conv
erted-to.pdf>
<class_s_l_r_tutor_window_a6e31b87f3ded32f995df622b2b2fec52_icgraph-eps-convert
ed-to.pdf, id=11418, 311.1625pt x 39.14626pt>
File: class_s_l_r_tutor_window_a6e31b87f3ded32f995df622b2b2fec52_icgraph-eps-co
nverted-to.pdf Graphic file (type pdf)
<use class_s_l_r_tutor_window_a6e31b87f3ded32f995df622b2b2fec52_icgraph-eps-con
verted-to.pdf>
Package pdftex.def Info: class_s_l_r_tutor_window_a6e31b87f3ded32f995df622b2b2f
ec52_icgraph-eps-converted-to.pdf  used on input line 1365.
(pdftex.def)             Requested size: 346.0pt x 43.5293pt.
Package epstopdf Info: Source file: <class_s_l_r_tutor_window_a3057490ca5753186
3f10ff095674c2aa_icgraph.eps>
(epstopdf)                    date: 2026-10-04 22:45:38
(epstopdf)                    size: 6850 bytes
(epstopdf)             Output file: <class_s_l_r_tutor_window_a3057490ca5753186
3f10ff095674c2aa_icgraph-eps-converted-to.pdf>
(epstopdf)                    date: 2026-10-04 22:46:57
(epstopdf)                    size: 5555 bytes
(epstopdf)             Command: <repstopdf --outfile=class_s_l_r_tutor_window_a
3057490ca57531863f10ff095674c2aa_icgraph-eps-converted-to.pdf class_s_l_r_tutor
_window_a3057490ca57531863f10ff095674c2aa_icgraph.eps>
(epstopdf)             \includegraphics on input line 1379.
Package epstopdf Info: Output file is already uptodate.
 <./class_s_l_r_tutor_window_a3057490ca57531863f10ff095674c2aa_icgraph-eps-conv
erted-to.pdf>
<class_s_l_r_tutor_window_a3057490ca57531863f10ff095674c2aa_icgraph-eps-convert
ed-to.pdf, id=11425, 500.87125pt x 52.195pt>
File: class_s_l_r_tutor_window_a3057490ca57531863f10ff095674c2aa_icgraph-eps-co
nverted-to.pdf Graphic file (type pdf)
<use class_s_l_r_tutor_window_a3057490ca57531863f10ff095674c2aa_icgraph-eps-con
verted-to.pdf>
Package pdftex.def Info: class_s_l_r_tutor_window_a3057490ca57531863f10ff095674
c2aa_icgraph-eps-converted-to.pdf  used on input line 1379.
(pdftex.def)             Requested size: 350.0pt x 36.47412pt.
Package epstopdf Info: Source file: <class_s_l_r_tutor_window_a1ddc0f3362ec35cc
bf7f3a326c50cfb6_icgraph.eps>
(epstopdf)                    date: 2026-10-04 22:45:38
(epstopdf)                    size: 14050 bytes
(epstopdf)             Output file: <class_s_l_r_tutor_window_a1ddc0f3362ec35cc
bf7f3a326c50cfb6_icgraph-eps-converted-to.pdf>
(epstopdf)                    date: 2026-10-04 22:46:57
(epstopdf)                    size: 8090 bytes
(epstopdf)             Command: <repstopdf --outfile=class_s_l_r_tutor_window_a
1ddc0f3362ec35ccbf7f3a326c50cfb6_icgraph-eps-converted-to.pdf class_s_l_r_tutor
_window_a1ddc0f3362ec35ccbf7f3a326c50cfb6_icgraph.eps>
(epstopdf)             \includegraphics on input line 1393.
Package epstopdf Info: Output file is already uptodate.
 <./class_s_l_r_tutor_window_a1ddc0f3362ec35ccbf7f3a326c50cfb6_icgraph-eps-conv
erted-to.pdf>
<class_s_l_r_tutor_window_a1ddc0f3362ec35ccbf7f3a326c50cfb6_icgraph-eps-convert
ed-to.pdf, id=11432, 1053.9375pt x 176.66pt>
File: class_s_l_r_tutor_window_a1ddc0f3362ec35ccbf7f3a326c50cfb6_icgraph-eps-co
nverted-to.pdf Graphic file (type pdf)
<use class_s_l_r_tutor_window_a1ddc0f3362ec35ccbf7f3a326c50cfb6_icgraph-eps-con
verted-to.pdf>
Package pdftex.def Info: class_s_l_r_tutor_window_a1ddc0f3362ec35ccbf7f3a326c50
cfb6_icgraph-eps-converted-to.pdf  used on input line 1393.
(pdftex.def)             Requested size: 350.0pt x 58.66727pt.
Package epstopdf Info: Source file: <class_s_l_r_tutor_window_a81410ccd351a369f
2198021c717e4f11_icgraph.eps>
(epstopdf)                    date: 2026-10-04 22:45:38
(epstopdf)                    size: 8972 bytes
(epstopdf)             Output file: <class_s_l_r_tutor_window_a81410ccd351a369f
2198021c717e4f11_icgraph-eps-converted-to.pdf>
(epstopdf)                    date: 2026-10-04 22:46:57
(epstopdf)                    size: 6924 bytes
(epstopdf)             Command: <repstopdf --outfile=class_s_l_r_tutor_window_a
81410ccd351a369f2198021c717e4f11_icgraph-eps-converted-to.pdf class_s_l_r_tutor
_window_a81410ccd351a369f2198021c717e4f11_icgraph.eps>
(epstopdf)             \includegraphics on input line 1407.
Package epstopdf Info: Output file is already uptodate.
 <./class_s_l_r_tutor_window_a81410ccd351a369f2198021c717e4f11_icgraph-eps-conv
erted-to.pdf>
<class_s_l_r_tutor_window_a81410ccd351a369f2198021c717e4f11_icgraph-eps-convert
ed-to.pdf, id=11439, 695.59875pt x 76.285pt>
File: class_s_l_r_tutor_window_a81410ccd351a369f2198021c717e4f11_icgraph-eps-co
nverted-to.pdf Graphic file (type pdf)
<use class_s_l_r_tutor_window_a81410ccd351a369f2198021c717e4f11_icgraph-eps-con
verted-to.pdf>
Package pdftex.def Info: class_s_l_r_tutor_window_a81410ccd351a369f2198021c717e
4f11_icgraph-eps-converted-to.pdf  used on input line 1407.
(pdftex.def)             Requested size: 350.0pt x 38.38335pt.
 [187]
Package epstopdf Info: Source file: <class_s_l_r_tutor_window_a6f63d2a8ba634d3a
23f04eab6aac1158_icgraph.eps>
(epstopdf)                    date: 2026-10-04 22:45:38
(epstopdf)                    size: 8972 bytes
(epstopdf)             Output file: <class_s_l_r_tutor_window_a6f63d2a8ba634d3a
23f04eab6aac1158_icgraph-eps-converted-to.pdf>
(epstopdf)                    date: 2026-10-04 22:46:57
(epstopdf)                    size: 6991 bytes
(epstopdf)             Command: <repstopdf --outfile=class_s_l_r_tutor_window_a
6f63d2a8ba634d3a23f04eab6aac1158_icgraph-eps-converted-to.pdf class_s_l_r_tutor
_window_a6f63d2a8ba634d3a23f04eab6aac1158_icgraph.eps>
(epstopdf)             \includegraphics on input line 1421.
Package epstopdf Info: Output file is already uptodate.
 <./class_s_l_r_tutor_window_a6f63d2a8ba634d3a23f04eab6aac1158_icgraph-eps-conv
erted-to.pdf>
<class_s_l_r_tutor_window_a6f63d2a8ba634d3a23f04eab6aac1158_icgraph-eps-convert
ed-to.pdf, id=11456, 695.59875pt x 76.285pt>
File: class_s_l_r_tutor_window_a6f63d2a8ba634d3a23f04eab6aac1158_icgraph-eps-co
nverted-to.pdf Graphic file (type pdf)
<use class_s_l_r_tutor_window_a6f63d2a8ba634d3a23f04eab6aac1158_icgraph-eps-con
verted-to.pdf>
Package pdftex.def Info: class_s_l_r_tutor_window_a6f63d2a8ba634d3a23f04eab6aac
1158_icgraph-eps-converted-to.pdf  used on input line 1421.
(pdftex.def)             Requested size: 350.0pt x 38.38335pt.
Package epstopdf Info: Source file: <class_s_l_r_tutor_window_a9136988ee75fb53d
4ed6a8d19d878aa5_cgraph.eps>
(epstopdf)                    date: 2026-10-04 22:45:38
(epstopdf)                    size: 5457 bytes
(epstopdf)             Output file: <class_s_l_r_tutor_window_a9136988ee75fb53d
4ed6a8d19d878aa5_cgraph-eps-converted-to.pdf>
(epstopdf)                    date: 2026-10-04 22:46:57
(epstopdf)                    size: 5326 bytes
(epstopdf)             Command: <repstopdf --outfile=class_s_l_r_tutor_window_a
9136988ee75fb53d4ed6a8d19d878aa5_cgraph-eps-converted-to.pdf class_s_l_r_tutor_
window_a9136988ee75fb53d4ed6a8d19d878aa5_cgraph.eps>
(epstopdf)             \includegraphics on input line 1435.
Package epstopdf Info: Output file is already uptodate.
 <./class_s_l_r_tutor_window_a9136988ee75fb53d4ed6a8d19d878aa5_cgraph-eps-conve
rted-to.pdf>
<class_s_l_r_tutor_window_a9136988ee75fb53d4ed6a8d19d878aa5_cgraph-eps-converte
d-to.pdf, id=11463, 331.2375pt x 39.14626pt>
File: class_s_l_r_tutor_window_a9136988ee75fb53d4ed6a8d19d878aa5_cgraph-eps-con
verted-to.pdf Graphic file (type pdf)
<use class_s_l_r_tutor_window_a9136988ee75fb53d4ed6a8d19d878aa5_cgraph-eps-conv
erted-to.pdf>
Package pdftex.def Info: class_s_l_r_tutor_window_a9136988ee75fb53d4ed6a8d19d87
8aa5_cgraph-eps-converted-to.pdf  used on input line 1435.
(pdftex.def)             Requested size: 350.0pt x 41.3658pt.
Package epstopdf Info: Source file: <class_s_l_r_tutor_window_a9136988ee75fb53d
4ed6a8d19d878aa5_icgraph.eps>
(epstopdf)                    date: 2026-10-04 22:45:38
(epstopdf)                    size: 5328 bytes
(epstopdf)             Output file: <class_s_l_r_tutor_window_a9136988ee75fb53d
4ed6a8d19d878aa5_icgraph-eps-converted-to.pdf>
(epstopdf)                    date: 2026-10-04 22:46:58
(epstopdf)                    size: 5117 bytes
(epstopdf)             Command: <repstopdf --outfile=class_s_l_r_tutor_window_a
9136988ee75fb53d4ed6a8d19d878aa5_icgraph-eps-converted-to.pdf class_s_l_r_tutor
_window_a9136988ee75fb53d4ed6a8d19d878aa5_icgraph.eps>
(epstopdf)             \includegraphics on input line 1443.
Package epstopdf Info: Output file is already uptodate.
 <./class_s_l_r_tutor_window_a9136988ee75fb53d4ed6a8d19d878aa5_icgraph-eps-conv
erted-to.pdf>
<class_s_l_r_tutor_window_a9136988ee75fb53d4ed6a8d19d878aa5_icgraph-eps-convert
ed-to.pdf, id=11470, 331.2375pt x 27.10126pt>
File: class_s_l_r_tutor_window_a9136988ee75fb53d4ed6a8d19d878aa5_icgraph-eps-co
nverted-to.pdf Graphic file (type pdf)
<use class_s_l_r_tutor_window_a9136988ee75fb53d4ed6a8d19d878aa5_icgraph-eps-con
verted-to.pdf>
Package pdftex.def Info: class_s_l_r_tutor_window_a9136988ee75fb53d4ed6a8d19d87
8aa5_icgraph-eps-converted-to.pdf  used on input line 1443.
(pdftex.def)             Requested size: 350.0pt x 28.63785pt.
Package epstopdf Info: Source file: <class_s_l_r_tutor_window_a1f0f3520f3d618a6
c5e777a86f31e5ad_icgraph.eps>
(epstopdf)                    date: 2026-10-04 22:45:38
(epstopdf)                    size: 5405 bytes
(epstopdf)             Output file: <class_s_l_r_tutor_window_a1f0f3520f3d618a6
c5e777a86f31e5ad_icgraph-eps-converted-to.pdf>
(epstopdf)                    date: 2026-10-04 22:46:58
(epstopdf)                    size: 5192 bytes
(epstopdf)             Command: <repstopdf --outfile=class_s_l_r_tutor_window_a
1f0f3520f3d618a6c5e777a86f31e5ad_icgraph-eps-converted-to.pdf class_s_l_r_tutor
_window_a1f0f3520f3d618a6c5e777a86f31e5ad_icgraph.eps>
(epstopdf)             \includegraphics on input line 1457.
Package epstopdf Info: Output file is already uptodate.
 <./class_s_l_r_tutor_window_a1f0f3520f3d618a6c5e777a86f31e5ad_icgraph-eps-conv
erted-to.pdf>
<class_s_l_r_tutor_window_a1f0f3520f3d618a6c5e777a86f31e5ad_icgraph-eps-convert
ed-to.pdf, id=11477, 311.1625pt x 39.14626pt>
File: class_s_l_r_tutor_window_a1f0f3520f3d618a6c5e777a86f31e5ad_icgraph-eps-co
nverted-to.pdf Graphic file (type pdf)
<use class_s_l_r_tutor_window_a1f0f3520f3d618a6c5e777a86f31e5ad_icgraph-eps-con
verted-to.pdf>
Package pdftex.def Info: class_s_l_r_tutor_window_a1f0f3520f3d618a6c5e777a86f31
e5ad_icgraph-eps-converted-to.pdf  used on input line 1457.
(pdftex.def)             Requested size: 346.0pt x 43.5293pt.
Package epstopdf Info: Source file: <class_s_l_r_tutor_window_a38744c85866ae1c8
df6a0f01a61bb0aa_icgraph.eps>
(epstopdf)                    date: 2026-10-04 22:45:38
(epstopdf)                    size: 6351 bytes
(epstopdf)             Output file: <class_s_l_r_tutor_window_a38744c85866ae1c8
df6a0f01a61bb0aa_icgraph-eps-converted-to.pdf>
(epstopdf)                    date: 2026-10-04 22:46:58
(epstopdf)                    size: 5673 bytes
(epstopdf)             Command: <repstopdf --outfile=class_s_l_r_tutor_window_a
38744c85866ae1c8df6a0f01a61bb0aa_icgraph-eps-converted-to.pdf class_s_l_r_tutor
_window_a38744c85866ae1c8df6a0f01a61bb0aa_icgraph.eps>
(epstopdf)             \includegraphics on input line 1471.
Package epstopdf Info: Output file is already uptodate.
 <./class_s_l_r_tutor_window_a38744c85866ae1c8df6a0f01a61bb0aa_icgraph-eps-conv
erted-to.pdf>
<class_s_l_r_tutor_window_a38744c85866ae1c8df6a0f01a61bb0aa_icgraph-eps-convert
ed-to.pdf, id=11484, 370.38374pt x 64.24pt>
File: class_s_l_r_tutor_window_a38744c85866ae1c8df6a0f01a61bb0aa_icgraph-eps-co
nverted-to.pdf Graphic file (type pdf)
<use class_s_l_r_tutor_window_a38744c85866ae1c8df6a0f01a61bb0aa_icgraph-eps-con
verted-to.pdf>
Package pdftex.def Info: class_s_l_r_tutor_window_a38744c85866ae1c8df6a0f01a61b
b0aa_icgraph-eps-converted-to.pdf  used on input line 1471.
(pdftex.def)             Requested size: 350.0pt x 60.70515pt.
 [188]
Package epstopdf Info: Source file: <class_s_l_r_tutor_window_ad129ad32b1dd75ae
ba9f836ce52af48e_icgraph.eps>
(epstopdf)                    date: 2026-10-04 22:45:38
(epstopdf)                    size: 9114 bytes
(epstopdf)             Output file: <class_s_l_r_tutor_window_ad129ad32b1dd75ae
ba9f836ce52af48e_icgraph-eps-converted-to.pdf>
(epstopdf)                    date: 2026-10-04 22:46:58
(epstopdf)                    size: 6859 bytes
(epstopdf)             Command: <repstopdf --outfile=class_s_l_r_tutor_window_a
d129ad32b1dd75aeba9f836ce52af48e_icgraph-eps-converted-to.pdf class_s_l_r_tutor
_window_ad129ad32b1dd75aeba9f836ce52af48e_icgraph.eps>
(epstopdf)             \includegraphics on input line 1489.
Package epstopdf Info: Output file is already uptodate.
 <./class_s_l_r_tutor_window_ad129ad32b1dd75aeba9f836ce52af48e_icgraph-eps-conv
erted-to.pdf>
<class_s_l_r_tutor_window_ad129ad32b1dd75aeba9f836ce52af48e_icgraph-eps-convert
ed-to.pdf, id=11500, 562.1pt x 131.49126pt>
File: class_s_l_r_tutor_window_ad129ad32b1dd75aeba9f836ce52af48e_icgraph-eps-co
nverted-to.pdf Graphic file (type pdf)
<use class_s_l_r_tutor_window_ad129ad32b1dd75aeba9f836ce52af48e_icgraph-eps-con
verted-to.pdf>
Package pdftex.def Info: class_s_l_r_tutor_window_ad129ad32b1dd75aeba9f836ce52a
f48e_icgraph-eps-converted-to.pdf  used on input line 1489.
(pdftex.def)             Requested size: 350.0pt x 81.87485pt.
Package epstopdf Info: Source file: <class_s_l_r_tutor_window_a7f5f278e44249cbd
e487af1c43dbff3a_icgraph.eps>
(epstopdf)                    date: 2026-10-04 22:45:38
(epstopdf)                    size: 8852 bytes
(epstopdf)             Output file: <class_s_l_r_tutor_window_a7f5f278e44249cbd
e487af1c43dbff3a_icgraph-eps-converted-to.pdf>
(epstopdf)                    date: 2026-10-04 22:46:58
(epstopdf)                    size: 6819 bytes
(epstopdf)             Command: <repstopdf --outfile=class_s_l_r_tutor_window_a
7f5f278e44249cbde487af1c43dbff3a_icgraph-eps-converted-to.pdf class_s_l_r_tutor
_window_a7f5f278e44249cbde487af1c43dbff3a_icgraph.eps>
(epstopdf)             \includegraphics on input line 1503.
Package epstopdf Info: Output file is already uptodate.
 <./class_s_l_r_tutor_window_a7f5f278e44249cbde487af1c43dbff3a_icgraph-eps-conv
erted-to.pdf>
<class_s_l_r_tutor_window_a7f5f278e44249cbde487af1c43dbff3a_icgraph-eps-convert
ed-to.pdf, id=11509, 709.65125pt x 82.3075pt>
File: class_s_l_r_tutor_window_a7f5f278e44249cbde487af1c43dbff3a_icgraph-eps-co
nverted-to.pdf Graphic file (type pdf)
<use class_s_l_r_tutor_window_a7f5f278e44249cbde487af1c43dbff3a_icgraph-eps-con
verted-to.pdf>
Package pdftex.def Info: class_s_l_r_tutor_window_a7f5f278e44249cbde487af1c43db
ff3a_icgraph-eps-converted-to.pdf  used on input line 1503.
(pdftex.def)             Requested size: 350.0pt x 40.59476pt.
Package epstopdf Info: Source file: <class_s_l_r_tutor_window_aae8ec8f3ea6caa8f
7f7c4e2df47cc0d8_icgraph.eps>
(epstopdf)                    date: 2026-10-04 22:45:38
(epstopdf)                    size: 5429 bytes
(epstopdf)             Output file: <class_s_l_r_tutor_window_aae8ec8f3ea6caa8f
7f7c4e2df47cc0d8_icgraph-eps-converted-to.pdf>
(epstopdf)                    date: 2026-10-04 22:46:58
(epstopdf)                    size: 6223 bytes
(epstopdf)             Command: <repstopdf --outfile=class_s_l_r_tutor_window_a
ae8ec8f3ea6caa8f7f7c4e2df47cc0d8_icgraph-eps-converted-to.pdf class_s_l_r_tutor
_window_aae8ec8f3ea6caa8f7f7c4e2df47cc0d8_icgraph.eps>
(epstopdf)             \includegraphics on input line 1517.
Package epstopdf Info: Output file is already uptodate.
 <./class_s_l_r_tutor_window_aae8ec8f3ea6caa8f7f7c4e2df47cc0d8_icgraph-eps-conv
erted-to.pdf>
<class_s_l_r_tutor_window_aae8ec8f3ea6caa8f7f7c4e2df47cc0d8_icgraph-eps-convert
ed-to.pdf, id=11518, 364.36125pt x 39.14626pt>
File: class_s_l_r_tutor_window_aae8ec8f3ea6caa8f7f7c4e2df47cc0d8_icgraph-eps-co
nverted-to.pdf Graphic file (type pdf)
<use class_s_l_r_tutor_window_aae8ec8f3ea6caa8f7f7c4e2df47cc0d8_icgraph-eps-con
verted-to.pdf>
Package pdftex.def Info: class_s_l_r_tutor_window_aae8ec8f3ea6caa8f7f7c4e2df47c
c0d8_icgraph-eps-converted-to.pdf  used on input line 1517.
(pdftex.def)             Requested size: 350.0pt x 37.60445pt.
Package epstopdf Info: Source file: <class_s_l_r_tutor_window_a45eddedb7792a984
43718f224d06fc3a_icgraph.eps>
(epstopdf)                    date: 2026-10-04 22:45:38
(epstopdf)                    size: 5489 bytes
(epstopdf)             Output file: <class_s_l_r_tutor_window_a45eddedb7792a984
43718f224d06fc3a_icgraph-eps-converted-to.pdf>
(epstopdf)                    date: 2026-10-04 22:46:59
(epstopdf)                    size: 6002 bytes
(epstopdf)             Command: <repstopdf --outfile=class_s_l_r_tutor_window_a
45eddedb7792a98443718f224d06fc3a_icgraph-eps-converted-to.pdf class_s_l_r_tutor
_window_a45eddedb7792a98443718f224d06fc3a_icgraph.eps>
(epstopdf)             \includegraphics on input line 1531.
Package epstopdf Info: Output file is already uptodate.
 <./class_s_l_r_tutor_window_a45eddedb7792a98443718f224d06fc3a_icgraph-eps-conv
erted-to.pdf>
<class_s_l_r_tutor_window_a45eddedb7792a98443718f224d06fc3a_icgraph-eps-convert
ed-to.pdf, id=11527, 333.245pt x 39.14626pt>
File: class_s_l_r_tutor_window_a45eddedb7792a98443718f224d06fc3a_icgraph-eps-co
nverted-to.pdf Graphic file (type pdf)
<use class_s_l_r_tutor_window_a45eddedb7792a98443718f224d06fc3a_icgraph-eps-con
verted-to.pdf>
Package pdftex.def Info: class_s_l_r_tutor_window_a45eddedb7792a98443718f224d06
fc3a_icgraph-eps-converted-to.pdf  used on input line 1531.
(pdftex.def)             Requested size: 350.0pt x 41.11731pt.

[189]
Package epstopdf Info: Source file: <class_s_l_r_tutor_window_ab52e898595fc7600
11196240b4499db5_cgraph.eps>
(epstopdf)                    date: 2026-10-04 22:45:38
(epstopdf)                    size: 4946 bytes
(epstopdf)             Output file: <class_s_l_r_tutor_window_ab52e898595fc7600
11196240b4499db5_cgraph-eps-converted-to.pdf>
(epstopdf)                    date: 2026-10-04 22:46:59
(epstopdf)                    size: 5471 bytes
(epstopdf)             Command: <repstopdf --outfile=class_s_l_r_tutor_window_a
b52e898595fc760011196240b4499db5_cgraph-eps-converted-to.pdf class_s_l_r_tutor_
window_ab52e898595fc760011196240b4499db5_cgraph.eps>
(epstopdf)             \includegraphics on input line 1549.
Package epstopdf Info: Output file is already uptodate.
 <./class_s_l_r_tutor_window_ab52e898595fc760011196240b4499db5_cgraph-eps-conve
rted-to.pdf>
<class_s_l_r_tutor_window_ab52e898595fc760011196240b4499db5_cgraph-eps-converte
d-to.pdf, id=11543, 184.69pt x 57.21375pt>
File: class_s_l_r_tutor_window_ab52e898595fc760011196240b4499db5_cgraph-eps-con
verted-to.pdf Graphic file (type pdf)
<use class_s_l_r_tutor_window_ab52e898595fc760011196240b4499db5_cgraph-eps-conv
erted-to.pdf>
Package pdftex.def Info: class_s_l_r_tutor_window_ab52e898595fc760011196240b449
9db5_cgraph-eps-converted-to.pdf  used on input line 1549.
(pdftex.def)             Requested size: 220.0pt x 68.1524pt.
Package epstopdf Info: Source file: <class_s_l_r_tutor_window_ab52e898595fc7600
11196240b4499db5_icgraph.eps>
(epstopdf)                    date: 2026-10-04 22:45:38
(epstopdf)                    size: 5968 bytes
(epstopdf)             Output file: <class_s_l_r_tutor_window_ab52e898595fc7600
11196240b4499db5_icgraph-eps-converted-to.pdf>
(epstopdf)                    date: 2026-10-04 22:46:59
(epstopdf)                    size: 6093 bytes
(epstopdf)             Command: <repstopdf --outfile=class_s_l_r_tutor_window_a
b52e898595fc760011196240b4499db5_icgraph-eps-converted-to.pdf class_s_l_r_tutor
_window_ab52e898595fc760011196240b4499db5_icgraph.eps>
(epstopdf)             \includegraphics on input line 1557.
Package epstopdf Info: Output file is already uptodate.
 <./class_s_l_r_tutor_window_ab52e898595fc760011196240b4499db5_icgraph-eps-conv
erted-to.pdf>
<class_s_l_r_tutor_window_ab52e898595fc760011196240b4499db5_icgraph-eps-convert
ed-to.pdf, id=11550, 360.34625pt x 57.21375pt>
File: class_s_l_r_tutor_window_ab52e898595fc760011196240b4499db5_icgraph-eps-co
nverted-to.pdf Graphic file (type pdf)
<use class_s_l_r_tutor_window_ab52e898595fc760011196240b4499db5_icgraph-eps-con
verted-to.pdf>
Package pdftex.def Info: class_s_l_r_tutor_window_ab52e898595fc760011196240b449
9db5_icgraph-eps-converted-to.pdf  used on input line 1557.
(pdftex.def)             Requested size: 350.0pt x 55.57059pt.
Package epstopdf Info: Source file: <class_s_l_r_tutor_window_a99036b2796ed0e0d
0fe135076c4517d7_cgraph.eps>
(epstopdf)                    date: 2026-10-04 22:45:38
(epstopdf)                    size: 5473 bytes
(epstopdf)             Output file: <class_s_l_r_tutor_window_a99036b2796ed0e0d
0fe135076c4517d7_cgraph-eps-converted-to.pdf>
(epstopdf)                    date: 2026-10-04 22:46:59
(epstopdf)                    size: 5686 bytes
(epstopdf)             Command: <repstopdf --outfile=class_s_l_r_tutor_window_a
99036b2796ed0e0d0fe135076c4517d7_cgraph-eps-converted-to.pdf class_s_l_r_tutor_
window_a99036b2796ed0e0d0fe135076c4517d7_cgraph.eps>
(epstopdf)             \includegraphics on input line 1575.
Package epstopdf Info: Output file is already uptodate.
 <./class_s_l_r_tutor_window_a99036b2796ed0e0d0fe135076c4517d7_cgraph-eps-conve
rted-to.pdf>
<class_s_l_r_tutor_window_a99036b2796ed0e0d0fe135076c4517d7_cgraph-eps-converte
d-to.pdf, id=11557, 352.31625pt x 39.14626pt>
File: class_s_l_r_tutor_window_a99036b2796ed0e0d0fe135076c4517d7_cgraph-eps-con
verted-to.pdf Graphic file (type pdf)
<use class_s_l_r_tutor_window_a99036b2796ed0e0d0fe135076c4517d7_cgraph-eps-conv
erted-to.pdf>
Package pdftex.def Info: class_s_l_r_tutor_window_a99036b2796ed0e0d0fe135076c45
17d7_cgraph-eps-converted-to.pdf  used on input line 1575.
(pdftex.def)             Requested size: 350.0pt x 38.8887pt.
Package epstopdf Info: Source file: <class_s_l_r_tutor_window_a99036b2796ed0e0d
0fe135076c4517d7_icgraph.eps>
(epstopdf)                    date: 2026-10-04 22:45:38
(epstopdf)                    size: 5492 bytes
(epstopdf)             Output file: <class_s_l_r_tutor_window_a99036b2796ed0e0d
0fe135076c4517d7_icgraph-eps-converted-to.pdf>
(epstopdf)                    date: 2026-10-04 22:46:59
(epstopdf)                    size: 6018 bytes
(epstopdf)             Command: <repstopdf --outfile=class_s_l_r_tutor_window_a
99036b2796ed0e0d0fe135076c4517d7_icgraph-eps-converted-to.pdf class_s_l_r_tutor
_window_a99036b2796ed0e0d0fe135076c4517d7_icgraph.eps>
(epstopdf)             \includegraphics on input line 1583.
Package epstopdf Info: Output file is already uptodate.
 <./class_s_l_r_tutor_window_a99036b2796ed0e0d0fe135076c4517d7_icgraph-eps-conv
erted-to.pdf>
<class_s_l_r_tutor_window_a99036b2796ed0e0d0fe135076c4517d7_icgraph-eps-convert
ed-to.pdf, id=11564, 360.34625pt x 39.14626pt>
File: class_s_l_r_tutor_window_a99036b2796ed0e0d0fe135076c4517d7_icgraph-eps-co
nverted-to.pdf Graphic file (type pdf)
<use class_s_l_r_tutor_window_a99036b2796ed0e0d0fe135076c4517d7_icgraph-eps-con
verted-to.pdf>
Package pdftex.def Info: class_s_l_r_tutor_window_a99036b2796ed0e0d0fe135076c45
17d7_icgraph-eps-converted-to.pdf  used on input line 1583.
(pdftex.def)             Requested size: 350.0pt x 38.02197pt.
Package epstopdf Info: Source file: <class_s_l_r_tutor_window_a256c4525232d75d7
da8eabe9b1bc9b0c_icgraph.eps>
(epstopdf)                    date: 2026-10-04 22:45:38
(epstopdf)                    size: 5431 bytes
(epstopdf)             Output file: <class_s_l_r_tutor_window_a256c4525232d75d7
da8eabe9b1bc9b0c_icgraph-eps-converted-to.pdf>
(epstopdf)                    date: 2026-10-04 22:46:59
(epstopdf)                    size: 6008 bytes
(epstopdf)             Command: <repstopdf --outfile=class_s_l_r_tutor_window_a
256c4525232d75d7da8eabe9b1bc9b0c_icgraph-eps-converted-to.pdf class_s_l_r_tutor
_window_a256c4525232d75d7da8eabe9b1bc9b0c_icgraph.eps>
(epstopdf)             \includegraphics on input line 1597.
Package epstopdf Info: Output file is already uptodate.
 <./class_s_l_r_tutor_window_a256c4525232d75d7da8eabe9b1bc9b0c_icgraph-eps-conv
erted-to.pdf>
<class_s_l_r_tutor_window_a256c4525232d75d7da8eabe9b1bc9b0c_icgraph-eps-convert
ed-to.pdf, id=11571, 364.36125pt x 39.14626pt>
File: class_s_l_r_tutor_window_a256c4525232d75d7da8eabe9b1bc9b0c_icgraph-eps-co
nverted-to.pdf Graphic file (type pdf)
<use class_s_l_r_tutor_window_a256c4525232d75d7da8eabe9b1bc9b0c_icgraph-eps-con
verted-to.pdf>
Package pdftex.def Info: class_s_l_r_tutor_window_a256c4525232d75d7da8eabe9b1bc
9b0c_icgraph-eps-converted-to.pdf  used on input line 1597.
(pdftex.def)             Requested size: 350.0pt x 37.60445pt.
 [190]
Package epstopdf Info: Source file: <class_s_l_r_tutor_window_a359abee5231623a1
e280c1d7c2497e5c_cgraph.eps>
(epstopdf)                    date: 2026-10-04 22:45:39
(epstopdf)                    size: 5441 bytes
(epstopdf)             Output file: <class_s_l_r_tutor_window_a359abee5231623a1
e280c1d7c2497e5c_cgraph-eps-converted-to.pdf>
(epstopdf)                    date: 2026-10-04 22:47:00
(epstopdf)                    size: 5881 bytes
(epstopdf)             Command: <repstopdf --outfile=class_s_l_r_tutor_window_a
359abee5231623a1e280c1d7c2497e5c_cgraph-eps-converted-to.pdf class_s_l_r_tutor_
window_a359abee5231623a1e280c1d7c2497e5c_cgraph.eps>
(epstopdf)             \includegraphics on input line 1611.
Package epstopdf Info: Output file is already uptodate.
 <./class_s_l_r_tutor_window_a359abee5231623a1e280c1d7c2497e5c_cgraph-eps-conve
rted-to.pdf>
<class_s_l_r_tutor_window_a359abee5231623a1e280c1d7c2497e5c_cgraph-eps-converte
d-to.pdf, id=11587, 304.13625pt x 39.14626pt>
File: class_s_l_r_tutor_window_a359abee5231623a1e280c1d7c2497e5c_cgraph-eps-con
verted-to.pdf Graphic file (type pdf)
<use class_s_l_r_tutor_window_a359abee5231623a1e280c1d7c2497e5c_cgraph-eps-conv
erted-to.pdf>
Package pdftex.def Info: class_s_l_r_tutor_window_a359abee5231623a1e280c1d7c249
7e5c_cgraph-eps-converted-to.pdf  used on input line 1611.
(pdftex.def)             Requested size: 339.0pt x 43.63503pt.
Package epstopdf Info: Source file: <class_s_l_r_tutor_window_a359abee5231623a1
e280c1d7c2497e5c_icgraph.eps>
(epstopdf)                    date: 2026-10-04 22:45:38
(epstopdf)                    size: 6579 bytes
(epstopdf)             Output file: <class_s_l_r_tutor_window_a359abee5231623a1
e280c1d7c2497e5c_icgraph-eps-converted-to.pdf>
(epstopdf)                    date: 2026-10-04 22:47:00
(epstopdf)                    size: 6213 bytes
(epstopdf)             Command: <repstopdf --outfile=class_s_l_r_tutor_window_a
359abee5231623a1e280c1d7c2497e5c_icgraph-eps-converted-to.pdf class_s_l_r_tutor
_window_a359abee5231623a1e280c1d7c2497e5c_icgraph.eps>
(epstopdf)             \includegraphics on input line 1619.
Package epstopdf Info: Output file is already uptodate.
 <./class_s_l_r_tutor_window_a359abee5231623a1e280c1d7c2497e5c_icgraph-eps-conv
erted-to.pdf>
<class_s_l_r_tutor_window_a359abee5231623a1e280c1d7c2497e5c_icgraph-eps-convert
ed-to.pdf, id=11595, 390.45876pt x 76.285pt>
File: class_s_l_r_tutor_window_a359abee5231623a1e280c1d7c2497e5c_icgraph-eps-co
nverted-to.pdf Graphic file (type pdf)
<use class_s_l_r_tutor_window_a359abee5231623a1e280c1d7c2497e5c_icgraph-eps-con
verted-to.pdf>
Package pdftex.def Info: class_s_l_r_tutor_window_a359abee5231623a1e280c1d7c249
7e5c_icgraph-eps-converted-to.pdf  used on input line 1619.
(pdftex.def)             Requested size: 350.0pt x 68.38347pt.
Package epstopdf Info: Source file: <class_s_l_r_tutor_window_ad2558a64cf4a24f4
93aa732558ba9e20_icgraph.eps>
(epstopdf)                    date: 2026-10-04 22:45:38
(epstopdf)                    size: 5370 bytes
(epstopdf)             Output file: <class_s_l_r_tutor_window_ad2558a64cf4a24f4
93aa732558ba9e20_icgraph-eps-converted-to.pdf>
(epstopdf)                    date: 2026-10-04 22:47:00
(epstopdf)                    size: 5817 bytes
(epstopdf)             Command: <repstopdf --outfile=class_s_l_r_tutor_window_a
d2558a64cf4a24f493aa732558ba9e20_icgraph-eps-converted-to.pdf class_s_l_r_tutor
_window_ad2558a64cf4a24f493aa732558ba9e20_icgraph.eps>
(epstopdf)             \includegraphics on input line 1648.
Package epstopdf Info: Output file is already uptodate.
 <./class_s_l_r_tutor_window_ad2558a64cf4a24f493aa732558ba9e20_icgraph-eps-conv
erted-to.pdf>
<class_s_l_r_tutor_window_ad2558a64cf4a24f493aa732558ba9e20_icgraph-eps-convert
ed-to.pdf, id=11602, 390.45876pt x 27.10126pt>
File: class_s_l_r_tutor_window_ad2558a64cf4a24f493aa732558ba9e20_icgraph-eps-co
nverted-to.pdf Graphic file (type pdf)
<use class_s_l_r_tutor_window_ad2558a64cf4a24f493aa732558ba9e20_icgraph-eps-con
verted-to.pdf>
Package pdftex.def Info: class_s_l_r_tutor_window_ad2558a64cf4a24f493aa732558ba
9e20_icgraph-eps-converted-to.pdf  used on input line 1648.
(pdftex.def)             Requested size: 350.0pt x 24.29413pt.
Package epstopdf Info: Source file: <class_s_l_r_tutor_window_a3fea45aa0aab4b7e
6bec29ad91f0a2d9_cgraph.eps>
(epstopdf)                    date: 2026-10-04 22:45:38
(epstopdf)                    size: 9524 bytes
(epstopdf)             Output file: <class_s_l_r_tutor_window_a3fea45aa0aab4b7e
6bec29ad91f0a2d9_cgraph-eps-converted-to.pdf>
(epstopdf)                    date: 2026-10-04 22:47:00
(epstopdf)                    size: 6511 bytes
(epstopdf)             Command: <repstopdf --outfile=class_s_l_r_tutor_window_a
3fea45aa0aab4b7e6bec29ad91f0a2d9_cgraph-eps-converted-to.pdf class_s_l_r_tutor_
window_a3fea45aa0aab4b7e6bec29ad91f0a2d9_cgraph.eps>
(epstopdf)             \includegraphics on input line 1662.
Package epstopdf Info: Output file is already uptodate.
 <./class_s_l_r_tutor_window_a3fea45aa0aab4b7e6bec29ad91f0a2d9_cgraph-eps-conve
rted-to.pdf>
<class_s_l_r_tutor_window_a3fea45aa0aab4b7e6bec29ad91f0a2d9_cgraph-eps-converte
d-to.pdf, id=11609, 840.13875pt x 94.3525pt>
File: class_s_l_r_tutor_window_a3fea45aa0aab4b7e6bec29ad91f0a2d9_cgraph-eps-con
verted-to.pdf Graphic file (type pdf)
<use class_s_l_r_tutor_window_a3fea45aa0aab4b7e6bec29ad91f0a2d9_cgraph-eps-conv
erted-to.pdf>
Package pdftex.def Info: class_s_l_r_tutor_window_a3fea45aa0aab4b7e6bec29ad91f0
a2d9_cgraph-eps-converted-to.pdf  used on input line 1662.
(pdftex.def)             Requested size: 350.0pt x 39.30672pt.
 [191]
Package epstopdf Info: Source file: <class_s_l_r_tutor_window_a3fea45aa0aab4b7e
6bec29ad91f0a2d9_icgraph.eps>
(epstopdf)                    date: 2026-10-04 22:45:38
(epstopdf)                    size: 5379 bytes
(epstopdf)             Output file: <class_s_l_r_tutor_window_a3fea45aa0aab4b7e
6bec29ad91f0a2d9_icgraph-eps-converted-to.pdf>
(epstopdf)                    date: 2026-10-04 22:47:00
(epstopdf)                    size: 5927 bytes
(epstopdf)             Command: <repstopdf --outfile=class_s_l_r_tutor_window_a
3fea45aa0aab4b7e6bec29ad91f0a2d9_icgraph-eps-converted-to.pdf class_s_l_r_tutor
_window_a3fea45aa0aab4b7e6bec29ad91f0a2d9_icgraph.eps>
(epstopdf)             \includegraphics on input line 1670.
Package epstopdf Info: Output file is already uptodate.
 <./class_s_l_r_tutor_window_a3fea45aa0aab4b7e6bec29ad91f0a2d9_icgraph-eps-conv
erted-to.pdf>
<class_s_l_r_tutor_window_a3fea45aa0aab4b7e6bec29ad91f0a2d9_icgraph-eps-convert
ed-to.pdf, id=11625, 411.5375pt x 27.10126pt>
File: class_s_l_r_tutor_window_a3fea45aa0aab4b7e6bec29ad91f0a2d9_icgraph-eps-co
nverted-to.pdf Graphic file (type pdf)
<use class_s_l_r_tutor_window_a3fea45aa0aab4b7e6bec29ad91f0a2d9_icgraph-eps-con
verted-to.pdf>
Package pdftex.def Info: class_s_l_r_tutor_window_a3fea45aa0aab4b7e6bec29ad91f0
a2d9_icgraph-eps-converted-to.pdf  used on input line 1670.
(pdftex.def)             Requested size: 350.0pt x 23.04898pt.
Package epstopdf Info: Source file: <class_s_l_r_tutor_window_a42fc498448d60836
bc846f7538433174_cgraph.eps>
(epstopdf)                    date: 2026-10-04 22:45:38
(epstopdf)                    size: 6521 bytes
(epstopdf)             Output file: <class_s_l_r_tutor_window_a42fc498448d60836
bc846f7538433174_cgraph-eps-converted-to.pdf>
(epstopdf)                    date: 2026-10-04 22:47:00
(epstopdf)                    size: 6005 bytes
(epstopdf)             Command: <repstopdf --outfile=class_s_l_r_tutor_window_a
42fc498448d60836bc846f7538433174_cgraph-eps-converted-to.pdf class_s_l_r_tutor_
window_a42fc498448d60836bc846f7538433174_cgraph.eps>
(epstopdf)             \includegraphics on input line 1684.
Package epstopdf Info: Output file is already uptodate.
 <./class_s_l_r_tutor_window_a42fc498448d60836bc846f7538433174_cgraph-eps-conve
rted-to.pdf>
<class_s_l_r_tutor_window_a42fc498448d60836bc846f7538433174_cgraph-eps-converte
d-to.pdf, id=11632, 550.055pt x 39.14626pt>
File: class_s_l_r_tutor_window_a42fc498448d60836bc846f7538433174_cgraph-eps-con
verted-to.pdf Graphic file (type pdf)
<use class_s_l_r_tutor_window_a42fc498448d60836bc846f7538433174_cgraph-eps-conv
erted-to.pdf>
Package pdftex.def Info: class_s_l_r_tutor_window_a42fc498448d60836bc846f753843
3174_cgraph-eps-converted-to.pdf  used on input line 1684.
(pdftex.def)             Requested size: 350.0pt x 24.90955pt.
Package epstopdf Info: Source file: <class_s_l_r_tutor_window_a42fc498448d60836
bc846f7538433174_icgraph.eps>
(epstopdf)                    date: 2026-10-04 22:45:38
(epstopdf)                    size: 5479 bytes
(epstopdf)             Output file: <class_s_l_r_tutor_window_a42fc498448d60836
bc846f7538433174_icgraph-eps-converted-to.pdf>
(epstopdf)                    date: 2026-10-04 22:47:01
(epstopdf)                    size: 5995 bytes
(epstopdf)             Command: <repstopdf --outfile=class_s_l_r_tutor_window_a
42fc498448d60836bc846f7538433174_icgraph-eps-converted-to.pdf class_s_l_r_tutor
_window_a42fc498448d60836bc846f7538433174_icgraph.eps>
(epstopdf)             \includegraphics on input line 1692.
Package epstopdf Info: Output file is already uptodate.
 <./class_s_l_r_tutor_window_a42fc498448d60836bc846f7538433174_icgraph-eps-conv
erted-to.pdf>
<class_s_l_r_tutor_window_a42fc498448d60836bc846f7538433174_icgraph-eps-convert
ed-to.pdf, id=11639, 390.45876pt x 39.14626pt>
File: class_s_l_r_tutor_window_a42fc498448d60836bc846f7538433174_icgraph-eps-co
nverted-to.pdf Graphic file (type pdf)
<use class_s_l_r_tutor_window_a42fc498448d60836bc846f7538433174_icgraph-eps-con
verted-to.pdf>
Package pdftex.def Info: class_s_l_r_tutor_window_a42fc498448d60836bc846f753843
3174_icgraph-eps-converted-to.pdf  used on input line 1692.
(pdftex.def)             Requested size: 350.0pt x 35.0915pt.
Package epstopdf Info: Source file: <class_s_l_r_tutor_window_ad94197a77eca0485
a4e6e1ef73330c89_cgraph.eps>
(epstopdf)                    date: 2026-10-04 22:45:38
(epstopdf)                    size: 8633 bytes
(epstopdf)             Output file: <class_s_l_r_tutor_window_ad94197a77eca0485
a4e6e1ef73330c89_cgraph-eps-converted-to.pdf>
(epstopdf)                    date: 2026-10-04 22:47:01
(epstopdf)                    size: 6571 bytes
(epstopdf)             Command: <repstopdf --outfile=class_s_l_r_tutor_window_a
d94197a77eca0485a4e6e1ef73330c89_cgraph-eps-converted-to.pdf class_s_l_r_tutor_
window_ad94197a77eca0485a4e6e1ef73330c89_cgraph.eps>
(epstopdf)             \includegraphics on input line 1706.
Package epstopdf Info: Output file is already uptodate.
 <./class_s_l_r_tutor_window_ad94197a77eca0485a4e6e1ef73330c89_cgraph-eps-conve
rted-to.pdf>
<class_s_l_r_tutor_window_ad94197a77eca0485a4e6e1ef73330c89_cgraph-eps-converte
d-to.pdf, id=11646, 593.21625pt x 82.3075pt>
File: class_s_l_r_tutor_window_ad94197a77eca0485a4e6e1ef73330c89_cgraph-eps-con
verted-to.pdf Graphic file (type pdf)
<use class_s_l_r_tutor_window_ad94197a77eca0485a4e6e1ef73330c89_cgraph-eps-conv
erted-to.pdf>
Package pdftex.def Info: class_s_l_r_tutor_window_ad94197a77eca0485a4e6e1ef7333
0c89_cgraph-eps-converted-to.pdf  used on input line 1706.
(pdftex.def)             Requested size: 350.0pt x 48.56349pt.
Package epstopdf Info: Source file: <class_s_l_r_tutor_window_ad94197a77eca0485
a4e6e1ef73330c89_icgraph.eps>
(epstopdf)                    date: 2026-10-04 22:45:38
(epstopdf)                    size: 5479 bytes
(epstopdf)             Output file: <class_s_l_r_tutor_window_ad94197a77eca0485
a4e6e1ef73330c89_icgraph-eps-converted-to.pdf>
(epstopdf)                    date: 2026-10-04 22:47:01
(epstopdf)                    size: 6067 bytes
(epstopdf)             Command: <repstopdf --outfile=class_s_l_r_tutor_window_a
d94197a77eca0485a4e6e1ef73330c89_icgraph-eps-converted-to.pdf class_s_l_r_tutor
_window_ad94197a77eca0485a4e6e1ef73330c89_icgraph.eps>
(epstopdf)             \includegraphics on input line 1714.
Package epstopdf Info: Output file is already uptodate.
 <./class_s_l_r_tutor_window_ad94197a77eca0485a4e6e1ef73330c89_icgraph-eps-conv
erted-to.pdf>
<class_s_l_r_tutor_window_ad94197a77eca0485a4e6e1ef73330c89_icgraph-eps-convert
ed-to.pdf, id=11653, 390.45876pt x 39.14626pt>
File: class_s_l_r_tutor_window_ad94197a77eca0485a4e6e1ef73330c89_icgraph-eps-co
nverted-to.pdf Graphic file (type pdf)
<use class_s_l_r_tutor_window_ad94197a77eca0485a4e6e1ef73330c89_icgraph-eps-con
verted-to.pdf>
Package pdftex.def Info: class_s_l_r_tutor_window_ad94197a77eca0485a4e6e1ef7333
0c89_icgraph-eps-converted-to.pdf  used on input line 1714.
(pdftex.def)             Requested size: 350.0pt x 35.0915pt.
Package epstopdf Info: Source file: <class_s_l_r_tutor_window_a2bd2f1d11eef6ec5
0e455bda74a919d1_cgraph.eps>
(epstopdf)                    date: 2026-10-04 22:45:38
(epstopdf)                    size: 7628 bytes
(epstopdf)             Output file: <class_s_l_r_tutor_window_a2bd2f1d11eef6ec5
0e455bda74a919d1_cgraph-eps-converted-to.pdf>
(epstopdf)                    date: 2026-10-04 22:47:01
(epstopdf)                    size: 6264 bytes
(epstopdf)             Command: <repstopdf --outfile=class_s_l_r_tutor_window_a
2bd2f1d11eef6ec50e455bda74a919d1_cgraph-eps-converted-to.pdf class_s_l_r_tutor_
window_a2bd2f1d11eef6ec50e455bda74a919d1_cgraph.eps>
(epstopdf)             \includegraphics on input line 1728.
Package epstopdf Info: Output file is already uptodate.
 <./class_s_l_r_tutor_window_a2bd2f1d11eef6ec50e455bda74a919d1_cgraph-eps-conve
rted-to.pdf>
<class_s_l_r_tutor_window_a2bd2f1d11eef6ec50e455bda74a919d1_cgraph-eps-converte
d-to.pdf, id=11660, 572.1375pt x 82.3075pt>
File: class_s_l_r_tutor_window_a2bd2f1d11eef6ec50e455bda74a919d1_cgraph-eps-con
verted-to.pdf Graphic file (type pdf)
<use class_s_l_r_tutor_window_a2bd2f1d11eef6ec50e455bda74a919d1_cgraph-eps-conv
erted-to.pdf>
Package pdftex.def Info: class_s_l_r_tutor_window_a2bd2f1d11eef6ec50e455bda74a9
19d1_cgraph-eps-converted-to.pdf  used on input line 1728.
(pdftex.def)             Requested size: 350.0pt x 50.35066pt.
 [192]
Package epstopdf Info: Source file: <class_s_l_r_tutor_window_a2bd2f1d11eef6ec5
0e455bda74a919d1_icgraph.eps>
(epstopdf)                    date: 2026-10-04 22:45:39
(epstopdf)                    size: 5479 bytes
(epstopdf)             Output file: <class_s_l_r_tutor_window_a2bd2f1d11eef6ec5
0e455bda74a919d1_icgraph-eps-converted-to.pdf>
(epstopdf)                    date: 2026-10-04 22:47:01
(epstopdf)                    size: 6087 bytes
(epstopdf)             Command: <repstopdf --outfile=class_s_l_r_tutor_window_a
2bd2f1d11eef6ec50e455bda74a919d1_icgraph-eps-converted-to.pdf class_s_l_r_tutor
_window_a2bd2f1d11eef6ec50e455bda74a919d1_icgraph.eps>
(epstopdf)             \includegraphics on input line 1736.
Package epstopdf Info: Output file is already uptodate.
 <./class_s_l_r_tutor_window_a2bd2f1d11eef6ec50e455bda74a919d1_icgraph-eps-conv
erted-to.pdf>
<class_s_l_r_tutor_window_a2bd2f1d11eef6ec50e455bda74a919d1_icgraph-eps-convert
ed-to.pdf, id=11677, 390.45876pt x 39.14626pt>
File: class_s_l_r_tutor_window_a2bd2f1d11eef6ec50e455bda74a919d1_icgraph-eps-co
nverted-to.pdf Graphic file (type pdf)
<use class_s_l_r_tutor_window_a2bd2f1d11eef6ec50e455bda74a919d1_icgraph-eps-con
verted-to.pdf>
Package pdftex.def Info: class_s_l_r_tutor_window_a2bd2f1d11eef6ec50e455bda74a9
19d1_icgraph-eps-converted-to.pdf  used on input line 1736.
(pdftex.def)             Requested size: 350.0pt x 35.0915pt.
Package epstopdf Info: Source file: <class_s_l_r_tutor_window_a7014c426c4e9b4a5
0a1fa7030e37f150_cgraph.eps>
(epstopdf)                    date: 2026-10-04 22:45:38
(epstopdf)                    size: 6524 bytes
(epstopdf)             Output file: <class_s_l_r_tutor_window_a7014c426c4e9b4a5
0a1fa7030e37f150_cgraph-eps-converted-to.pdf>
(epstopdf)                    date: 2026-10-04 22:47:01
(epstopdf)                    size: 5887 bytes
(epstopdf)             Command: <repstopdf --outfile=class_s_l_r_tutor_window_a
7014c426c4e9b4a50a1fa7030e37f150_cgraph-eps-converted-to.pdf class_s_l_r_tutor_
window_a7014c426c4e9b4a50a1fa7030e37f150_cgraph.eps>
(epstopdf)             \includegraphics on input line 1750.
Package epstopdf Info: Output file is already uptodate.
 <./class_s_l_r_tutor_window_a7014c426c4e9b4a50a1fa7030e37f150_cgraph-eps-conve
rted-to.pdf>
<class_s_l_r_tutor_window_a7014c426c4e9b4a50a1fa7030e37f150_cgraph-eps-converte
d-to.pdf, id=11684, 401.5pt x 76.285pt>
File: class_s_l_r_tutor_window_a7014c426c4e9b4a50a1fa7030e37f150_cgraph-eps-con
verted-to.pdf Graphic file (type pdf)
<use class_s_l_r_tutor_window_a7014c426c4e9b4a50a1fa7030e37f150_cgraph-eps-conv
erted-to.pdf>
Package pdftex.def Info: class_s_l_r_tutor_window_a7014c426c4e9b4a50a1fa7030e37
f150_cgraph-eps-converted-to.pdf  used on input line 1750.
(pdftex.def)             Requested size: 350.0pt x 66.50476pt.
Package epstopdf Info: Source file: <class_s_l_r_tutor_window_a7014c426c4e9b4a5
0a1fa7030e37f150_icgraph.eps>
(epstopdf)                    date: 2026-10-04 22:45:38
(epstopdf)                    size: 5479 bytes
(epstopdf)             Output file: <class_s_l_r_tutor_window_a7014c426c4e9b4a5
0a1fa7030e37f150_icgraph-eps-converted-to.pdf>
(epstopdf)                    date: 2026-10-04 22:47:02
(epstopdf)                    size: 6010 bytes
(epstopdf)             Command: <repstopdf --outfile=class_s_l_r_tutor_window_a
7014c426c4e9b4a50a1fa7030e37f150_icgraph-eps-converted-to.pdf class_s_l_r_tutor
_window_a7014c426c4e9b4a50a1fa7030e37f150_icgraph.eps>
(epstopdf)             \includegraphics on input line 1758.
Package epstopdf Info: Output file is already uptodate.
 <./class_s_l_r_tutor_window_a7014c426c4e9b4a50a1fa7030e37f150_icgraph-eps-conv
erted-to.pdf>
<class_s_l_r_tutor_window_a7014c426c4e9b4a50a1fa7030e37f150_icgraph-eps-convert
ed-to.pdf, id=11691, 390.45876pt x 39.14626pt>
File: class_s_l_r_tutor_window_a7014c426c4e9b4a50a1fa7030e37f150_icgraph-eps-co
nverted-to.pdf Graphic file (type pdf)
<use class_s_l_r_tutor_window_a7014c426c4e9b4a50a1fa7030e37f150_icgraph-eps-con
verted-to.pdf>
Package pdftex.def Info: class_s_l_r_tutor_window_a7014c426c4e9b4a50a1fa7030e37
f150_icgraph-eps-converted-to.pdf  used on input line 1758.
(pdftex.def)             Requested size: 350.0pt x 35.0915pt.
Package epstopdf Info: Source file: <class_s_l_r_tutor_window_aaa40c776379db2c3
69553a586461b965_cgraph.eps>
(epstopdf)                    date: 2026-10-04 22:45:38
(epstopdf)                    size: 8673 bytes
(epstopdf)             Output file: <class_s_l_r_tutor_window_aaa40c776379db2c3
69553a586461b965_cgraph-eps-converted-to.pdf>
(epstopdf)                    date: 2026-10-04 22:47:02
(epstopdf)                    size: 6445 bytes
(epstopdf)             Command: <repstopdf --outfile=class_s_l_r_tutor_window_a
aa40c776379db2c369553a586461b965_cgraph-eps-converted-to.pdf class_s_l_r_tutor_
window_aaa40c776379db2c369553a586461b965_cgraph.eps>
(epstopdf)             \includegraphics on input line 1772.
Package epstopdf Info: Output file is already uptodate.
 <./class_s_l_r_tutor_window_aaa40c776379db2c369553a586461b965_cgraph-eps-conve
rted-to.pdf>
<class_s_l_r_tutor_window_aaa40c776379db2c369553a586461b965_cgraph-eps-converte
d-to.pdf, id=11698, 591.20876pt x 125.46875pt>
File: class_s_l_r_tutor_window_aaa40c776379db2c369553a586461b965_cgraph-eps-con
verted-to.pdf Graphic file (type pdf)
<use class_s_l_r_tutor_window_aaa40c776379db2c369553a586461b965_cgraph-eps-conv
erted-to.pdf>
Package pdftex.def Info: class_s_l_r_tutor_window_aaa40c776379db2c369553a586461
b965_cgraph-eps-converted-to.pdf  used on input line 1772.
(pdftex.def)             Requested size: 350.0pt x 74.28053pt.
Package epstopdf Info: Source file: <class_s_l_r_tutor_window_aaa40c776379db2c3
69553a586461b965_icgraph.eps>
(epstopdf)                    date: 2026-10-04 22:45:38
(epstopdf)                    size: 5379 bytes
(epstopdf)             Output file: <class_s_l_r_tutor_window_aaa40c776379db2c3
69553a586461b965_icgraph-eps-converted-to.pdf>
(epstopdf)                    date: 2026-10-04 22:47:02
(epstopdf)                    size: 5991 bytes
(epstopdf)             Command: <repstopdf --outfile=class_s_l_r_tutor_window_a
aa40c776379db2c369553a586461b965_icgraph-eps-converted-to.pdf class_s_l_r_tutor
_window_aaa40c776379db2c369553a586461b965_icgraph.eps>
(epstopdf)             \includegraphics on input line 1780.
Package epstopdf Info: Output file is already uptodate.
 <./class_s_l_r_tutor_window_aaa40c776379db2c369553a586461b965_icgraph-eps-conv
erted-to.pdf>
<class_s_l_r_tutor_window_aaa40c776379db2c369553a586461b965_icgraph-eps-convert
ed-to.pdf, id=11705, 411.5375pt x 27.10126pt>
File: class_s_l_r_tutor_window_aaa40c776379db2c369553a586461b965_icgraph-eps-co
nverted-to.pdf Graphic file (type pdf)
<use class_s_l_r_tutor_window_aaa40c776379db2c369553a586461b965_icgraph-eps-con
verted-to.pdf>
Package pdftex.def Info: class_s_l_r_tutor_window_aaa40c776379db2c369553a586461
b965_icgraph-eps-converted-to.pdf  used on input line 1780.
(pdftex.def)             Requested size: 350.0pt x 23.04898pt.
 [193]
Package epstopdf Info: Source file: <class_s_l_r_tutor_window_a15ec4f49b4838b8a
a0df2e2226d4627a_cgraph.eps>
(epstopdf)                    date: 2026-10-04 22:45:38
(epstopdf)                    size: 7365 bytes
(epstopdf)             Output file: <class_s_l_r_tutor_window_a15ec4f49b4838b8a
a0df2e2226d4627a_cgraph-eps-converted-to.pdf>
(epstopdf)                    date: 2026-10-04 22:47:02
(epstopdf)                    size: 6106 bytes
(epstopdf)             Command: <repstopdf --outfile=class_s_l_r_tutor_window_a
15ec4f49b4838b8aa0df2e2226d4627a_cgraph-eps-converted-to.pdf class_s_l_r_tutor_
window_a15ec4f49b4838b8aa0df2e2226d4627a_cgraph.eps>
(epstopdf)             \includegraphics on input line 1794.
Package epstopdf Info: Output file is already uptodate.
 <./class_s_l_r_tutor_window_a15ec4f49b4838b8aa0df2e2226d4627a_cgraph-eps-conve
rted-to.pdf>
<class_s_l_r_tutor_window_a15ec4f49b4838b8aa0df2e2226d4627a_cgraph-eps-converte
d-to.pdf, id=11722, 615.29875pt x 64.24pt>
File: class_s_l_r_tutor_window_a15ec4f49b4838b8aa0df2e2226d4627a_cgraph-eps-con
verted-to.pdf Graphic file (type pdf)
<use class_s_l_r_tutor_window_a15ec4f49b4838b8aa0df2e2226d4627a_cgraph-eps-conv
erted-to.pdf>
Package pdftex.def Info: class_s_l_r_tutor_window_a15ec4f49b4838b8aa0df2e2226d4
627a_cgraph-eps-converted-to.pdf  used on input line 1794.
(pdftex.def)             Requested size: 350.0pt x 36.54169pt.
Package epstopdf Info: Source file: <class_s_l_r_tutor_window_a15ec4f49b4838b8a
a0df2e2226d4627a_icgraph.eps>
(epstopdf)                    date: 2026-10-04 22:45:38
(epstopdf)                    size: 6806 bytes
(epstopdf)             Output file: <class_s_l_r_tutor_window_a15ec4f49b4838b8a
a0df2e2226d4627a_icgraph-eps-converted-to.pdf>
(epstopdf)                    date: 2026-10-04 22:47:02
(epstopdf)                    size: 6260 bytes
(epstopdf)             Command: <repstopdf --outfile=class_s_l_r_tutor_window_a
15ec4f49b4838b8aa0df2e2226d4627a_icgraph-eps-converted-to.pdf class_s_l_r_tutor
_window_a15ec4f49b4838b8aa0df2e2226d4627a_icgraph.eps>
(epstopdf)             \includegraphics on input line 1802.
Package epstopdf Info: Output file is already uptodate.
 <./class_s_l_r_tutor_window_a15ec4f49b4838b8aa0df2e2226d4627a_icgraph-eps-conv
erted-to.pdf>
<class_s_l_r_tutor_window_a15ec4f49b4838b8aa0df2e2226d4627a_icgraph-eps-convert
ed-to.pdf, id=11729, 637.38126pt x 46.1725pt>
File: class_s_l_r_tutor_window_a15ec4f49b4838b8aa0df2e2226d4627a_icgraph-eps-co
nverted-to.pdf Graphic file (type pdf)
<use class_s_l_r_tutor_window_a15ec4f49b4838b8aa0df2e2226d4627a_icgraph-eps-con
verted-to.pdf>
Package pdftex.def Info: class_s_l_r_tutor_window_a15ec4f49b4838b8aa0df2e2226d4
627a_icgraph-eps-converted-to.pdf  used on input line 1802.
(pdftex.def)             Requested size: 350.0pt x 25.35406pt.
Package epstopdf Info: Source file: <class_s_l_r_tutor_window_a4f19f7e2d207f0f9
ebc89715a0a5ced0_icgraph.eps>
(epstopdf)                    date: 2026-10-04 22:45:38
(epstopdf)                    size: 6920 bytes
(epstopdf)             Output file: <class_s_l_r_tutor_window_a4f19f7e2d207f0f9
ebc89715a0a5ced0_icgraph-eps-converted-to.pdf>
(epstopdf)                    date: 2026-10-04 22:47:02
(epstopdf)                    size: 6301 bytes
(epstopdf)             Command: <repstopdf --outfile=class_s_l_r_tutor_window_a
4f19f7e2d207f0f9ebc89715a0a5ced0_icgraph-eps-converted-to.pdf class_s_l_r_tutor
_window_a4f19f7e2d207f0f9ebc89715a0a5ced0_icgraph.eps>
(epstopdf)             \includegraphics on input line 1816.
Package epstopdf Info: Output file is already uptodate.
 <./class_s_l_r_tutor_window_a4f19f7e2d207f0f9ebc89715a0a5ced0_icgraph-eps-conv
erted-to.pdf>
<class_s_l_r_tutor_window_a4f19f7e2d207f0f9ebc89715a0a5ced0_icgraph-eps-convert
ed-to.pdf, id=11736, 615.29875pt x 52.195pt>
File: class_s_l_r_tutor_window_a4f19f7e2d207f0f9ebc89715a0a5ced0_icgraph-eps-co
nverted-to.pdf Graphic file (type pdf)
<use class_s_l_r_tutor_window_a4f19f7e2d207f0f9ebc89715a0a5ced0_icgraph-eps-con
verted-to.pdf>
Package pdftex.def Info: class_s_l_r_tutor_window_a4f19f7e2d207f0f9ebc89715a0a5
ced0_icgraph-eps-converted-to.pdf  used on input line 1816.
(pdftex.def)             Requested size: 350.0pt x 29.69012pt.
Package epstopdf Info: Source file: <class_s_l_r_tutor_window_a0f86f583bce2f5d4
5b83d0721eee6a13_cgraph.eps>
(epstopdf)                    date: 2026-10-04 22:45:38
(epstopdf)                    size: 5506 bytes
(epstopdf)             Output file: <class_s_l_r_tutor_window_a0f86f583bce2f5d4
5b83d0721eee6a13_cgraph-eps-converted-to.pdf>
(epstopdf)                    date: 2026-10-04 22:47:03
(epstopdf)                    size: 5885 bytes
(epstopdf)             Command: <repstopdf --outfile=class_s_l_r_tutor_window_a
0f86f583bce2f5d45b83d0721eee6a13_cgraph-eps-converted-to.pdf class_s_l_r_tutor_
window_a0f86f583bce2f5d45b83d0721eee6a13_cgraph.eps>
(epstopdf)             \includegraphics on input line 1830.
Package epstopdf Info: Output file is already uptodate.
 <./class_s_l_r_tutor_window_a0f86f583bce2f5d45b83d0721eee6a13_cgraph-eps-conve
rted-to.pdf>
<class_s_l_r_tutor_window_a0f86f583bce2f5d45b83d0721eee6a13_cgraph-eps-converte
d-to.pdf, id=11744, 346.29375pt x 39.14626pt>
File: class_s_l_r_tutor_window_a0f86f583bce2f5d45b83d0721eee6a13_cgraph-eps-con
verted-to.pdf Graphic file (type pdf)
<use class_s_l_r_tutor_window_a0f86f583bce2f5d45b83d0721eee6a13_cgraph-eps-conv
erted-to.pdf>
Package pdftex.def Info: class_s_l_r_tutor_window_a0f86f583bce2f5d45b83d0721eee
6a13_cgraph-eps-converted-to.pdf  used on input line 1830.
(pdftex.def)             Requested size: 350.0pt x 39.56606pt.
Package epstopdf Info: Source file: <class_s_l_r_tutor_window_a0f86f583bce2f5d4
5b83d0721eee6a13_icgraph.eps>
(epstopdf)                    date: 2026-10-04 22:45:38
(epstopdf)                    size: 7086 bytes
(epstopdf)             Output file: <class_s_l_r_tutor_window_a0f86f583bce2f5d4
5b83d0721eee6a13_icgraph-eps-converted-to.pdf>
(epstopdf)                    date: 2026-10-04 22:47:03
(epstopdf)                    size: 6525 bytes
(epstopdf)             Command: <repstopdf --outfile=class_s_l_r_tutor_window_a
0f86f583bce2f5d45b83d0721eee6a13_icgraph-eps-converted-to.pdf class_s_l_r_tutor
_window_a0f86f583bce2f5d45b83d0721eee6a13_icgraph.eps>
(epstopdf)             \includegraphics on input line 1838.
Package epstopdf Info: Output file is already uptodate.
 <./class_s_l_r_tutor_window_a0f86f583bce2f5d45b83d0721eee6a13_icgraph-eps-conv
erted-to.pdf>
<class_s_l_r_tutor_window_a0f86f583bce2f5d45b83d0721eee6a13_icgraph-eps-convert
ed-to.pdf, id=11751, 594.22pt x 60.225pt>
File: class_s_l_r_tutor_window_a0f86f583bce2f5d45b83d0721eee6a13_icgraph-eps-co
nverted-to.pdf Graphic file (type pdf)
<use class_s_l_r_tutor_window_a0f86f583bce2f5d45b83d0721eee6a13_icgraph-eps-con
verted-to.pdf>
Package pdftex.def Info: class_s_l_r_tutor_window_a0f86f583bce2f5d45b83d0721eee
6a13_icgraph-eps-converted-to.pdf  used on input line 1838.
(pdftex.def)             Requested size: 350.0pt x 35.47453pt.
Package epstopdf Info: Source file: <class_s_l_r_tutor_window_ab67bc48b847b74ad
edfb678363799f2e_cgraph.eps>
(epstopdf)                    date: 2026-10-04 22:45:38
(epstopdf)                    size: 5473 bytes
(epstopdf)             Output file: <class_s_l_r_tutor_window_ab67bc48b847b74ad
edfb678363799f2e_cgraph-eps-converted-to.pdf>
(epstopdf)                    date: 2026-10-04 22:47:03
(epstopdf)                    size: 5807 bytes
(epstopdf)             Command: <repstopdf --outfile=class_s_l_r_tutor_window_a
b67bc48b847b74adedfb678363799f2e_cgraph-eps-converted-to.pdf class_s_l_r_tutor_
window_ab67bc48b847b74adedfb678363799f2e_cgraph.eps>
(epstopdf)             \includegraphics on input line 1852.
Package epstopdf Info: Output file is already uptodate.
 <./class_s_l_r_tutor_window_ab67bc48b847b74adedfb678363799f2e_cgraph-eps-conve
rted-to.pdf>
<class_s_l_r_tutor_window_ab67bc48b847b74adedfb678363799f2e_cgraph-eps-converte
d-to.pdf, id=11758, 367.3725pt x 39.14626pt>
File: class_s_l_r_tutor_window_ab67bc48b847b74adedfb678363799f2e_cgraph-eps-con
verted-to.pdf Graphic file (type pdf)
<use class_s_l_r_tutor_window_ab67bc48b847b74adedfb678363799f2e_cgraph-eps-conv
erted-to.pdf>
Package pdftex.def Info: class_s_l_r_tutor_window_ab67bc48b847b74adedfb67836379
9f2e_cgraph-eps-converted-to.pdf  used on input line 1852.
(pdftex.def)             Requested size: 350.0pt x 37.29742pt.
Package epstopdf Info: Source file: <class_s_l_r_tutor_window_ab67bc48b847b74ad
edfb678363799f2e_icgraph.eps>
(epstopdf)                    date: 2026-10-04 22:45:38
(epstopdf)                    size: 8508 bytes
(epstopdf)             Output file: <class_s_l_r_tutor_window_ab67bc48b847b74ad
edfb678363799f2e_icgraph-eps-converted-to.pdf>
(epstopdf)                    date: 2026-10-04 22:47:03
(epstopdf)                    size: 6728 bytes
(epstopdf)             Command: <repstopdf --outfile=class_s_l_r_tutor_window_a
b67bc48b847b74adedfb678363799f2e_icgraph-eps-converted-to.pdf class_s_l_r_tutor
_window_ab67bc48b847b74adedfb678363799f2e_icgraph.eps>
(epstopdf)             \includegraphics on input line 1860.
Package epstopdf Info: Output file is already uptodate.
 <./class_s_l_r_tutor_window_ab67bc48b847b74adedfb678363799f2e_icgraph-eps-conv
erted-to.pdf>
<class_s_l_r_tutor_window_ab67bc48b847b74adedfb678363799f2e_icgraph-eps-convert
ed-to.pdf, id=11765, 616.3025pt x 102.3825pt>
File: class_s_l_r_tutor_window_ab67bc48b847b74adedfb678363799f2e_icgraph-eps-co
nverted-to.pdf Graphic file (type pdf)
<use class_s_l_r_tutor_window_ab67bc48b847b74adedfb678363799f2e_icgraph-eps-con
verted-to.pdf>
Package pdftex.def Info: class_s_l_r_tutor_window_ab67bc48b847b74adedfb67836379
9f2e_icgraph-eps-converted-to.pdf  used on input line 1860.
(pdftex.def)             Requested size: 350.0pt x 58.14459pt.
 [194]
Package epstopdf Info: Source file: <class_s_l_r_tutor_window_aa8e3d1a0184100e4
eb4a5f752991cebc_cgraph.eps>
(epstopdf)                    date: 2026-10-04 22:45:38
(epstopdf)                    size: 5459 bytes
(epstopdf)             Output file: <class_s_l_r_tutor_window_aa8e3d1a0184100e4
eb4a5f752991cebc_cgraph-eps-converted-to.pdf>
(epstopdf)                    date: 2026-10-04 22:47:03
(epstopdf)                    size: 5784 bytes
(epstopdf)             Command: <repstopdf --outfile=class_s_l_r_tutor_window_a
a8e3d1a0184100e4eb4a5f752991cebc_cgraph-eps-converted-to.pdf class_s_l_r_tutor_
window_aa8e3d1a0184100e4eb4a5f752991cebc_cgraph.eps>
(epstopdf)             \includegraphics on input line 1874.
Package epstopdf Info: Output file is already uptodate.
 <./class_s_l_r_tutor_window_aa8e3d1a0184100e4eb4a5f752991cebc_cgraph-eps-conve
rted-to.pdf>
<class_s_l_r_tutor_window_aa8e3d1a0184100e4eb4a5f752991cebc_cgraph-eps-converte
d-to.pdf, id=11782, 367.3725pt x 39.14626pt>
File: class_s_l_r_tutor_window_aa8e3d1a0184100e4eb4a5f752991cebc_cgraph-eps-con
verted-to.pdf Graphic file (type pdf)
<use class_s_l_r_tutor_window_aa8e3d1a0184100e4eb4a5f752991cebc_cgraph-eps-conv
erted-to.pdf>
Package pdftex.def Info: class_s_l_r_tutor_window_aa8e3d1a0184100e4eb4a5f752991
cebc_cgraph-eps-converted-to.pdf  used on input line 1874.
(pdftex.def)             Requested size: 350.0pt x 37.29742pt.
Package epstopdf Info: Source file: <class_s_l_r_tutor_window_aa8e3d1a0184100e4
eb4a5f752991cebc_icgraph.eps>
(epstopdf)                    date: 2026-10-04 22:45:38
(epstopdf)                    size: 7081 bytes
(epstopdf)             Output file: <class_s_l_r_tutor_window_aa8e3d1a0184100e4
eb4a5f752991cebc_icgraph-eps-converted-to.pdf>
(epstopdf)                    date: 2026-10-04 22:47:03
(epstopdf)                    size: 6462 bytes
(epstopdf)             Command: <repstopdf --outfile=class_s_l_r_tutor_window_a
a8e3d1a0184100e4eb4a5f752991cebc_icgraph-eps-converted-to.pdf class_s_l_r_tutor
_window_aa8e3d1a0184100e4eb4a5f752991cebc_icgraph.eps>
(epstopdf)             \includegraphics on input line 1882.
Package epstopdf Info: Output file is already uptodate.
 <./class_s_l_r_tutor_window_aa8e3d1a0184100e4eb4a5f752991cebc_icgraph-eps-conv
erted-to.pdf>
<class_s_l_r_tutor_window_aa8e3d1a0184100e4eb4a5f752991cebc_icgraph-eps-convert
ed-to.pdf, id=11789, 594.22pt x 60.225pt>
File: class_s_l_r_tutor_window_aa8e3d1a0184100e4eb4a5f752991cebc_icgraph-eps-co
nverted-to.pdf Graphic file (type pdf)
<use class_s_l_r_tutor_window_aa8e3d1a0184100e4eb4a5f752991cebc_icgraph-eps-con
verted-to.pdf>
Package pdftex.def Info: class_s_l_r_tutor_window_aa8e3d1a0184100e4eb4a5f752991
cebc_icgraph-eps-converted-to.pdf  used on input line 1882.
(pdftex.def)             Requested size: 350.0pt x 35.47453pt.
Package epstopdf Info: Source file: <class_s_l_r_tutor_window_a3e843b7e6359884b
e6b106b1ccfdad0c_icgraph.eps>
(epstopdf)                    date: 2026-10-04 22:45:38
(epstopdf)                    size: 7081 bytes
(epstopdf)             Output file: <class_s_l_r_tutor_window_a3e843b7e6359884b
e6b106b1ccfdad0c_icgraph-eps-converted-to.pdf>
(epstopdf)                    date: 2026-10-04 22:47:04
(epstopdf)                    size: 6552 bytes
(epstopdf)             Command: <repstopdf --outfile=class_s_l_r_tutor_window_a
3e843b7e6359884be6b106b1ccfdad0c_icgraph-eps-converted-to.pdf class_s_l_r_tutor
_window_a3e843b7e6359884be6b106b1ccfdad0c_icgraph.eps>
(epstopdf)             \includegraphics on input line 1896.
Package epstopdf Info: Output file is already uptodate.
 <./class_s_l_r_tutor_window_a3e843b7e6359884be6b106b1ccfdad0c_icgraph-eps-conv
erted-to.pdf>
<class_s_l_r_tutor_window_a3e843b7e6359884be6b106b1ccfdad0c_icgraph-eps-convert
ed-to.pdf, id=11796, 594.22pt x 60.225pt>
File: class_s_l_r_tutor_window_a3e843b7e6359884be6b106b1ccfdad0c_icgraph-eps-co
nverted-to.pdf Graphic file (type pdf)
<use class_s_l_r_tutor_window_a3e843b7e6359884be6b106b1ccfdad0c_icgraph-eps-con
verted-to.pdf>
Package pdftex.def Info: class_s_l_r_tutor_window_a3e843b7e6359884be6b106b1ccfd
ad0c_icgraph-eps-converted-to.pdf  used on input line 1896.
(pdftex.def)             Requested size: 350.0pt x 35.47453pt.
Package epstopdf Info: Source file: <class_s_l_r_tutor_window_a81d8fe2deddadb99
5a98b8c6bb8588dc_icgraph.eps>
(epstopdf)                    date: 2026-10-04 22:45:38
(epstopdf)                    size: 7037 bytes
(epstopdf)             Output file: <class_s_l_r_tutor_window_a81d8fe2deddadb99
5a98b8c6bb8588dc_icgraph-eps-converted-to.pdf>
(epstopdf)                    date: 2026-10-04 22:47:04
(epstopdf)                    size: 6347 bytes
(epstopdf)             Command: <repstopdf --outfile=class_s_l_r_tutor_window_a
81d8fe2deddadb995a98b8c6bb8588dc_icgraph-eps-converted-to.pdf class_s_l_r_tutor
_window_a81d8fe2deddadb995a98b8c6bb8588dc_icgraph.eps>
(epstopdf)             \includegraphics on input line 1910.
Package epstopdf Info: Output file is already uptodate.
 <./class_s_l_r_tutor_window_a81d8fe2deddadb995a98b8c6bb8588dc_icgraph-eps-conv
erted-to.pdf>
<class_s_l_r_tutor_window_a81d8fe2deddadb995a98b8c6bb8588dc_icgraph-eps-convert
ed-to.pdf, id=11803, 615.29875pt x 54.2025pt>
File: class_s_l_r_tutor_window_a81d8fe2deddadb995a98b8c6bb8588dc_icgraph-eps-co
nverted-to.pdf Graphic file (type pdf)
<use class_s_l_r_tutor_window_a81d8fe2deddadb995a98b8c6bb8588dc_icgraph-eps-con
verted-to.pdf>
Package pdftex.def Info: class_s_l_r_tutor_window_a81d8fe2deddadb995a98b8c6bb85
88dc_icgraph-eps-converted-to.pdf  used on input line 1910.
(pdftex.def)             Requested size: 350.0pt x 30.83205pt.
Package epstopdf Info: Source file: <class_s_l_r_tutor_window_ad8c5893e6903a57f
19d07d608f050a8c_icgraph.eps>
(epstopdf)                    date: 2026-10-04 22:45:38
(epstopdf)                    size: 7088 bytes
(epstopdf)             Output file: <class_s_l_r_tutor_window_ad8c5893e6903a57f
19d07d608f050a8c_icgraph-eps-converted-to.pdf>
(epstopdf)                    date: 2026-10-04 22:47:04
(epstopdf)                    size: 6379 bytes
(epstopdf)             Command: <repstopdf --outfile=class_s_l_r_tutor_window_a
d8c5893e6903a57f19d07d608f050a8c_icgraph-eps-converted-to.pdf class_s_l_r_tutor
_window_ad8c5893e6903a57f19d07d608f050a8c_icgraph.eps>
(epstopdf)             \includegraphics on input line 1924.
Package epstopdf Info: Output file is already uptodate.
 <./class_s_l_r_tutor_window_ad8c5893e6903a57f19d07d608f050a8c_icgraph-eps-conv
erted-to.pdf>
<class_s_l_r_tutor_window_ad8c5893e6903a57f19d07d608f050a8c_icgraph-eps-convert
ed-to.pdf, id=11810, 594.22pt x 60.225pt>
File: class_s_l_r_tutor_window_ad8c5893e6903a57f19d07d608f050a8c_icgraph-eps-co
nverted-to.pdf Graphic file (type pdf)
<use class_s_l_r_tutor_window_ad8c5893e6903a57f19d07d608f050a8c_icgraph-eps-con
verted-to.pdf>
Package pdftex.def Info: class_s_l_r_tutor_window_ad8c5893e6903a57f19d07d608f05
0a8c_icgraph-eps-converted-to.pdf  used on input line 1924.
(pdftex.def)             Requested size: 350.0pt x 35.47453pt.
 [195]
Package epstopdf Info: Source file: <class_s_l_r_tutor_window_abcc6a3527d120052
efcbdcff69393db6_cgraph.eps>
(epstopdf)                    date: 2026-10-04 22:45:38
(epstopdf)                    size: 5507 bytes
(epstopdf)             Output file: <class_s_l_r_tutor_window_abcc6a3527d120052
efcbdcff69393db6_cgraph-eps-converted-to.pdf>
(epstopdf)                    date: 2026-10-04 22:47:04
(epstopdf)                    size: 5937 bytes
(epstopdf)             Command: <repstopdf --outfile=class_s_l_r_tutor_window_a
bcc6a3527d120052efcbdcff69393db6_cgraph-eps-converted-to.pdf class_s_l_r_tutor_
window_abcc6a3527d120052efcbdcff69393db6_cgraph.eps>
(epstopdf)             \includegraphics on input line 1938.
Package epstopdf Info: Output file is already uptodate.
 <./class_s_l_r_tutor_window_abcc6a3527d120052efcbdcff69393db6_cgraph-eps-conve
rted-to.pdf>
<class_s_l_r_tutor_window_abcc6a3527d120052efcbdcff69393db6_cgraph-eps-converte
d-to.pdf, id=11827, 346.29375pt x 39.14626pt>
File: class_s_l_r_tutor_window_abcc6a3527d120052efcbdcff69393db6_cgraph-eps-con
verted-to.pdf Graphic file (type pdf)
<use class_s_l_r_tutor_window_abcc6a3527d120052efcbdcff69393db6_cgraph-eps-conv
erted-to.pdf>
Package pdftex.def Info: class_s_l_r_tutor_window_abcc6a3527d120052efcbdcff6939
3db6_cgraph-eps-converted-to.pdf  used on input line 1938.
(pdftex.def)             Requested size: 350.0pt x 39.56606pt.
Package epstopdf Info: Source file: <class_s_l_r_tutor_window_abcc6a3527d120052
efcbdcff69393db6_icgraph.eps>
(epstopdf)                    date: 2026-10-04 22:45:39
(epstopdf)                    size: 6922 bytes
(epstopdf)             Output file: <class_s_l_r_tutor_window_abcc6a3527d120052
efcbdcff69393db6_icgraph-eps-converted-to.pdf>
(epstopdf)                    date: 2026-10-04 22:47:04
(epstopdf)                    size: 6410 bytes
(epstopdf)             Command: <repstopdf --outfile=class_s_l_r_tutor_window_a
bcc6a3527d120052efcbdcff69393db6_icgraph-eps-converted-to.pdf class_s_l_r_tutor
_window_abcc6a3527d120052efcbdcff69393db6_icgraph.eps>
(epstopdf)             \includegraphics on input line 1946.
Package epstopdf Info: Output file is already uptodate.
 <./class_s_l_r_tutor_window_abcc6a3527d120052efcbdcff69393db6_icgraph-eps-conv
erted-to.pdf>
<class_s_l_r_tutor_window_abcc6a3527d120052efcbdcff69393db6_icgraph-eps-convert
ed-to.pdf, id=11834, 615.29875pt x 52.195pt>
File: class_s_l_r_tutor_window_abcc6a3527d120052efcbdcff69393db6_icgraph-eps-co
nverted-to.pdf Graphic file (type pdf)
<use class_s_l_r_tutor_window_abcc6a3527d120052efcbdcff69393db6_icgraph-eps-con
verted-to.pdf>
Package pdftex.def Info: class_s_l_r_tutor_window_abcc6a3527d120052efcbdcff6939
3db6_icgraph-eps-converted-to.pdf  used on input line 1946.
(pdftex.def)             Requested size: 350.0pt x 29.69012pt.
Package epstopdf Info: Source file: <class_s_l_r_tutor_window_a94cf3c4a505eba3f
6049c0b61a1647c6_icgraph.eps>
(epstopdf)                    date: 2026-10-04 22:45:38
(epstopdf)                    size: 6813 bytes
(epstopdf)             Output file: <class_s_l_r_tutor_window_a94cf3c4a505eba3f
6049c0b61a1647c6_icgraph-eps-converted-to.pdf>
(epstopdf)                    date: 2026-10-04 22:47:04
(epstopdf)                    size: 6227 bytes
(epstopdf)             Command: <repstopdf --outfile=class_s_l_r_tutor_window_a
94cf3c4a505eba3f6049c0b61a1647c6_icgraph-eps-converted-to.pdf class_s_l_r_tutor
_window_a94cf3c4a505eba3f6049c0b61a1647c6_icgraph.eps>
(epstopdf)             \includegraphics on input line 1960.
Package epstopdf Info: Output file is already uptodate.
 <./class_s_l_r_tutor_window_a94cf3c4a505eba3f6049c0b61a1647c6_icgraph-eps-conv
erted-to.pdf>
<class_s_l_r_tutor_window_a94cf3c4a505eba3f6049c0b61a1647c6_icgraph-eps-convert
ed-to.pdf, id=11841, 636.3775pt x 46.1725pt>
File: class_s_l_r_tutor_window_a94cf3c4a505eba3f6049c0b61a1647c6_icgraph-eps-co
nverted-to.pdf Graphic file (type pdf)
<use class_s_l_r_tutor_window_a94cf3c4a505eba3f6049c0b61a1647c6_icgraph-eps-con
verted-to.pdf>
Package pdftex.def Info: class_s_l_r_tutor_window_a94cf3c4a505eba3f6049c0b61a16
47c6_icgraph-eps-converted-to.pdf  used on input line 1960.
(pdftex.def)             Requested size: 350.0pt x 25.39423pt.
Package epstopdf Info: Source file: <class_s_l_r_tutor_window_ab2721b12dec64b3c
cabeed023179156b_icgraph.eps>
(epstopdf)                    date: 2026-10-04 22:45:38
(epstopdf)                    size: 6915 bytes
(epstopdf)             Output file: <class_s_l_r_tutor_window_ab2721b12dec64b3c
cabeed023179156b_icgraph-eps-converted-to.pdf>
(epstopdf)                    date: 2026-10-04 22:47:05
(epstopdf)                    size: 6328 bytes
(epstopdf)             Command: <repstopdf --outfile=class_s_l_r_tutor_window_a
b2721b12dec64b3ccabeed023179156b_icgraph-eps-converted-to.pdf class_s_l_r_tutor
_window_ab2721b12dec64b3ccabeed023179156b_icgraph.eps>
(epstopdf)             \includegraphics on input line 1974.
Package epstopdf Info: Output file is already uptodate.
 <./class_s_l_r_tutor_window_ab2721b12dec64b3ccabeed023179156b_icgraph-eps-conv
erted-to.pdf>
<class_s_l_r_tutor_window_ab2721b12dec64b3ccabeed023179156b_icgraph-eps-convert
ed-to.pdf, id=11848, 615.29875pt x 52.195pt>
File: class_s_l_r_tutor_window_ab2721b12dec64b3ccabeed023179156b_icgraph-eps-co
nverted-to.pdf Graphic file (type pdf)
<use class_s_l_r_tutor_window_ab2721b12dec64b3ccabeed023179156b_icgraph-eps-con
verted-to.pdf>
Package pdftex.def Info: class_s_l_r_tutor_window_ab2721b12dec64b3ccabeed023179
156b_icgraph-eps-converted-to.pdf  used on input line 1974.
(pdftex.def)             Requested size: 350.0pt x 29.69012pt.
Package epstopdf Info: Source file: <class_s_l_r_tutor_window_a9e1790e9fe3aacc9
ba5c932ba565bcd9_icgraph.eps>
(epstopdf)                    date: 2026-10-04 22:45:38
(epstopdf)                    size: 8259 bytes
(epstopdf)             Output file: <class_s_l_r_tutor_window_a9e1790e9fe3aacc9
ba5c932ba565bcd9_icgraph-eps-converted-to.pdf>
(epstopdf)                    date: 2026-10-04 22:47:05
(epstopdf)                    size: 6628 bytes
(epstopdf)             Command: <repstopdf --outfile=class_s_l_r_tutor_window_a
9e1790e9fe3aacc9ba5c932ba565bcd9_icgraph-eps-converted-to.pdf class_s_l_r_tutor
_window_a9e1790e9fe3aacc9ba5c932ba565bcd9_icgraph.eps>
(epstopdf)             \includegraphics on input line 1988.
Package epstopdf Info: Output file is already uptodate.
 <./class_s_l_r_tutor_window_a9e1790e9fe3aacc9ba5c932ba565bcd9_icgraph-eps-conv
erted-to.pdf>
<class_s_l_r_tutor_window_a9e1790e9fe3aacc9ba5c932ba565bcd9_icgraph-eps-convert
ed-to.pdf, id=11855, 863.225pt x 84.315pt>
File: class_s_l_r_tutor_window_a9e1790e9fe3aacc9ba5c932ba565bcd9_icgraph-eps-co
nverted-to.pdf Graphic file (type pdf)
<use class_s_l_r_tutor_window_a9e1790e9fe3aacc9ba5c932ba565bcd9_icgraph-eps-con
verted-to.pdf>
Package pdftex.def Info: class_s_l_r_tutor_window_a9e1790e9fe3aacc9ba5c932ba565
bcd9_icgraph-eps-converted-to.pdf  used on input line 1988.
(pdftex.def)             Requested size: 350.0pt x 34.18597pt.
 [196]
Package epstopdf Info: Source file: <class_s_l_r_tutor_window_afc86bdaf2c33cd5d
fea3a02ca1bac7aa_cgraph.eps>
(epstopdf)                    date: 2026-10-04 22:45:38
(epstopdf)                    size: 5379 bytes
(epstopdf)             Output file: <class_s_l_r_tutor_window_afc86bdaf2c33cd5d
fea3a02ca1bac7aa_cgraph-eps-converted-to.pdf>
(epstopdf)                    date: 2026-10-04 22:47:05
(epstopdf)                    size: 5610 bytes
(epstopdf)             Command: <repstopdf --outfile=class_s_l_r_tutor_window_a
fc86bdaf2c33cd5dfea3a02ca1bac7aa_cgraph-eps-converted-to.pdf class_s_l_r_tutor_
window_afc86bdaf2c33cd5dfea3a02ca1bac7aa_cgraph.eps>
(epstopdf)             \includegraphics on input line 2002.
Package epstopdf Info: Output file is already uptodate.
 <./class_s_l_r_tutor_window_afc86bdaf2c33cd5dfea3a02ca1bac7aa_cgraph-eps-conve
rted-to.pdf>
<class_s_l_r_tutor_window_afc86bdaf2c33cd5dfea3a02ca1bac7aa_cgraph-eps-converte
d-to.pdf, id=11872, 388.45125pt x 27.10126pt>
File: class_s_l_r_tutor_window_afc86bdaf2c33cd5dfea3a02ca1bac7aa_cgraph-eps-con
verted-to.pdf Graphic file (type pdf)
<use class_s_l_r_tutor_window_afc86bdaf2c33cd5dfea3a02ca1bac7aa_cgraph-eps-conv
erted-to.pdf>
Package pdftex.def Info: class_s_l_r_tutor_window_afc86bdaf2c33cd5dfea3a02ca1ba
c7aa_cgraph-eps-converted-to.pdf  used on input line 2002.
(pdftex.def)             Requested size: 350.0pt x 24.419pt.
Package epstopdf Info: Source file: <class_s_l_r_tutor_window_afc86bdaf2c33cd5d
fea3a02ca1bac7aa_icgraph.eps>
(epstopdf)                    date: 2026-10-04 22:45:38
(epstopdf)                    size: 8259 bytes
(epstopdf)             Output file: <class_s_l_r_tutor_window_afc86bdaf2c33cd5d
fea3a02ca1bac7aa_icgraph-eps-converted-to.pdf>
(epstopdf)                    date: 2026-10-04 22:47:05
(epstopdf)                    size: 6548 bytes
(epstopdf)             Command: <repstopdf --outfile=class_s_l_r_tutor_window_a
fc86bdaf2c33cd5dfea3a02ca1bac7aa_icgraph-eps-converted-to.pdf class_s_l_r_tutor
_window_afc86bdaf2c33cd5dfea3a02ca1bac7aa_icgraph.eps>
(epstopdf)             \includegraphics on input line 2010.
Package epstopdf Info: Output file is already uptodate.
 <./class_s_l_r_tutor_window_afc86bdaf2c33cd5dfea3a02ca1bac7aa_icgraph-eps-conv
erted-to.pdf>
<class_s_l_r_tutor_window_afc86bdaf2c33cd5dfea3a02ca1bac7aa_icgraph-eps-convert
ed-to.pdf, id=11880, 863.225pt x 84.315pt>
File: class_s_l_r_tutor_window_afc86bdaf2c33cd5dfea3a02ca1bac7aa_icgraph-eps-co
nverted-to.pdf Graphic file (type pdf)
<use class_s_l_r_tutor_window_afc86bdaf2c33cd5dfea3a02ca1bac7aa_icgraph-eps-con
verted-to.pdf>
Package pdftex.def Info: class_s_l_r_tutor_window_afc86bdaf2c33cd5dfea3a02ca1ba
c7aa_icgraph-eps-converted-to.pdf  used on input line 2010.
(pdftex.def)             Requested size: 350.0pt x 34.18597pt.
Package epstopdf Info: Source file: <class_s_l_r_tutor_window_a7aa89b93b35a2e55
c5876294d71a04fb_icgraph.eps>
(epstopdf)                    date: 2026-10-04 22:45:38
(epstopdf)                    size: 5368 bytes
(epstopdf)             Output file: <class_s_l_r_tutor_window_a7aa89b93b35a2e55
c5876294d71a04fb_icgraph-eps-converted-to.pdf>
(epstopdf)                    date: 2026-10-04 22:47:05
(epstopdf)                    size: 5613 bytes
(epstopdf)             Command: <repstopdf --outfile=class_s_l_r_tutor_window_a
7aa89b93b35a2e55c5876294d71a04fb_icgraph-eps-converted-to.pdf class_s_l_r_tutor
_window_a7aa89b93b35a2e55c5876294d71a04fb_icgraph.eps>
(epstopdf)             \includegraphics on input line 2024.
Package epstopdf Info: Output file is already uptodate.
 <./class_s_l_r_tutor_window_a7aa89b93b35a2e55c5876294d71a04fb_icgraph-eps-conv
erted-to.pdf>
<class_s_l_r_tutor_window_a7aa89b93b35a2e55c5876294d71a04fb_icgraph-eps-convert
ed-to.pdf, id=11887, 391.4625pt x 27.10126pt>
File: class_s_l_r_tutor_window_a7aa89b93b35a2e55c5876294d71a04fb_icgraph-eps-co
nverted-to.pdf Graphic file (type pdf)
<use class_s_l_r_tutor_window_a7aa89b93b35a2e55c5876294d71a04fb_icgraph-eps-con
verted-to.pdf>
Package pdftex.def Info: class_s_l_r_tutor_window_a7aa89b93b35a2e55c5876294d71a
04fb_icgraph-eps-converted-to.pdf  used on input line 2024.
(pdftex.def)             Requested size: 350.0pt x 24.2321pt.
Package epstopdf Info: Source file: <class_s_l_r_tutor_window_a2e86e3d8d79a7ec9
7ede0623b7bf9730_icgraph.eps>
(epstopdf)                    date: 2026-10-04 22:45:38
(epstopdf)                    size: 5494 bytes
(epstopdf)             Output file: <class_s_l_r_tutor_window_a2e86e3d8d79a7ec9
7ede0623b7bf9730_icgraph-eps-converted-to.pdf>
(epstopdf)                    date: 2026-10-04 22:47:05
(epstopdf)                    size: 6037 bytes
(epstopdf)             Command: <repstopdf --outfile=class_s_l_r_tutor_window_a
2e86e3d8d79a7ec97ede0623b7bf9730_icgraph-eps-converted-to.pdf class_s_l_r_tutor
_window_a2e86e3d8d79a7ec97ede0623b7bf9730_icgraph.eps>
(epstopdf)             \includegraphics on input line 2038.
Package epstopdf Info: Output file is already uptodate.
 <./class_s_l_r_tutor_window_a2e86e3d8d79a7ec97ede0623b7bf9730_icgraph-eps-conv
erted-to.pdf>
<class_s_l_r_tutor_window_a2e86e3d8d79a7ec97ede0623b7bf9730_icgraph-eps-convert
ed-to.pdf, id=11894, 369.38pt x 39.14626pt>
File: class_s_l_r_tutor_window_a2e86e3d8d79a7ec97ede0623b7bf9730_icgraph-eps-co
nverted-to.pdf Graphic file (type pdf)
<use class_s_l_r_tutor_window_a2e86e3d8d79a7ec97ede0623b7bf9730_icgraph-eps-con
verted-to.pdf>
Package pdftex.def Info: class_s_l_r_tutor_window_a2e86e3d8d79a7ec97ede0623b7bf
9730_icgraph-eps-converted-to.pdf  used on input line 2038.
(pdftex.def)             Requested size: 350.0pt x 37.09254pt.
) (./class_s_l_r_wizard.tex
Package epstopdf Info: Source file: <class_s_l_r_wizard__inherit__graph.eps>
(epstopdf)                    date: 2026-10-04 22:45:38
(epstopdf)                    size: 5109 bytes
(epstopdf)             Output file: <class_s_l_r_wizard__inherit__graph-eps-con
verted-to.pdf>
(epstopdf)                    date: 2026-10-04 22:47:06
(epstopdf)                    size: 4961 bytes
(epstopdf)             Command: <repstopdf --outfile=class_s_l_r_wizard__inheri
t__graph-eps-converted-to.pdf class_s_l_r_wizard__inherit__graph.eps>
(epstopdf)             \includegraphics on input line 19.
Package epstopdf Info: Output file is already uptodate.
 <./class_s_l_r_wizard__inherit__graph-eps-converted-to.pdf>
<class_s_l_r_wizard__inherit__graph-eps-converted-to.pdf, id=11905, 74.2775pt x
 83.31125pt>
File: class_s_l_r_wizard__inherit__graph-eps-converted-to.pdf Graphic file (typ
e pdf)
<use class_s_l_r_wizard__inherit__graph-eps-converted-to.pdf>
Package pdftex.def Info: class_s_l_r_wizard__inherit__graph-eps-converted-to.pd
f  used on input line 19.
(pdftex.def)             Requested size: 110.0pt x 123.38387pt.
Package epstopdf Info: Source file: <class_s_l_r_wizard__coll__graph.eps>
(epstopdf)                    date: 2026-10-04 22:45:38
(epstopdf)                    size: 5109 bytes
(epstopdf)             Output file: <class_s_l_r_wizard__coll__graph-eps-conver
ted-to.pdf>
(epstopdf)                    date: 2026-10-04 22:47:06
(epstopdf)                    size: 4961 bytes
(epstopdf)             Command: <repstopdf --outfile=class_s_l_r_wizard__coll__
graph-eps-converted-to.pdf class_s_l_r_wizard__coll__graph.eps>
(epstopdf)             \includegraphics on input line 29.
Package epstopdf Info: Output file is already uptodate.
 <./class_s_l_r_wizard__coll__graph-eps-converted-to.pdf>
<class_s_l_r_wizard__coll__graph-eps-converted-to.pdf, id=11912, 74.2775pt x 83
.31125pt>
File: class_s_l_r_wizard__coll__graph-eps-converted-to.pdf Graphic file (type p
df)
<use class_s_l_r_wizard__coll__graph-eps-converted-to.pdf>
Package pdftex.def Info: class_s_l_r_wizard__coll__graph-eps-converted-to.pdf  
used on input line 29.
(pdftex.def)             Requested size: 110.0pt x 123.38387pt.

[197]
Package epstopdf Info: Source file: <class_s_l_r_wizard_a1833672694f25771c1b66c
4e2b935610_cgraph.eps>
(epstopdf)                    date: 2026-10-04 22:45:38
(epstopdf)                    size: 16236 bytes
(epstopdf)             Output file: <class_s_l_r_wizard_a1833672694f25771c1b66c
4e2b935610_cgraph-eps-converted-to.pdf>
(epstopdf)                    date: 2026-10-04 22:47:06
(epstopdf)                    size: 8561 bytes
(epstopdf)             Command: <repstopdf --outfile=class_s_l_r_wizard_a183367
2694f25771c1b66c4e2b935610_cgraph-eps-converted-to.pdf class_s_l_r_wizard_a1833
672694f25771c1b66c4e2b935610_cgraph.eps>
(epstopdf)             \includegraphics on input line 84.
Package epstopdf Info: Output file is already uptodate.
 <./class_s_l_r_wizard_a1833672694f25771c1b66c4e2b935610_cgraph-eps-converted-t
o.pdf>
<class_s_l_r_wizard_a1833672694f25771c1b66c4e2b935610_cgraph-eps-converted-to.p
df, id=11946, 714.67pt x 295.1025pt>
File: class_s_l_r_wizard_a1833672694f25771c1b66c4e2b935610_cgraph-eps-converted
-to.pdf Graphic file (type pdf)
<use class_s_l_r_wizard_a1833672694f25771c1b66c4e2b935610_cgraph-eps-converted-
to.pdf>
Package pdftex.def Info: class_s_l_r_wizard_a1833672694f25771c1b66c4e2b935610_c
graph-eps-converted-to.pdf  used on input line 84.
(pdftex.def)             Requested size: 350.0pt x 144.52043pt.
 [198]
Package epstopdf Info: Source file: <class_s_l_r_wizard_a1833672694f25771c1b66c
4e2b935610_icgraph.eps>
(epstopdf)                    date: 2026-10-04 22:45:38
(epstopdf)                    size: 5809 bytes
(epstopdf)             Output file: <class_s_l_r_wizard_a1833672694f25771c1b66c
4e2b935610_icgraph-eps-converted-to.pdf>
(epstopdf)                    date: 2026-10-04 22:47:06
(epstopdf)                    size: 5609 bytes
(epstopdf)             Command: <repstopdf --outfile=class_s_l_r_wizard_a183367
2694f25771c1b66c4e2b935610_icgraph-eps-converted-to.pdf class_s_l_r_wizard_a183
3672694f25771c1b66c4e2b935610_icgraph.eps>
(epstopdf)             \includegraphics on input line 92.
Package epstopdf Info: Output file is already uptodate.
 <./class_s_l_r_wizard_a1833672694f25771c1b66c4e2b935610_icgraph-eps-converted-
to.pdf>
<class_s_l_r_wizard_a1833672694f25771c1b66c4e2b935610_icgraph-eps-converted-to.
pdf, id=11966, 312.16624pt x 45.16875pt>
File: class_s_l_r_wizard_a1833672694f25771c1b66c4e2b935610_icgraph-eps-converte
d-to.pdf Graphic file (type pdf)
<use class_s_l_r_wizard_a1833672694f25771c1b66c4e2b935610_icgraph-eps-converted
-to.pdf>
Package pdftex.def Info: class_s_l_r_wizard_a1833672694f25771c1b66c4e2b935610_i
cgraph-eps-converted-to.pdf  used on input line 92.
(pdftex.def)             Requested size: 347.0pt x 50.21025pt.
Package epstopdf Info: Source file: <class_s_l_r_wizard_a3830e2e93363d21966bb6f
fadfc1e410_icgraph.eps>
(epstopdf)                    date: 2026-10-04 22:45:38
(epstopdf)                    size: 6779 bytes
(epstopdf)             Output file: <class_s_l_r_wizard_a3830e2e93363d21966bb6f
fadfc1e410_icgraph-eps-converted-to.pdf>
(epstopdf)                    date: 2026-10-04 22:47:06
(epstopdf)                    size: 6040 bytes
(epstopdf)             Command: <repstopdf --outfile=class_s_l_r_wizard_a3830e2
e93363d21966bb6ffadfc1e410_icgraph-eps-converted-to.pdf class_s_l_r_wizard_a383
0e2e93363d21966bb6ffadfc1e410_icgraph.eps>
(epstopdf)             \includegraphics on input line 116.
Package epstopdf Info: Output file is already uptodate.
 <./class_s_l_r_wizard_a3830e2e93363d21966bb6ffadfc1e410_icgraph-eps-converted-
to.pdf>
<class_s_l_r_wizard_a3830e2e93363d21966bb6ffadfc1e410_icgraph-eps-converted-to.
pdf, id=11975, 472.76625pt x 45.16875pt>
File: class_s_l_r_wizard_a3830e2e93363d21966bb6ffadfc1e410_icgraph-eps-converte
d-to.pdf Graphic file (type pdf)
<use class_s_l_r_wizard_a3830e2e93363d21966bb6ffadfc1e410_icgraph-eps-converted
-to.pdf>
Package pdftex.def Info: class_s_l_r_wizard_a3830e2e93363d21966bb6ffadfc1e410_i
cgraph-eps-converted-to.pdf  used on input line 116.
(pdftex.def)             Requested size: 350.0pt x 33.44019pt.
 [199]
Underfull \hbox (badness 10000) detected at line 146
[][][]
 []

Package epstopdf Info: Source file: <class_s_l_r_wizard_ada2751317642cb02e08bb1
a3575627cd_icgraph.eps>
(epstopdf)                    date: 2026-10-04 22:45:38
(epstopdf)                    size: 6793 bytes
(epstopdf)             Output file: <class_s_l_r_wizard_ada2751317642cb02e08bb1
a3575627cd_icgraph-eps-converted-to.pdf>
(epstopdf)                    date: 2026-10-04 22:47:06
(epstopdf)                    size: 5988 bytes
(epstopdf)             Command: <repstopdf --outfile=class_s_l_r_wizard_ada2751
317642cb02e08bb1a3575627cd_icgraph-eps-converted-to.pdf class_s_l_r_wizard_ada2
751317642cb02e08bb1a3575627cd_icgraph.eps>
(epstopdf)             \includegraphics on input line 154.
Package epstopdf Info: Output file is already uptodate.
 <./class_s_l_r_wizard_ada2751317642cb02e08bb1a3575627cd_icgraph-eps-converted-
to.pdf>
<class_s_l_r_wizard_ada2751317642cb02e08bb1a3575627cd_icgraph-eps-converted-to.
pdf, id=11989, 508.90125pt x 45.16875pt>
File: class_s_l_r_wizard_ada2751317642cb02e08bb1a3575627cd_icgraph-eps-converte
d-to.pdf Graphic file (type pdf)
<use class_s_l_r_wizard_ada2751317642cb02e08bb1a3575627cd_icgraph-eps-converted
-to.pdf>
Package pdftex.def Info: class_s_l_r_wizard_ada2751317642cb02e08bb1a3575627cd_i
cgraph-eps-converted-to.pdf  used on input line 154.
(pdftex.def)             Requested size: 350.0pt x 31.06651pt.
) (./class_s_l_r_wizard_page.tex
Package epstopdf Info: Source file: <class_s_l_r_wizard_page__inherit__graph.ep
s>
(epstopdf)                    date: 2026-10-04 22:45:38
(epstopdf)                    size: 5089 bytes
(epstopdf)             Output file: <class_s_l_r_wizard_page__inherit__graph-ep
s-converted-to.pdf>
(epstopdf)                    date: 2026-10-04 22:47:07
(epstopdf)                    size: 5032 bytes
(epstopdf)             Command: <repstopdf --outfile=class_s_l_r_wizard_page__i
nherit__graph-eps-converted-to.pdf class_s_l_r_wizard_page__inherit__graph.eps>

(epstopdf)             \includegraphics on input line 19.
Package epstopdf Info: Output file is already uptodate.
 <./class_s_l_r_wizard_page__inherit__graph-eps-converted-to.pdf>
<class_s_l_r_wizard_page__inherit__graph-eps-converted-to.pdf, id=11998, 96.36p
t x 83.31125pt>
File: class_s_l_r_wizard_page__inherit__graph-eps-converted-to.pdf Graphic file
 (type pdf)
<use class_s_l_r_wizard_page__inherit__graph-eps-converted-to.pdf>
Package pdftex.def Info: class_s_l_r_wizard_page__inherit__graph-eps-converted-
to.pdf  used on input line 19.
(pdftex.def)             Requested size: 132.0pt x 114.12427pt.
Package epstopdf Info: Source file: <class_s_l_r_wizard_page__coll__graph.eps>
(epstopdf)                    date: 2026-10-04 22:45:39
(epstopdf)                    size: 5089 bytes
(epstopdf)             Output file: <class_s_l_r_wizard_page__coll__graph-eps-c
onverted-to.pdf>
(epstopdf)                    date: 2026-10-04 22:47:07
(epstopdf)                    size: 5032 bytes
(epstopdf)             Command: <repstopdf --outfile=class_s_l_r_wizard_page__c
oll__graph-eps-converted-to.pdf class_s_l_r_wizard_page__coll__graph.eps>
(epstopdf)             \includegraphics on input line 29.
Package epstopdf Info: Output file is already uptodate.
 <./class_s_l_r_wizard_page__coll__graph-eps-converted-to.pdf>
<class_s_l_r_wizard_page__coll__graph-eps-converted-to.pdf, id=12005, 96.36pt x
 83.31125pt>
File: class_s_l_r_wizard_page__coll__graph-eps-converted-to.pdf Graphic file (t
ype pdf)
<use class_s_l_r_wizard_page__coll__graph-eps-converted-to.pdf>
Package pdftex.def Info: class_s_l_r_wizard_page__coll__graph-eps-converted-to.
pdf  used on input line 29.
(pdftex.def)             Requested size: 132.0pt x 114.12427pt.
 [200]
Package epstopdf Info: Source file: <class_s_l_r_wizard_page_ac06ec88e5ba534032
11fff75cf4327b6_cgraph.eps>
(epstopdf)                    date: 2026-10-04 22:45:38
(epstopdf)                    size: 8287 bytes
(epstopdf)             Output file: <class_s_l_r_wizard_page_ac06ec88e5ba534032
11fff75cf4327b6_cgraph-eps-converted-to.pdf>
(epstopdf)                    date: 2026-10-04 22:47:07
(epstopdf)                    size: 6674 bytes
(epstopdf)             Command: <repstopdf --outfile=class_s_l_r_wizard_page_ac
06ec88e5ba53403211fff75cf4327b6_cgraph-eps-converted-to.pdf class_s_l_r_wizard_
page_ac06ec88e5ba53403211fff75cf4327b6_cgraph.eps>
(epstopdf)             \includegraphics on input line 92.
Package epstopdf Info: Output file is already uptodate.
 <./class_s_l_r_wizard_page_ac06ec88e5ba53403211fff75cf4327b6_cgraph-eps-conver
ted-to.pdf>
<class_s_l_r_wizard_page_ac06ec88e5ba53403211fff75cf4327b6_cgraph-eps-converted
-to.pdf, id=12040, 557.08125pt x 82.3075pt>
File: class_s_l_r_wizard_page_ac06ec88e5ba53403211fff75cf4327b6_cgraph-eps-conv
erted-to.pdf Graphic file (type pdf)
<use class_s_l_r_wizard_page_ac06ec88e5ba53403211fff75cf4327b6_cgraph-eps-conve
rted-to.pdf>
Package pdftex.def Info: class_s_l_r_wizard_page_ac06ec88e5ba53403211fff75cf432
7b6_cgraph-eps-converted-to.pdf  used on input line 92.
(pdftex.def)             Requested size: 350.0pt x 51.71207pt.
Package epstopdf Info: Source file: <class_s_l_r_wizard_page_ac06ec88e5ba534032
11fff75cf4327b6_icgraph.eps>
(epstopdf)                    date: 2026-10-04 22:45:38
(epstopdf)                    size: 6790 bytes
(epstopdf)             Output file: <class_s_l_r_wizard_page_ac06ec88e5ba534032
11fff75cf4327b6_icgraph-eps-converted-to.pdf>
(epstopdf)                    date: 2026-10-04 22:47:07
(epstopdf)                    size: 5964 bytes
(epstopdf)             Command: <repstopdf --outfile=class_s_l_r_wizard_page_ac
06ec88e5ba53403211fff75cf4327b6_icgraph-eps-converted-to.pdf class_s_l_r_wizard
_page_ac06ec88e5ba53403211fff75cf4327b6_icgraph.eps>
(epstopdf)             \includegraphics on input line 100.
Package epstopdf Info: Output file is already uptodate.
 <./class_s_l_r_wizard_page_ac06ec88e5ba53403211fff75cf4327b6_icgraph-eps-conve
rted-to.pdf>
<class_s_l_r_wizard_page_ac06ec88e5ba53403211fff75cf4327b6_icgraph-eps-converte
d-to.pdf, id=12047, 514.92375pt x 45.16875pt>
File: class_s_l_r_wizard_page_ac06ec88e5ba53403211fff75cf4327b6_icgraph-eps-con
verted-to.pdf Graphic file (type pdf)
<use class_s_l_r_wizard_page_ac06ec88e5ba53403211fff75cf4327b6_icgraph-eps-conv
erted-to.pdf>
Package pdftex.def Info: class_s_l_r_wizard_page_ac06ec88e5ba53403211fff75cf432
7b6_icgraph-eps-converted-to.pdf  used on input line 100.
(pdftex.def)             Requested size: 350.0pt x 30.7026pt.
Package epstopdf Info: Source file: <class_s_l_r_wizard_page_a9e6bb05bb8b4a05cf
97ef71e3f1aeb10_icgraph.eps>
(epstopdf)                    date: 2026-10-04 22:45:38
(epstopdf)                    size: 6913 bytes
(epstopdf)             Output file: <class_s_l_r_wizard_page_a9e6bb05bb8b4a05cf
97ef71e3f1aeb10_icgraph-eps-converted-to.pdf>
(epstopdf)                    date: 2026-10-04 22:47:07
(epstopdf)                    size: 6370 bytes
(epstopdf)             Command: <repstopdf --outfile=class_s_l_r_wizard_page_a9
e6bb05bb8b4a05cf97ef71e3f1aeb10_icgraph-eps-converted-to.pdf class_s_l_r_wizard
_page_a9e6bb05bb8b4a05cf97ef71e3f1aeb10_icgraph.eps>
(epstopdf)             \includegraphics on input line 118.
Package epstopdf Info: Output file is already uptodate.
 <./class_s_l_r_wizard_page_a9e6bb05bb8b4a05cf97ef71e3f1aeb10_icgraph-eps-conve
rted-to.pdf>
<class_s_l_r_wizard_page_a9e6bb05bb8b4a05cf97ef71e3f1aeb10_icgraph-eps-converte
d-to.pdf, id=12054, 489.83pt x 51.19125pt>
File: class_s_l_r_wizard_page_a9e6bb05bb8b4a05cf97ef71e3f1aeb10_icgraph-eps-con
verted-to.pdf Graphic file (type pdf)
<use class_s_l_r_wizard_page_a9e6bb05bb8b4a05cf97ef71e3f1aeb10_icgraph-eps-conv
erted-to.pdf>
Package pdftex.def Info: class_s_l_r_wizard_page_a9e6bb05bb8b4a05cf97ef71e3f1ae
b10_icgraph-eps-converted-to.pdf  used on input line 118.
(pdftex.def)             Requested size: 350.0pt x 36.5788pt.
 [201]
Package epstopdf Info: Source file: <class_s_l_r_wizard_page_a1cc1cd5a835662f90
efcc6f2eea8dfc9_icgraph.eps>
(epstopdf)                    date: 2026-10-04 22:45:38
(epstopdf)                    size: 8242 bytes
(epstopdf)             Output file: <class_s_l_r_wizard_page_a1cc1cd5a835662f90
efcc6f2eea8dfc9_icgraph-eps-converted-to.pdf>
(epstopdf)                    date: 2026-10-04 22:47:08
(epstopdf)                    size: 6373 bytes
(epstopdf)             Command: <repstopdf --outfile=class_s_l_r_wizard_page_a1
cc1cd5a835662f90efcc6f2eea8dfc9_icgraph-eps-converted-to.pdf class_s_l_r_wizard
_page_a1cc1cd5a835662f90efcc6f2eea8dfc9_icgraph.eps>
(epstopdf)             \includegraphics on input line 150.
Package epstopdf Info: Output file is already uptodate.
 <./class_s_l_r_wizard_page_a1cc1cd5a835662f90efcc6f2eea8dfc9_icgraph-eps-conve
rted-to.pdf>
<class_s_l_r_wizard_page_a1cc1cd5a835662f90efcc6f2eea8dfc9_icgraph-eps-converte
d-to.pdf, id=12074, 721.69624pt x 64.24pt>
File: class_s_l_r_wizard_page_a1cc1cd5a835662f90efcc6f2eea8dfc9_icgraph-eps-con
verted-to.pdf Graphic file (type pdf)
<use class_s_l_r_wizard_page_a1cc1cd5a835662f90efcc6f2eea8dfc9_icgraph-eps-conv
erted-to.pdf>
Package pdftex.def Info: class_s_l_r_wizard_page_a1cc1cd5a835662f90efcc6f2eea8d
fc9_icgraph-eps-converted-to.pdf  used on input line 150.
(pdftex.def)             Requested size: 350.0pt x 31.15439pt.
)
(./structstate.tex [202]
Underfull \hbox (badness 10000) detected at line 48
[][][]
 []

) (./struct_symbol_table.tex [203]
Underfull \hbox (badness 10000) detected at line 68
[][][]
 []

Package epstopdf Info: Source file: <struct_symbol_table_a6fc61b8d63539a3a85042
874db6c6d6b_icgraph.eps>
(epstopdf)                    date: 2026-10-04 22:45:38
(epstopdf)                    size: 21273 bytes
(epstopdf)             Output file: <struct_symbol_table_a6fc61b8d63539a3a85042
874db6c6d6b_icgraph-eps-converted-to.pdf>
(epstopdf)                    date: 2026-10-04 22:47:08
(epstopdf)                    size: 8780 bytes
(epstopdf)             Command: <repstopdf --outfile=struct_symbol_table_a6fc61
b8d63539a3a85042874db6c6d6b_icgraph-eps-converted-to.pdf struct_symbol_table_a6
fc61b8d63539a3a85042874db6c6d6b_icgraph.eps>
(epstopdf)             \includegraphics on input line 76.
Package epstopdf Info: Output file is already uptodate.
 <./struct_symbol_table_a6fc61b8d63539a3a85042874db6c6d6b_icgraph-eps-converted
-to.pdf>
<struct_symbol_table_a6fc61b8d63539a3a85042874db6c6d6b_icgraph-eps-converted-to
.pdf, id=12154, 1477.52pt x 257.96375pt>
File: struct_symbol_table_a6fc61b8d63539a3a85042874db6c6d6b_icgraph-eps-convert
ed-to.pdf Graphic file (type pdf)
<use struct_symbol_table_a6fc61b8d63539a3a85042874db6c6d6b_icgraph-eps-converte
d-to.pdf>
Package pdftex.def Info: struct_symbol_table_a6fc61b8d63539a3a85042874db6c6d6b_
icgraph-eps-converted-to.pdf  used on input line 76.
(pdftex.def)             Requested size: 350.0pt x 61.10564pt.
 [204]
Underfull \hbox (badness 10000) detected at line 94
[][][]
 []


Underfull \hbox (badness 10000) detected at line 112
[][][]
 []

Package epstopdf Info: Source file: <struct_symbol_table_af84e0721003bd24abf542
c2b2f1a534c_icgraph.eps>
(epstopdf)                    date: 2026-10-04 22:45:38
(epstopdf)                    size: 44669 bytes
(epstopdf)             Output file: <struct_symbol_table_af84e0721003bd24abf542
c2b2f1a534c_icgraph-eps-converted-to.pdf>
(epstopdf)                    date: 2026-10-04 22:47:08
(epstopdf)                    size: 13429 bytes
(epstopdf)             Command: <repstopdf --outfile=struct_symbol_table_af84e0
721003bd24abf542c2b2f1a534c_icgraph-eps-converted-to.pdf struct_symbol_table_af
84e0721003bd24abf542c2b2f1a534c_icgraph.eps>
(epstopdf)             \includegraphics on input line 120.
Package epstopdf Info: Output file is already uptodate.
 <./struct_symbol_table_af84e0721003bd24abf542c2b2f1a534c_icgraph-eps-converted
-to.pdf>
<struct_symbol_table_af84e0721003bd24abf542c2b2f1a534c_icgraph-eps-converted-to
.pdf, id=12177, 1842.885pt x 660.4675pt>
File: struct_symbol_table_af84e0721003bd24abf542c2b2f1a534c_icgraph-eps-convert
ed-to.pdf Graphic file (type pdf)
<use struct_symbol_table_af84e0721003bd24abf542c2b2f1a534c_icgraph-eps-converte
d-to.pdf>
Package pdftex.def Info: struct_symbol_table_af84e0721003bd24abf542c2b2f1a534c_
icgraph-eps-converted-to.pdf  used on input line 120.
(pdftex.def)             Requested size: 350.0pt x 125.42966pt.

Underfull \hbox (badness 10000) detected at line 138
[][][]
 []

Package epstopdf Info: Source file: <struct_symbol_table_a160522330493cdaff3597
9ed6d2dfa21_icgraph.eps>
(epstopdf)                    date: 2026-10-04 22:45:38
(epstopdf)                    size: 28479 bytes
(epstopdf)             Output file: <struct_symbol_table_a160522330493cdaff3597
9ed6d2dfa21_icgraph-eps-converted-to.pdf>
(epstopdf)                    date: 2026-10-04 22:47:08
(epstopdf)                    size: 9898 bytes
(epstopdf)             Command: <repstopdf --outfile=struct_symbol_table_a16052
2330493cdaff35979ed6d2dfa21_icgraph-eps-converted-to.pdf struct_symbol_table_a1
60522330493cdaff35979ed6d2dfa21_icgraph.eps>
(epstopdf)             \includegraphics on input line 146.
Package epstopdf Info: Output file is already uptodate.
 <./struct_symbol_table_a160522330493cdaff35979ed6d2dfa21_icgraph-eps-converted
-to.pdf>
<struct_symbol_table_a160522330493cdaff35979ed6d2dfa21_icgraph-eps-converted-to
.pdf, id=12184, 1073.00874pt x 367.3725pt>
File: struct_symbol_table_a160522330493cdaff35979ed6d2dfa21_icgraph-eps-convert
ed-to.pdf Graphic file (type pdf)
<use struct_symbol_table_a160522330493cdaff35979ed6d2dfa21_icgraph-eps-converte
d-to.pdf>
Package pdftex.def Info: struct_symbol_table_a160522330493cdaff35979ed6d2dfa21_
icgraph-eps-converted-to.pdf  used on input line 146.
(pdftex.def)             Requested size: 350.0pt x 119.83188pt.
 [205]
Underfull \hbox (badness 10000) detected at line 164
[][][]
 []

Package epstopdf Info: Source file: <struct_symbol_table_aba5ea04e1b9eec27e041b
b9422121340_icgraph.eps>
(epstopdf)                    date: 2026-10-04 22:45:39
(epstopdf)                    size: 22534 bytes
(epstopdf)             Output file: <struct_symbol_table_aba5ea04e1b9eec27e041b
b9422121340_icgraph-eps-converted-to.pdf>
(epstopdf)                    date: 2026-10-04 22:47:08
(epstopdf)                    size: 9377 bytes
(epstopdf)             Command: <repstopdf --outfile=struct_symbol_table_aba5ea
04e1b9eec27e041bb9422121340_icgraph-eps-converted-to.pdf struct_symbol_table_ab
a5ea04e1b9eec27e041bb9422121340_icgraph.eps>
(epstopdf)             \includegraphics on input line 189.
Package epstopdf Info: Output file is already uptodate.
 <./struct_symbol_table_aba5ea04e1b9eec27e041bb9422121340_icgraph-eps-converted
-to.pdf>
<struct_symbol_table_aba5ea04e1b9eec27e041bb9422121340_icgraph-eps-converted-to
.pdf, id=12199, 1678.27pt x 306.14375pt>
File: struct_symbol_table_aba5ea04e1b9eec27e041bb9422121340_icgraph-eps-convert
ed-to.pdf Graphic file (type pdf)
<use struct_symbol_table_aba5ea04e1b9eec27e041bb9422121340_icgraph-eps-converte
d-to.pdf>
Package pdftex.def Info: struct_symbol_table_aba5ea04e1b9eec27e041bb9422121340_
icgraph-eps-converted-to.pdf  used on input line 189.
(pdftex.def)             Requested size: 350.0pt x 63.84363pt.
 [206]) (./struct_app_typography_1_1_token.tex [207])
(./struct_l_l_tutor_window_1_1_tree_node.tex) (./class_tutorial_manager.tex
Package epstopdf Info: Source file: <class_tutorial_manager__inherit__graph.eps
>
(epstopdf)                    date: 2026-10-04 22:45:38
(epstopdf)                    size: 5137 bytes
(epstopdf)             Output file: <class_tutorial_manager__inherit__graph-eps
-converted-to.pdf>
(epstopdf)                    date: 2026-10-04 22:47:09
(epstopdf)                    size: 5114 bytes
(epstopdf)             Command: <repstopdf --outfile=class_tutorial_manager__in
herit__graph-eps-converted-to.pdf class_tutorial_manager__inherit__graph.eps>
(epstopdf)             \includegraphics on input line 19.
Package epstopdf Info: Output file is already uptodate.
 <./class_tutorial_manager__inherit__graph-eps-converted-to.pdf>
<class_tutorial_manager__inherit__graph-eps-converted-to.pdf, id=12259, 94.3525
pt x 83.31125pt>
File: class_tutorial_manager__inherit__graph-eps-converted-to.pdf Graphic file 
(type pdf)
<use class_tutorial_manager__inherit__graph-eps-converted-to.pdf>
Package pdftex.def Info: class_tutorial_manager__inherit__graph-eps-converted-t
o.pdf  used on input line 19.
(pdftex.def)             Requested size: 130.0pt x 114.79674pt.
 [208]
Package epstopdf Info: Source file: <class_tutorial_manager__coll__graph.eps>
(epstopdf)                    date: 2026-10-04 22:45:38
(epstopdf)                    size: 5137 bytes
(epstopdf)             Output file: <class_tutorial_manager__coll__graph-eps-co
nverted-to.pdf>
(epstopdf)                    date: 2026-10-04 22:47:09
(epstopdf)                    size: 5114 bytes
(epstopdf)             Command: <repstopdf --outfile=class_tutorial_manager__co
ll__graph-eps-converted-to.pdf class_tutorial_manager__coll__graph.eps>
(epstopdf)             \includegraphics on input line 29.
Package epstopdf Info: Output file is already uptodate.
 <./class_tutorial_manager__coll__graph-eps-converted-to.pdf>
<class_tutorial_manager__coll__graph-eps-converted-to.pdf, id=12273, 94.3525pt 
x 83.31125pt>
File: class_tutorial_manager__coll__graph-eps-converted-to.pdf Graphic file (ty
pe pdf)
<use class_tutorial_manager__coll__graph-eps-converted-to.pdf>
Package pdftex.def Info: class_tutorial_manager__coll__graph-eps-converted-to.p
df  used on input line 29.
(pdftex.def)             Requested size: 130.0pt x 114.79674pt.
 [209]
Package epstopdf Info: Source file: <class_tutorial_manager_ab1a4a56a7150cf6f21
6a831e09dd7209_cgraph.eps>
(epstopdf)                    date: 2026-10-04 22:45:39
(epstopdf)                    size: 18346 bytes
(epstopdf)             Output file: <class_tutorial_manager_ab1a4a56a7150cf6f21
6a831e09dd7209_cgraph-eps-converted-to.pdf>
(epstopdf)                    date: 2026-10-04 22:47:09
(epstopdf)                    size: 8247 bytes
(epstopdf)             Command: <repstopdf --outfile=class_tutorial_manager_ab1
a4a56a7150cf6f216a831e09dd7209_cgraph-eps-converted-to.pdf class_tutorial_manag
er_ab1a4a56a7150cf6f216a831e09dd7209_cgraph.eps>
(epstopdf)             \includegraphics on input line 132.
Package epstopdf Info: Output file is already uptodate.
 <./class_tutorial_manager_ab1a4a56a7150cf6f216a831e09dd7209_cgraph-eps-convert
ed-to.pdf>
<class_tutorial_manager_ab1a4a56a7150cf6f216a831e09dd7209_cgraph-eps-converted-
to.pdf, id=12333, 1199.48125pt x 178.6675pt>
File: class_tutorial_manager_ab1a4a56a7150cf6f216a831e09dd7209_cgraph-eps-conve
rted-to.pdf Graphic file (type pdf)
<use class_tutorial_manager_ab1a4a56a7150cf6f216a831e09dd7209_cgraph-eps-conver
ted-to.pdf>
Package pdftex.def Info: class_tutorial_manager_ab1a4a56a7150cf6f216a831e09dd72
09_cgraph-eps-converted-to.pdf  used on input line 132.
(pdftex.def)             Requested size: 350.0pt x 52.13394pt.
 [210]
Package epstopdf Info: Source file: <class_tutorial_manager_ac86a5d7a9645910bf0
65c0573810ab1a_cgraph.eps>
(epstopdf)                    date: 2026-10-04 22:45:39
(epstopdf)                    size: 5348 bytes
(epstopdf)             Output file: <class_tutorial_manager_ac86a5d7a9645910bf0
65c0573810ab1a_cgraph-eps-converted-to.pdf>
(epstopdf)                    date: 2026-10-04 22:47:09
(epstopdf)                    size: 5351 bytes
(epstopdf)             Command: <repstopdf --outfile=class_tutorial_manager_ac8
6a5d7a9645910bf065c0573810ab1a_cgraph-eps-converted-to.pdf class_tutorial_manag
er_ac86a5d7a9645910bf065c0573810ab1a_cgraph.eps>
(epstopdf)             \includegraphics on input line 160.
Package epstopdf Info: Output file is already uptodate.
 <./class_tutorial_manager_ac86a5d7a9645910bf065c0573810ab1a_cgraph-eps-convert
ed-to.pdf>
<class_tutorial_manager_ac86a5d7a9645910bf065c0573810ab1a_cgraph-eps-converted-
to.pdf, id=12351, 314.17375pt x 27.10126pt>
File: class_tutorial_manager_ac86a5d7a9645910bf065c0573810ab1a_cgraph-eps-conve
rted-to.pdf Graphic file (type pdf)
<use class_tutorial_manager_ac86a5d7a9645910bf065c0573810ab1a_cgraph-eps-conver
ted-to.pdf>
Package pdftex.def Info: class_tutorial_manager_ac86a5d7a9645910bf065c0573810ab
1a_cgraph-eps-converted-to.pdf  used on input line 160.
(pdftex.def)             Requested size: 349.0pt x 30.10672pt.
Package epstopdf Info: Source file: <class_tutorial_manager_afffc44cf7c78c43e9f
5c982389284272_cgraph.eps>
(epstopdf)                    date: 2026-10-04 22:45:38
(epstopdf)                    size: 19660 bytes
(epstopdf)             Output file: <class_tutorial_manager_afffc44cf7c78c43e9f
5c982389284272_cgraph-eps-converted-to.pdf>
(epstopdf)                    date: 2026-10-04 22:47:09
(epstopdf)                    size: 8581 bytes
(epstopdf)             Command: <repstopdf --outfile=class_tutorial_manager_aff
fc44cf7c78c43e9f5c982389284272_cgraph-eps-converted-to.pdf class_tutorial_manag
er_afffc44cf7c78c43e9f5c982389284272_cgraph.eps>
(epstopdf)             \includegraphics on input line 178.
Package epstopdf Info: Output file is already uptodate.
 <./class_tutorial_manager_afffc44cf7c78c43e9f5c982389284272_cgraph-eps-convert
ed-to.pdf>
<class_tutorial_manager_afffc44cf7c78c43e9f5c982389284272_cgraph-eps-converted-
to.pdf, id=12358, 1548.78625pt x 158.5925pt>
File: class_tutorial_manager_afffc44cf7c78c43e9f5c982389284272_cgraph-eps-conve
rted-to.pdf Graphic file (type pdf)
<use class_tutorial_manager_afffc44cf7c78c43e9f5c982389284272_cgraph-eps-conver
ted-to.pdf>
Package pdftex.def Info: class_tutorial_manager_afffc44cf7c78c43e9f5c9823892842
72_cgraph-eps-converted-to.pdf  used on input line 178.
(pdftex.def)             Requested size: 350.0pt x 35.83905pt.
Package epstopdf Info: Source file: <class_tutorial_manager_ab9e00263109c4e1ab6
b66617ce2f1887_cgraph.eps>
(epstopdf)                    date: 2026-10-04 22:45:38
(epstopdf)                    size: 17183 bytes
(epstopdf)             Output file: <class_tutorial_manager_ab9e00263109c4e1ab6
b66617ce2f1887_cgraph-eps-converted-to.pdf>
(epstopdf)                    date: 2026-10-04 22:47:10
(epstopdf)                    size: 8110 bytes
(epstopdf)             Command: <repstopdf --outfile=class_tutorial_manager_ab9
e00263109c4e1ab6b66617ce2f1887_cgraph-eps-converted-to.pdf class_tutorial_manag
er_ab9e00263109c4e1ab6b66617ce2f1887_cgraph.eps>
(epstopdf)             \includegraphics on input line 196.
Package epstopdf Info: Output file is already uptodate.
 <./class_tutorial_manager_ab9e00263109c4e1ab6b66617ce2f1887_cgraph-eps-convert
ed-to.pdf>
<class_tutorial_manager_ab9e00263109c4e1ab6b66617ce2f1887_cgraph-eps-converted-
to.pdf, id=12365, 1024.82875pt x 178.6675pt>
File: class_tutorial_manager_ab9e00263109c4e1ab6b66617ce2f1887_cgraph-eps-conve
rted-to.pdf Graphic file (type pdf)
<use class_tutorial_manager_ab9e00263109c4e1ab6b66617ce2f1887_cgraph-eps-conver
ted-to.pdf>
Package pdftex.def Info: class_tutorial_manager_ab9e00263109c4e1ab6b66617ce2f18
87_cgraph-eps-converted-to.pdf  used on input line 196.
(pdftex.def)             Requested size: 350.0pt x 61.01875pt.
Package epstopdf Info: Source file: <class_tutorial_manager_ab9e00263109c4e1ab6
b66617ce2f1887_icgraph.eps>
(epstopdf)                    date: 2026-10-04 22:45:38
(epstopdf)                    size: 10916 bytes
(epstopdf)             Output file: <class_tutorial_manager_ab9e00263109c4e1ab6
b66617ce2f1887_icgraph-eps-converted-to.pdf>
(epstopdf)                    date: 2026-10-04 22:47:10
(epstopdf)                    size: 7067 bytes
(epstopdf)             Command: <repstopdf --outfile=class_tutorial_manager_ab9
e00263109c4e1ab6b66617ce2f1887_icgraph-eps-converted-to.pdf class_tutorial_mana
ger_ab9e00263109c4e1ab6b66617ce2f1887_icgraph.eps>
(epstopdf)             \includegraphics on input line 204.
Package epstopdf Info: Output file is already uptodate.
 <./class_tutorial_manager_ab9e00263109c4e1ab6b66617ce2f1887_icgraph-eps-conver
ted-to.pdf>
<class_tutorial_manager_ab9e00263109c4e1ab6b66617ce2f1887_icgraph-eps-converted
-to.pdf, id=12372, 684.5575pt x 113.42375pt>
File: class_tutorial_manager_ab9e00263109c4e1ab6b66617ce2f1887_icgraph-eps-conv
erted-to.pdf Graphic file (type pdf)
<use class_tutorial_manager_ab9e00263109c4e1ab6b66617ce2f1887_icgraph-eps-conve
rted-to.pdf>
Package pdftex.def Info: class_tutorial_manager_ab9e00263109c4e1ab6b66617ce2f18
87_icgraph-eps-converted-to.pdf  used on input line 204.
(pdftex.def)             Requested size: 350.0pt x 57.99245pt.
Package epstopdf Info: Source file: <class_tutorial_manager_abf8b24c8df5d327379
16275846e6af6a_icgraph.eps>
(epstopdf)                    date: 2026-10-04 22:45:38
(epstopdf)                    size: 5348 bytes
(epstopdf)             Output file: <class_tutorial_manager_abf8b24c8df5d327379
16275846e6af6a_icgraph-eps-converted-to.pdf>
(epstopdf)                    date: 2026-10-04 22:47:10
(epstopdf)                    size: 5356 bytes
(epstopdf)             Command: <repstopdf --outfile=class_tutorial_manager_abf
8b24c8df5d32737916275846e6af6a_icgraph-eps-converted-to.pdf class_tutorial_mana
ger_abf8b24c8df5d32737916275846e6af6a_icgraph.eps>
(epstopdf)             \includegraphics on input line 222.
Package epstopdf Info: Output file is already uptodate.
 <./class_tutorial_manager_abf8b24c8df5d32737916275846e6af6a_icgraph-eps-conver
ted-to.pdf>
<class_tutorial_manager_abf8b24c8df5d32737916275846e6af6a_icgraph-eps-converted
-to.pdf, id=12379, 314.17375pt x 27.10126pt>
File: class_tutorial_manager_abf8b24c8df5d32737916275846e6af6a_icgraph-eps-conv
erted-to.pdf Graphic file (type pdf)
<use class_tutorial_manager_abf8b24c8df5d32737916275846e6af6a_icgraph-eps-conve
rted-to.pdf>
Package pdftex.def Info: class_tutorial_manager_abf8b24c8df5d32737916275846e6af
6a_icgraph-eps-converted-to.pdf  used on input line 222.
(pdftex.def)             Requested size: 349.0pt x 30.10672pt.
 [211]
Package epstopdf Info: Source file: <class_tutorial_manager_aaa497afd5ce20be624
9e2660f74b6dc3_cgraph.eps>
(epstopdf)                    date: 2026-10-04 22:45:38
(epstopdf)                    size: 17541 bytes
(epstopdf)             Output file: <class_tutorial_manager_aaa497afd5ce20be624
9e2660f74b6dc3_cgraph-eps-converted-to.pdf>
(epstopdf)                    date: 2026-10-04 22:47:10
(epstopdf)                    size: 8163 bytes
(epstopdf)             Command: <repstopdf --outfile=class_tutorial_manager_aaa
497afd5ce20be6249e2660f74b6dc3_cgraph-eps-converted-to.pdf class_tutorial_manag
er_aaa497afd5ce20be6249e2660f74b6dc3_cgraph.eps>
(epstopdf)             \includegraphics on input line 240.
Package epstopdf Info: Output file is already uptodate.
 <./class_tutorial_manager_aaa497afd5ce20be6249e2660f74b6dc3_cgraph-eps-convert
ed-to.pdf>
<class_tutorial_manager_aaa497afd5ce20be6249e2660f74b6dc3_cgraph-eps-converted-
to.pdf, id=12394, 1191.45125pt x 158.5925pt>
File: class_tutorial_manager_aaa497afd5ce20be6249e2660f74b6dc3_cgraph-eps-conve
rted-to.pdf Graphic file (type pdf)
<use class_tutorial_manager_aaa497afd5ce20be6249e2660f74b6dc3_cgraph-eps-conver
ted-to.pdf>
Package pdftex.def Info: class_tutorial_manager_aaa497afd5ce20be6249e2660f74b6d
c3_cgraph-eps-converted-to.pdf  used on input line 240.
(pdftex.def)             Requested size: 350.0pt x 46.58835pt.
Package epstopdf Info: Source file: <class_tutorial_manager_aaa497afd5ce20be624
9e2660f74b6dc3_icgraph.eps>
(epstopdf)                    date: 2026-10-04 22:45:38
(epstopdf)                    size: 10839 bytes
(epstopdf)             Output file: <class_tutorial_manager_aaa497afd5ce20be624
9e2660f74b6dc3_icgraph-eps-converted-to.pdf>
(epstopdf)                    date: 2026-10-04 22:47:10
(epstopdf)                    size: 7089 bytes
(epstopdf)             Command: <repstopdf --outfile=class_tutorial_manager_aaa
497afd5ce20be6249e2660f74b6dc3_icgraph-eps-converted-to.pdf class_tutorial_mana
ger_aaa497afd5ce20be6249e2660f74b6dc3_icgraph.eps>
(epstopdf)             \includegraphics on input line 248.
Package epstopdf Info: Output file is already uptodate.
 <./class_tutorial_manager_aaa497afd5ce20be6249e2660f74b6dc3_icgraph-eps-conver
ted-to.pdf>
<class_tutorial_manager_aaa497afd5ce20be6249e2660f74b6dc3_icgraph-eps-converted
-to.pdf, id=12401, 496.85625pt x 144.54pt>
File: class_tutorial_manager_aaa497afd5ce20be6249e2660f74b6dc3_icgraph-eps-conv
erted-to.pdf Graphic file (type pdf)
<use class_tutorial_manager_aaa497afd5ce20be6249e2660f74b6dc3_icgraph-eps-conve
rted-to.pdf>
Package pdftex.def Info: class_tutorial_manager_aaa497afd5ce20be6249e2660f74b6d
c3_icgraph-eps-converted-to.pdf  used on input line 248.
(pdftex.def)             Requested size: 350.0pt x 101.81909pt.
Package epstopdf Info: Source file: <class_tutorial_manager_a57817e60d063bad9ac
188e1cf9c86588_cgraph.eps>
(epstopdf)                    date: 2026-10-04 22:45:38
(epstopdf)                    size: 18441 bytes
(epstopdf)             Output file: <class_tutorial_manager_a57817e60d063bad9ac
188e1cf9c86588_cgraph-eps-converted-to.pdf>
(epstopdf)                    date: 2026-10-04 22:47:10
(epstopdf)                    size: 8519 bytes
(epstopdf)             Command: <repstopdf --outfile=class_tutorial_manager_a57
817e60d063bad9ac188e1cf9c86588_cgraph-eps-converted-to.pdf class_tutorial_manag
er_a57817e60d063bad9ac188e1cf9c86588_cgraph.eps>
(epstopdf)             \includegraphics on input line 271.
Package epstopdf Info: Output file is already uptodate.
 <./class_tutorial_manager_a57817e60d063bad9ac188e1cf9c86588_cgraph-eps-convert
ed-to.pdf>
<class_tutorial_manager_a57817e60d063bad9ac188e1cf9c86588_cgraph-eps-converted-
to.pdf, id=12408, 1187.43625pt x 178.6675pt>
File: class_tutorial_manager_a57817e60d063bad9ac188e1cf9c86588_cgraph-eps-conve
rted-to.pdf Graphic file (type pdf)
<use class_tutorial_manager_a57817e60d063bad9ac188e1cf9c86588_cgraph-eps-conver
ted-to.pdf>
Package pdftex.def Info: class_tutorial_manager_a57817e60d063bad9ac188e1cf9c865
88_cgraph-eps-converted-to.pdf  used on input line 271.
(pdftex.def)             Requested size: 350.0pt x 52.66283pt.
Package epstopdf Info: Source file: <class_tutorial_manager_a43ead2fd97e8b07830
26004724988cdf_cgraph.eps>
(epstopdf)                    date: 2026-10-04 22:45:38
(epstopdf)                    size: 18561 bytes
(epstopdf)             Output file: <class_tutorial_manager_a43ead2fd97e8b07830
26004724988cdf_cgraph-eps-converted-to.pdf>
(epstopdf)                    date: 2026-10-04 22:47:11
(epstopdf)                    size: 8335 bytes
(epstopdf)             Command: <repstopdf --outfile=class_tutorial_manager_a43
ead2fd97e8b0783026004724988cdf_cgraph-eps-converted-to.pdf class_tutorial_manag
er_a43ead2fd97e8b0783026004724988cdf_cgraph.eps>
(epstopdf)             \includegraphics on input line 289.
Package epstopdf Info: Output file is already uptodate.
 <./class_tutorial_manager_a43ead2fd97e8b0783026004724988cdf_cgraph-eps-convert
ed-to.pdf>
<class_tutorial_manager_a43ead2fd97e8b0783026004724988cdf_cgraph-eps-converted-
to.pdf, id=12415, 1373.13pt x 158.5925pt>
File: class_tutorial_manager_a43ead2fd97e8b0783026004724988cdf_cgraph-eps-conve
rted-to.pdf Graphic file (type pdf)
<use class_tutorial_manager_a43ead2fd97e8b0783026004724988cdf_cgraph-eps-conver
ted-to.pdf>
Package pdftex.def Info: class_tutorial_manager_a43ead2fd97e8b0783026004724988c
df_cgraph-eps-converted-to.pdf  used on input line 289.
(pdftex.def)             Requested size: 350.0pt x 40.4224pt.
 [212]
Package epstopdf Info: Source file: <class_tutorial_manager_a43ead2fd97e8b07830
26004724988cdf_icgraph.eps>
(epstopdf)                    date: 2026-10-04 22:45:38
(epstopdf)                    size: 5352 bytes
(epstopdf)             Output file: <class_tutorial_manager_a43ead2fd97e8b07830
26004724988cdf_icgraph-eps-converted-to.pdf>
(epstopdf)                    date: 2026-10-04 22:47:11
(epstopdf)                    size: 5617 bytes
(epstopdf)             Command: <repstopdf --outfile=class_tutorial_manager_a43
ead2fd97e8b0783026004724988cdf_icgraph-eps-converted-to.pdf class_tutorial_mana
ger_a43ead2fd97e8b0783026004724988cdf_icgraph.eps>
(epstopdf)             \includegraphics on input line 297.
Package epstopdf Info: Output file is already uptodate.
 <./class_tutorial_manager_a43ead2fd97e8b0783026004724988cdf_icgraph-eps-conver
ted-to.pdf>
<class_tutorial_manager_a43ead2fd97e8b0783026004724988cdf_icgraph-eps-converted
-to.pdf, id=12431, 329.23pt x 27.10126pt>
File: class_tutorial_manager_a43ead2fd97e8b0783026004724988cdf_icgraph-eps-conv
erted-to.pdf Graphic file (type pdf)
<use class_tutorial_manager_a43ead2fd97e8b0783026004724988cdf_icgraph-eps-conve
rted-to.pdf>
Package pdftex.def Info: class_tutorial_manager_a43ead2fd97e8b0783026004724988c
df_icgraph-eps-converted-to.pdf  used on input line 297.
(pdftex.def)             Requested size: 350.0pt x 28.81154pt.
Package epstopdf Info: Source file: <class_tutorial_manager_a4fd17560c48c8f8646
ef846b8f36bb30_cgraph.eps>
(epstopdf)                    date: 2026-10-04 22:45:38
(epstopdf)                    size: 18532 bytes
(epstopdf)             Output file: <class_tutorial_manager_a4fd17560c48c8f8646
ef846b8f36bb30_cgraph-eps-converted-to.pdf>
(epstopdf)                    date: 2026-10-04 22:47:11
(epstopdf)                    size: 8274 bytes
(epstopdf)             Command: <repstopdf --outfile=class_tutorial_manager_a4f
d17560c48c8f8646ef846b8f36bb30_cgraph-eps-converted-to.pdf class_tutorial_manag
er_a4fd17560c48c8f8646ef846b8f36bb30_cgraph.eps>
(epstopdf)             \includegraphics on input line 315.
Package epstopdf Info: Output file is already uptodate.
 <./class_tutorial_manager_a4fd17560c48c8f8646ef846b8f36bb30_cgraph-eps-convert
ed-to.pdf>
<class_tutorial_manager_a4fd17560c48c8f8646ef846b8f36bb30_cgraph-eps-converted-
to.pdf, id=12438, 1340.00626pt x 158.5925pt>
File: class_tutorial_manager_a4fd17560c48c8f8646ef846b8f36bb30_cgraph-eps-conve
rted-to.pdf Graphic file (type pdf)
<use class_tutorial_manager_a4fd17560c48c8f8646ef846b8f36bb30_cgraph-eps-conver
ted-to.pdf>
Package pdftex.def Info: class_tutorial_manager_a4fd17560c48c8f8646ef846b8f36bb
30_cgraph-eps-converted-to.pdf  used on input line 315.
(pdftex.def)             Requested size: 350.0pt x 41.42181pt.
Package epstopdf Info: Source file: <class_tutorial_manager_aba61470a5090632d6d
f51b167e740054_icgraph.eps>
(epstopdf)                    date: 2026-10-04 22:45:38
(epstopdf)                    size: 11831 bytes
(epstopdf)             Output file: <class_tutorial_manager_aba61470a5090632d6d
f51b167e740054_icgraph-eps-converted-to.pdf>
(epstopdf)                    date: 2026-10-04 22:47:11
(epstopdf)                    size: 7222 bytes
(epstopdf)             Command: <repstopdf --outfile=class_tutorial_manager_aba
61470a5090632d6df51b167e740054_icgraph-eps-converted-to.pdf class_tutorial_mana
ger_aba61470a5090632d6df51b167e740054_icgraph.eps>
(epstopdf)             \includegraphics on input line 338.
Package epstopdf Info: Output file is already uptodate.
 <./class_tutorial_manager_aba61470a5090632d6df51b167e740054_icgraph-eps-conver
ted-to.pdf>
<class_tutorial_manager_aba61470a5090632d6df51b167e740054_icgraph-eps-converted
-to.pdf, id=12445, 675.52374pt x 144.54pt>
File: class_tutorial_manager_aba61470a5090632d6df51b167e740054_icgraph-eps-conv
erted-to.pdf Graphic file (type pdf)
<use class_tutorial_manager_aba61470a5090632d6df51b167e740054_icgraph-eps-conve
rted-to.pdf>
Package pdftex.def Info: class_tutorial_manager_aba61470a5090632d6df51b167e7400
54_icgraph-eps-converted-to.pdf  used on input line 338.
(pdftex.def)             Requested size: 350.0pt x 74.88994pt.
Package epstopdf Info: Source file: <class_tutorial_manager_ac3e8c34792596992dc
52d21de5198030_icgraph.eps>
(epstopdf)                    date: 2026-10-04 22:45:38
(epstopdf)                    size: 11937 bytes
(epstopdf)             Output file: <class_tutorial_manager_ac3e8c34792596992dc
52d21de5198030_icgraph-eps-converted-to.pdf>
(epstopdf)                    date: 2026-10-04 22:47:11
(epstopdf)                    size: 7244 bytes
(epstopdf)             Command: <repstopdf --outfile=class_tutorial_manager_ac3
e8c34792596992dc52d21de5198030_icgraph-eps-converted-to.pdf class_tutorial_mana
ger_ac3e8c34792596992dc52d21de5198030_icgraph.eps>
(epstopdf)             \includegraphics on input line 356.
Package epstopdf Info: Output file is already uptodate.
 <./class_tutorial_manager_ac3e8c34792596992dc52d21de5198030_icgraph-eps-conver
ted-to.pdf>
<class_tutorial_manager_ac3e8c34792596992dc52d21de5198030_icgraph-eps-converted
-to.pdf, id=12452, 654.445pt x 144.54pt>
File: class_tutorial_manager_ac3e8c34792596992dc52d21de5198030_icgraph-eps-conv
erted-to.pdf Graphic file (type pdf)
<use class_tutorial_manager_ac3e8c34792596992dc52d21de5198030_icgraph-eps-conve
rted-to.pdf>
Package pdftex.def Info: class_tutorial_manager_ac3e8c34792596992dc52d21de51980
30_icgraph-eps-converted-to.pdf  used on input line 356.
(pdftex.def)             Requested size: 350.0pt x 77.30055pt.
 [213])
(./struct_tutorial_step.tex) (./class_unique_queue.tex [214]
Underfull \hbox (badness 10000) detected at line 67
[][][]
 []


Underfull \hbox (badness 10000) detected at line 81
[][][]
 []

[215]) [216]
Chapter 10.
(./_r_e_a_d_m_e_8md.tex) (./main_8cpp.tex
Package epstopdf Info: Source file: <main_8cpp__incl.eps>
(epstopdf)                    date: 2026-10-04 22:45:38
(epstopdf)                    size: 62062 bytes
(epstopdf)             Output file: <main_8cpp__incl-eps-converted-to.pdf>
(epstopdf)                    date: 2026-10-04 22:47:11
(epstopdf)                    size: 14922 bytes
(epstopdf)             Command: <repstopdf --outfile=main_8cpp__incl-eps-conver
ted-to.pdf main_8cpp__incl.eps>
(epstopdf)             \includegraphics on input line 20.
Package epstopdf Info: Output file is already uptodate.
 <./main_8cpp__incl-eps-converted-to.pdf>
<main_8cpp__incl-eps-converted-to.pdf, id=12528, 2613.765pt x 305.14pt>
File: main_8cpp__incl-eps-converted-to.pdf Graphic file (type pdf)
<use main_8cpp__incl-eps-converted-to.pdf>
Package pdftex.def Info: main_8cpp__incl-eps-converted-to.pdf  used on input li
ne 20.
(pdftex.def)             Requested size: 350.0pt x 40.85687pt.
Package epstopdf Info: Source file: <main_8cpp_a8f9e1149f67b06f87889db2a280d161
5_cgraph.eps>
(epstopdf)                    date: 2026-10-04 22:45:38
(epstopdf)                    size: 15685 bytes
(epstopdf)             Output file: <main_8cpp_a8f9e1149f67b06f87889db2a280d161
5_cgraph-eps-converted-to.pdf>
(epstopdf)                    date: 2026-10-04 22:47:12
(epstopdf)                    size: 7593 bytes
(epstopdf)             Command: <repstopdf --outfile=main_8cpp_a8f9e1149f67b06f
87889db2a280d1615_cgraph-eps-converted-to.pdf main_8cpp_a8f9e1149f67b06f87889db
2a280d1615_cgraph.eps>
(epstopdf)             \includegraphics on input line 45.
Package epstopdf Info: Output file is already uptodate.
 <./main_8cpp_a8f9e1149f67b06f87889db2a280d1615_cgraph-eps-converted-to.pdf>
<main_8cpp_a8f9e1149f67b06f87889db2a280d1615_cgraph-eps-converted-to.pdf, id=12
539, 1126.2075pt x 100.375pt>
File: main_8cpp_a8f9e1149f67b06f87889db2a280d1615_cgraph-eps-converted-to.pdf G
raphic file (type pdf)
<use main_8cpp_a8f9e1149f67b06f87889db2a280d1615_cgraph-eps-converted-to.pdf>
Package pdftex.def Info: main_8cpp_a8f9e1149f67b06f87889db2a280d1615_cgraph-eps
-converted-to.pdf  used on input line 45.
(pdftex.def)             Requested size: 350.0pt x 31.19403pt.
Package epstopdf Info: Source file: <main_8cpp_a8f9e1149f67b06f87889db2a280d161
5_icgraph.eps>
(epstopdf)                    date: 2026-10-04 22:45:38
(epstopdf)                    size: 6152 bytes
(epstopdf)             Output file: <main_8cpp_a8f9e1149f67b06f87889db2a280d161
5_icgraph-eps-converted-to.pdf>
(epstopdf)                    date: 2026-10-04 22:47:12
(epstopdf)                    size: 4982 bytes
(epstopdf)             Command: <repstopdf --outfile=main_8cpp_a8f9e1149f67b06f
87889db2a280d1615_icgraph-eps-converted-to.pdf main_8cpp_a8f9e1149f67b06f87889d
b2a280d1615_icgraph.eps>
(epstopdf)             \includegraphics on input line 53.
Package epstopdf Info: Output file is already uptodate.
 <./main_8cpp_a8f9e1149f67b06f87889db2a280d1615_icgraph-eps-converted-to.pdf>
<main_8cpp_a8f9e1149f67b06f87889db2a280d1615_icgraph-eps-converted-to.pdf, id=1
2546, 160.6pt x 45.16875pt>
File: main_8cpp_a8f9e1149f67b06f87889db2a280d1615_icgraph-eps-converted-to.pdf 
Graphic file (type pdf)
<use main_8cpp_a8f9e1149f67b06f87889db2a280d1615_icgraph-eps-converted-to.pdf>
Package pdftex.def Info: main_8cpp_a8f9e1149f67b06f87889db2a280d1615_icgraph-ep
s-converted-to.pdf  used on input line 53.
(pdftex.def)             Requested size: 196.0pt x 55.12645pt.

[217

]
Package epstopdf Info: Source file: <main_8cpp_a0ddf1224851353fc92bfbff6f499fa9
7_cgraph.eps>
(epstopdf)                    date: 2026-10-04 22:45:39
(epstopdf)                    size: 40396 bytes
(epstopdf)             Output file: <main_8cpp_a0ddf1224851353fc92bfbff6f499fa9
7_cgraph-eps-converted-to.pdf>
(epstopdf)                    date: 2026-10-04 22:47:12
(epstopdf)                    size: 11843 bytes
(epstopdf)             Command: <repstopdf --outfile=main_8cpp_a0ddf1224851353f
c92bfbff6f499fa97_cgraph-eps-converted-to.pdf main_8cpp_a0ddf1224851353fc92bfbf
f6f499fa97_cgraph.eps>
(epstopdf)             \includegraphics on input line 67.
Package epstopdf Info: Output file is already uptodate.
 <./main_8cpp_a0ddf1224851353fc92bfbff6f499fa97_cgraph-eps-converted-to.pdf>
<main_8cpp_a0ddf1224851353fc92bfbff6f499fa97_cgraph-eps-converted-to.pdf, id=12
562, 1303.87125pt x 752.8125pt>
File: main_8cpp_a0ddf1224851353fc92bfbff6f499fa97_cgraph-eps-converted-to.pdf G
raphic file (type pdf)
<use main_8cpp_a0ddf1224851353fc92bfbff6f499fa97_cgraph-eps-converted-to.pdf>
Package pdftex.def Info: main_8cpp_a0ddf1224851353fc92bfbff6f499fa97_cgraph-eps
-converted-to.pdf  used on input line 67.
(pdftex.def)             Requested size: 350.0pt x 202.07893pt.
Package epstopdf Info: Source file: <main_8cpp_a0ddf1224851353fc92bfbff6f499fa9
7_icgraph.eps>
(epstopdf)                    date: 2026-10-04 22:45:39
(epstopdf)                    size: 4773 bytes
(epstopdf)             Output file: <main_8cpp_a0ddf1224851353fc92bfbff6f499fa9
7_icgraph-eps-converted-to.pdf>
(epstopdf)                    date: 2026-10-04 22:47:12
(epstopdf)                    size: 4069 bytes
(epstopdf)             Command: <repstopdf --outfile=main_8cpp_a0ddf1224851353f
c92bfbff6f499fa97_icgraph-eps-converted-to.pdf main_8cpp_a0ddf1224851353fc92bfb
ff6f499fa97_icgraph.eps>
(epstopdf)             \includegraphics on input line 75.
Package epstopdf Info: Output file is already uptodate.
 <./main_8cpp_a0ddf1224851353fc92bfbff6f499fa97_icgraph-eps-converted-to.pdf>
<main_8cpp_a0ddf1224851353fc92bfbff6f499fa97_icgraph-eps-converted-to.pdf, id=1
2569, 45.16875pt x 45.16875pt>
File: main_8cpp_a0ddf1224851353fc92bfbff6f499fa97_icgraph-eps-converted-to.pdf 
Graphic file (type pdf)
<use main_8cpp_a0ddf1224851353fc92bfbff6f499fa97_icgraph-eps-converted-to.pdf>
Package pdftex.def Info: main_8cpp_a0ddf1224851353fc92bfbff6f499fa97_icgraph-ep
s-converted-to.pdf  used on input line 75.
(pdftex.def)             Requested size: 81.0pt x 81.00798pt.
) (./appversion_8h.tex
Package epstopdf Info: Source file: <appversion_8h__incl.eps>
(epstopdf)                    date: 2026-10-04 22:45:38
(epstopdf)                    size: 5113 bytes
(epstopdf)             Output file: <appversion_8h__incl-eps-converted-to.pdf>
(epstopdf)                    date: 2026-10-04 22:47:12
(epstopdf)                    size: 5092 bytes
(epstopdf)             Command: <repstopdf --outfile=appversion_8h__incl-eps-co
nverted-to.pdf appversion_8h__incl.eps>
(epstopdf)             \includegraphics on input line 9.
Package epstopdf Info: Output file is already uptodate.
 <./appversion_8h__incl-eps-converted-to.pdf>
<appversion_8h__incl-eps-converted-to.pdf, id=12576, 80.3pt x 83.31125pt>
File: appversion_8h__incl-eps-converted-to.pdf Graphic file (type pdf)
<use appversion_8h__incl-eps-converted-to.pdf>
Package pdftex.def Info: appversion_8h__incl-eps-converted-to.pdf  used on inpu
t line 9.
(pdftex.def)             Requested size: 116.0pt x 120.35327pt.
 [218]
Package epstopdf Info: Source file: <appversion_8h__dep__incl.eps>
(epstopdf)                    date: 2026-10-04 22:45:38
(epstopdf)                    size: 10925 bytes
(epstopdf)             Output file: <appversion_8h__dep__incl-eps-converted-to.
pdf>
(epstopdf)                    date: 2026-10-04 22:47:13
(epstopdf)                    size: 6358 bytes
(epstopdf)             Command: <repstopdf --outfile=appversion_8h__dep__incl-e
ps-converted-to.pdf appversion_8h__dep__incl.eps>
(epstopdf)             \includegraphics on input line 17.
Package epstopdf Info: Output file is already uptodate.
 <./appversion_8h__dep__incl-eps-converted-to.pdf>
<appversion_8h__dep__incl-eps-converted-to.pdf, id=12591, 387.4475pt x 193.7237
5pt>
File: appversion_8h__dep__incl-eps-converted-to.pdf Graphic file (type pdf)
<use appversion_8h__dep__incl-eps-converted-to.pdf>
Package pdftex.def Info: appversion_8h__dep__incl-eps-converted-to.pdf  used on
 input line 17.
(pdftex.def)             Requested size: 350.0pt x 175.00302pt.
) (./appversion_8h_source.tex)
(./grammar_8cpp.tex
Package epstopdf Info: Source file: <grammar_8cpp__incl.eps>
(epstopdf)                    date: 2026-10-04 22:45:38
(epstopdf)                    size: 16151 bytes
(epstopdf)             Output file: <grammar_8cpp__incl-eps-converted-to.pdf>
(epstopdf)                    date: 2026-10-04 22:47:13
(epstopdf)                    size: 7149 bytes
(epstopdf)             Command: <repstopdf --outfile=grammar_8cpp__incl-eps-con
verted-to.pdf grammar_8cpp__incl.eps>
(epstopdf)             \includegraphics on input line 16.
Package epstopdf Info: Output file is already uptodate.
 <./grammar_8cpp__incl-eps-converted-to.pdf>
<grammar_8cpp__incl-eps-converted-to.pdf, id=12608, 633.36626pt x 193.72375pt>
File: grammar_8cpp__incl-eps-converted-to.pdf Graphic file (type pdf)
<use grammar_8cpp__incl-eps-converted-to.pdf>
Package pdftex.def Info: grammar_8cpp__incl-eps-converted-to.pdf  used on input
 line 16.
(pdftex.def)             Requested size: 350.0pt x 107.05385pt.
 [219])
(./grammar_8hpp.tex
Package epstopdf Info: Source file: <grammar_8hpp__incl.eps>
(epstopdf)                    date: 2026-10-04 22:45:38
(epstopdf)                    size: 10589 bytes
(epstopdf)             Output file: <grammar_8hpp__incl-eps-converted-to.pdf>
(epstopdf)                    date: 2026-10-04 22:47:13
(epstopdf)                    size: 6382 bytes
(epstopdf)             Command: <repstopdf --outfile=grammar_8hpp__incl-eps-con
verted-to.pdf grammar_8hpp__incl.eps>
(epstopdf)             \includegraphics on input line 12.
Package epstopdf Info: Output file is already uptodate.
 <./grammar_8hpp__incl-eps-converted-to.pdf>
<grammar_8hpp__incl-eps-converted-to.pdf, id=12624, 363.3575pt x 138.5175pt>
File: grammar_8hpp__incl-eps-converted-to.pdf Graphic file (type pdf)
<use grammar_8hpp__incl-eps-converted-to.pdf>
Package pdftex.def Info: grammar_8hpp__incl-eps-converted-to.pdf  used on input
 line 12.
(pdftex.def)             Requested size: 350.0pt x 133.4297pt.
Package epstopdf Info: Source file: <grammar_8hpp__dep__incl.eps>
(epstopdf)                    date: 2026-10-04 22:45:38
(epstopdf)                    size: 31324 bytes
(epstopdf)             Output file: <grammar_8hpp__dep__incl-eps-converted-to.p
df>
(epstopdf)                    date: 2026-10-04 22:47:13
(epstopdf)                    size: 9522 bytes
(epstopdf)             Command: <repstopdf --outfile=grammar_8hpp__dep__incl-ep
s-converted-to.pdf grammar_8hpp__dep__incl.eps>
(epstopdf)             \includegraphics on input line 20.
Package epstopdf Info: Output file is already uptodate.
 <./grammar_8hpp__dep__incl-eps-converted-to.pdf>
<grammar_8hpp__dep__incl-eps-converted-to.pdf, id=12631, 1285.80376pt x 248.93p
t>
File: grammar_8hpp__dep__incl-eps-converted-to.pdf Graphic file (type pdf)
<use grammar_8hpp__dep__incl-eps-converted-to.pdf>
Package pdftex.def Info: grammar_8hpp__dep__incl-eps-converted-to.pdf  used on 
input line 20.
(pdftex.def)             Requested size: 350.0pt x 67.75896pt.
 [220]

Package textcomp Warning: Symbol \textrightarrow not provided by
(textcomp)                font family phv in TS1 encoding.
(textcomp)                Default family used instead on input line 49.

) (./grammar_8hpp_source.tex [221]) (./grammar__factory_8cpp.tex
Package epstopdf Info: Source file: <grammar__factory_8cpp__incl.eps>
(epstopdf)                    date: 2026-10-04 22:45:38
(epstopdf)                    size: 33593 bytes
(epstopdf)             Output file: <grammar__factory_8cpp__incl-eps-converted-
to.pdf>
(epstopdf)                    date: 2026-10-04 22:47:13
(epstopdf)                    size: 10076 bytes
(epstopdf)             Command: <repstopdf --outfile=grammar__factory_8cpp__inc
l-eps-converted-to.pdf grammar__factory_8cpp__incl.eps>
(epstopdf)             \includegraphics on input line 16.
Package epstopdf Info: Output file is already uptodate.
 <./grammar__factory_8cpp__incl-eps-converted-to.pdf>
<grammar__factory_8cpp__incl-eps-converted-to.pdf, id=12659, 949.5475pt x 248.9
3pt>
File: grammar__factory_8cpp__incl-eps-converted-to.pdf Graphic file (type pdf)
<use grammar__factory_8cpp__incl-eps-converted-to.pdf>
Package pdftex.def Info: grammar__factory_8cpp__incl-eps-converted-to.pdf  used
 on input line 16.
(pdftex.def)             Requested size: 350.0pt x 91.7532pt.
) (./grammar__factory_8hpp.tex
Package epstopdf Info: Source file: <grammar__factory_8hpp__incl.eps>
(epstopdf)                    date: 2026-10-04 22:45:38
(epstopdf)                    size: 13399 bytes
(epstopdf)             Output file: <grammar__factory_8hpp__incl-eps-converted-
to.pdf>
(epstopdf)                    date: 2026-10-04 22:47:13
(epstopdf)                    size: 6900 bytes
(epstopdf)             Command: <repstopdf --outfile=grammar__factory_8hpp__inc
l-eps-converted-to.pdf grammar__factory_8hpp__incl.eps>
(epstopdf)             \includegraphics on input line 13.
Package epstopdf Info: Output file is already uptodate.
 <./grammar__factory_8hpp__incl-eps-converted-to.pdf>
<grammar__factory_8hpp__incl-eps-converted-to.pdf, id=12666, 364.36125pt x 193.
72375pt>
File: grammar__factory_8hpp__incl-eps-converted-to.pdf Graphic file (type pdf)
<use grammar__factory_8hpp__incl-eps-converted-to.pdf>
Package pdftex.def Info: grammar__factory_8hpp__incl-eps-converted-to.pdf  used
 on input line 13.
(pdftex.def)             Requested size: 350.0pt x 186.09387pt.
Package epstopdf Info: Source file: <grammar__factory_8hpp__dep__incl.eps>
(epstopdf)                    date: 2026-10-04 22:45:38
(epstopdf)                    size: 9080 bytes
(epstopdf)             Output file: <grammar__factory_8hpp__dep__incl-eps-conve
rted-to.pdf>
(epstopdf)                    date: 2026-10-04 22:47:14
(epstopdf)                    size: 6120 bytes
(epstopdf)             Command: <repstopdf --outfile=grammar__factory_8hpp__dep
__incl-eps-converted-to.pdf grammar__factory_8hpp__dep__incl.eps>
(epstopdf)             \includegraphics on input line 21.
Package epstopdf Info: Output file is already uptodate.
 <./grammar__factory_8hpp__dep__incl-eps-converted-to.pdf>
<grammar__factory_8hpp__dep__incl-eps-converted-to.pdf, id=12673, 480.79625pt x
 138.5175pt>
File: grammar__factory_8hpp__dep__incl-eps-converted-to.pdf Graphic file (type 
pdf)
<use grammar__factory_8hpp__dep__incl-eps-converted-to.pdf>
Package pdftex.def Info: grammar__factory_8hpp__dep__incl-eps-converted-to.pdf 
 used on input line 21.
(pdftex.def)             Requested size: 350.0pt x 100.83792pt.
 [222]) (./grammar__factory_8hpp_source.tex [223])
(./grammar__parser_8cpp.tex
Package epstopdf Info: Source file: <grammar__parser_8cpp__incl.eps>
(epstopdf)                    date: 2026-10-04 22:45:38
(epstopdf)                    size: 17249 bytes
(epstopdf)             Output file: <grammar__parser_8cpp__incl-eps-converted-t
o.pdf>
(epstopdf)                    date: 2026-10-04 22:47:14
(epstopdf)                    size: 7429 bytes
(epstopdf)             Command: <repstopdf --outfile=grammar__parser_8cpp__incl
-eps-converted-to.pdf grammar__parser_8cpp__incl.eps>
(epstopdf)             \includegraphics on input line 15.
Package epstopdf Info: Output file is already uptodate.
 <./grammar__parser_8cpp__incl-eps-converted-to.pdf>
<grammar__parser_8cpp__incl-eps-converted-to.pdf, id=12698, 584.1825pt x 248.93
pt>
File: grammar__parser_8cpp__incl-eps-converted-to.pdf Graphic file (type pdf)
<use grammar__parser_8cpp__incl-eps-converted-to.pdf>
Package pdftex.def Info: grammar__parser_8cpp__incl-eps-converted-to.pdf  used 
on input line 15.
(pdftex.def)             Requested size: 350.0pt x 149.14644pt.
) (./grammar__parser_8hpp.tex [224]
Package epstopdf Info: Source file: <grammar__parser_8hpp__incl.eps>
(epstopdf)                    date: 2026-10-04 22:45:38
(epstopdf)                    size: 12517 bytes
(epstopdf)             Output file: <grammar__parser_8hpp__incl-eps-converted-t
o.pdf>
(epstopdf)                    date: 2026-10-04 22:47:14
(epstopdf)                    size: 6704 bytes
(epstopdf)             Command: <repstopdf --outfile=grammar__parser_8hpp__incl
-eps-converted-to.pdf grammar__parser_8hpp__incl.eps>
(epstopdf)             \includegraphics on input line 11.
Package epstopdf Info: Output file is already uptodate.
 <./grammar__parser_8hpp__incl-eps-converted-to.pdf>
<grammar__parser_8hpp__incl-eps-converted-to.pdf, id=12709, 364.36125pt x 193.7
2375pt>
File: grammar__parser_8hpp__incl-eps-converted-to.pdf Graphic file (type pdf)
<use grammar__parser_8hpp__incl-eps-converted-to.pdf>
Package pdftex.def Info: grammar__parser_8hpp__incl-eps-converted-to.pdf  used 
on input line 11.
(pdftex.def)             Requested size: 350.0pt x 186.09387pt.
Package epstopdf Info: Source file: <grammar__parser_8hpp__dep__incl.eps>
(epstopdf)                    date: 2026-10-04 22:45:38
(epstopdf)                    size: 6253 bytes
(epstopdf)             Output file: <grammar__parser_8hpp__dep__incl-eps-conver
ted-to.pdf>
(epstopdf)                    date: 2026-10-04 22:47:14
(epstopdf)                    size: 5619 bytes
(epstopdf)             Command: <repstopdf --outfile=grammar__parser_8hpp__dep_
_incl-eps-converted-to.pdf grammar__parser_8hpp__dep__incl.eps>
(epstopdf)             \includegraphics on input line 19.
Package epstopdf Info: Output file is already uptodate.
 <./grammar__parser_8hpp__dep__incl-eps-converted-to.pdf>
<grammar__parser_8hpp__dep__incl-eps-converted-to.pdf, id=12716, 309.155pt x 83
.31125pt>
File: grammar__parser_8hpp__dep__incl-eps-converted-to.pdf Graphic file (type p
df)
<use grammar__parser_8hpp__dep__incl-eps-converted-to.pdf>
Package pdftex.def Info: grammar__parser_8hpp__dep__incl-eps-converted-to.pdf  
used on input line 19.
(pdftex.def)             Requested size: 344.0pt x 92.7092pt.
 [225])
(./grammar__parser_8hpp_source.tex) (./ll1__parser_8cpp.tex
Package epstopdf Info: Source file: <ll1__parser_8cpp__incl.eps>
(epstopdf)                    date: 2026-10-04 22:45:38
(epstopdf)                    size: 21580 bytes
(epstopdf)             Output file: <ll1__parser_8cpp__incl-eps-converted-to.pd
f>
(epstopdf)                    date: 2026-10-04 22:47:14
(epstopdf)                    size: 8247 bytes
(epstopdf)             Command: <repstopdf --outfile=ll1__parser_8cpp__incl-eps
-converted-to.pdf ll1__parser_8cpp__incl.eps>
(epstopdf)             \includegraphics on input line 18.
Package epstopdf Info: Output file is already uptodate.
 <./ll1__parser_8cpp__incl-eps-converted-to.pdf>
<ll1__parser_8cpp__incl-eps-converted-to.pdf, id=12743, 737.75626pt x 248.93pt>

File: ll1__parser_8cpp__incl-eps-converted-to.pdf Graphic file (type pdf)
<use ll1__parser_8cpp__incl-eps-converted-to.pdf>
Package pdftex.def Info: ll1__parser_8cpp__incl-eps-converted-to.pdf  used on i
nput line 18.
(pdftex.def)             Requested size: 350.0pt x 118.09483pt.
) (./ll1__parser_8hpp.tex [226]
Package epstopdf Info: Source file: <ll1__parser_8hpp__incl.eps>
(epstopdf)                    date: 2026-10-04 22:45:39
(epstopdf)                    size: 15181 bytes
(epstopdf)             Output file: <ll1__parser_8hpp__incl-eps-converted-to.pd
f>
(epstopdf)                    date: 2026-10-04 22:47:14
(epstopdf)                    size: 7122 bytes
(epstopdf)             Command: <repstopdf --outfile=ll1__parser_8hpp__incl-eps
-converted-to.pdf ll1__parser_8hpp__incl.eps>
(epstopdf)             \includegraphics on input line 15.
Package epstopdf Info: Output file is already uptodate.
 <./ll1__parser_8hpp__incl-eps-converted-to.pdf>
<ll1__parser_8hpp__incl-eps-converted-to.pdf, id=12754, 469.755pt x 193.72375pt
>
File: ll1__parser_8hpp__incl-eps-converted-to.pdf Graphic file (type pdf)
<use ll1__parser_8hpp__incl-eps-converted-to.pdf>
Package pdftex.def Info: ll1__parser_8hpp__incl-eps-converted-to.pdf  used on i
nput line 15.
(pdftex.def)             Requested size: 350.0pt x 144.33766pt.
Package epstopdf Info: Source file: <ll1__parser_8hpp__dep__incl.eps>
(epstopdf)                    date: 2026-10-04 22:45:38
(epstopdf)                    size: 13400 bytes
(epstopdf)             Output file: <ll1__parser_8hpp__dep__incl-eps-converted-
to.pdf>
(epstopdf)                    date: 2026-10-04 22:47:15
(epstopdf)                    size: 6913 bytes
(epstopdf)             Command: <repstopdf --outfile=ll1__parser_8hpp__dep__inc
l-eps-converted-to.pdf ll1__parser_8hpp__dep__incl.eps>
(epstopdf)             \includegraphics on input line 23.
Package epstopdf Info: Output file is already uptodate.
 <./ll1__parser_8hpp__dep__incl-eps-converted-to.pdf>
<ll1__parser_8hpp__dep__incl-eps-converted-to.pdf, id=12761, 723.70375pt x 193.
72375pt>
File: ll1__parser_8hpp__dep__incl-eps-converted-to.pdf Graphic file (type pdf)
<use ll1__parser_8hpp__dep__incl-eps-converted-to.pdf>
Package pdftex.def Info: ll1__parser_8hpp__dep__incl-eps-converted-to.pdf  used
 on input line 23.
(pdftex.def)             Requested size: 350.0pt x 93.68985pt.
) (./ll1__parser_8hpp_source.tex [227]) (./lr0__item_8cpp.tex
Package epstopdf Info: Source file: <lr0__item_8cpp__incl.eps>
(epstopdf)                    date: 2026-10-04 22:45:38
(epstopdf)                    size: 14942 bytes
(epstopdf)             Output file: <lr0__item_8cpp__incl-eps-converted-to.pdf>

(epstopdf)                    date: 2026-10-04 22:47:15
(epstopdf)                    size: 7156 bytes
(epstopdf)             Command: <repstopdf --outfile=lr0__item_8cpp__incl-eps-c
onverted-to.pdf lr0__item_8cpp__incl.eps>
(epstopdf)             \includegraphics on input line 16.
Package epstopdf Info: Output file is already uptodate.
 <./lr0__item_8cpp__incl-eps-converted-to.pdf>
<lr0__item_8cpp__incl-eps-converted-to.pdf, id=12780, 601.24625pt x 138.5175pt>

File: lr0__item_8cpp__incl-eps-converted-to.pdf Graphic file (type pdf)
<use lr0__item_8cpp__incl-eps-converted-to.pdf>
Package pdftex.def Info: lr0__item_8cpp__incl-eps-converted-to.pdf  used on inp
ut line 16.
(pdftex.def)             Requested size: 350.0pt x 80.6361pt.
) (./lr0__item_8hpp.tex [228]
Package epstopdf Info: Source file: <lr0__item_8hpp__incl.eps>
(epstopdf)                    date: 2026-10-04 22:45:38
(epstopdf)                    size: 5863 bytes
(epstopdf)             Output file: <lr0__item_8hpp__incl-eps-converted-to.pdf>

(epstopdf)                    date: 2026-10-04 22:47:15
(epstopdf)                    size: 5544 bytes
(epstopdf)             Command: <repstopdf --outfile=lr0__item_8hpp__incl-eps-c
onverted-to.pdf lr0__item_8hpp__incl.eps>
(epstopdf)             \includegraphics on input line 10.
Package epstopdf Info: Output file is already uptodate.
 <./lr0__item_8hpp__incl-eps-converted-to.pdf>
<lr0__item_8hpp__incl-eps-converted-to.pdf, id=12791, 117.43875pt x 83.31125pt>

File: lr0__item_8hpp__incl-eps-converted-to.pdf Graphic file (type pdf)
<use lr0__item_8hpp__incl-eps-converted-to.pdf>
Package pdftex.def Info: lr0__item_8hpp__incl-eps-converted-to.pdf  used on inp
ut line 10.
(pdftex.def)             Requested size: 153.0pt x 108.5385pt.
Package epstopdf Info: Source file: <lr0__item_8hpp__dep__incl.eps>
(epstopdf)                    date: 2026-10-04 22:45:38
(epstopdf)                    size: 16791 bytes
(epstopdf)             Output file: <lr0__item_8hpp__dep__incl-eps-converted-to
.pdf>
(epstopdf)                    date: 2026-10-04 22:47:15
(epstopdf)                    size: 7518 bytes
(epstopdf)             Command: <repstopdf --outfile=lr0__item_8hpp__dep__incl-
eps-converted-to.pdf lr0__item_8hpp__dep__incl.eps>
(epstopdf)             \includegraphics on input line 18.
Package epstopdf Info: Output file is already uptodate.
 <./lr0__item_8hpp__dep__incl-eps-converted-to.pdf>
<lr0__item_8hpp__dep__incl-eps-converted-to.pdf, id=12798, 685.56125pt x 305.14
pt>
File: lr0__item_8hpp__dep__incl-eps-converted-to.pdf Graphic file (type pdf)
<use lr0__item_8hpp__dep__incl-eps-converted-to.pdf>
Package pdftex.def Info: lr0__item_8hpp__dep__incl-eps-converted-to.pdf  used o
n input line 18.
(pdftex.def)             Requested size: 350.0pt x 155.78694pt.
)
(./lr0__item_8hpp_source.tex [229]) (./slr1__parser_8cpp.tex
Package epstopdf Info: Source file: <slr1__parser_8cpp__incl.eps>
(epstopdf)                    date: 2026-10-04 22:45:38
(epstopdf)                    size: 28299 bytes
(epstopdf)             Output file: <slr1__parser_8cpp__incl-eps-converted-to.p
df>
(epstopdf)                    date: 2026-10-04 22:47:15
(epstopdf)                    size: 9275 bytes
(epstopdf)             Command: <repstopdf --outfile=slr1__parser_8cpp__incl-ep
s-converted-to.pdf slr1__parser_8cpp__incl.eps>
(epstopdf)             \includegraphics on input line 20.
Package epstopdf Info: Output file is already uptodate.
 <./slr1__parser_8cpp__incl-eps-converted-to.pdf>
<slr1__parser_8cpp__incl-eps-converted-to.pdf, id=12817, 1006.76125pt x 248.93p
t>
File: slr1__parser_8cpp__incl-eps-converted-to.pdf Graphic file (type pdf)
<use slr1__parser_8cpp__incl-eps-converted-to.pdf>
Package pdftex.def Info: slr1__parser_8cpp__incl-eps-converted-to.pdf  used on 
input line 20.
(pdftex.def)             Requested size: 350.0pt x 86.53806pt.
) (./slr1__parser_8hpp.tex [230]
Package epstopdf Info: Source file: <slr1__parser_8hpp__incl.eps>
(epstopdf)                    date: 2026-10-04 22:45:38
(epstopdf)                    size: 20208 bytes
(epstopdf)             Output file: <slr1__parser_8hpp__incl-eps-converted-to.p
df>
(epstopdf)                    date: 2026-10-04 22:47:16
(epstopdf)                    size: 7974 bytes
(epstopdf)             Command: <repstopdf --outfile=slr1__parser_8hpp__incl-ep
s-converted-to.pdf slr1__parser_8hpp__incl.eps>
(epstopdf)             \includegraphics on input line 15.
Package epstopdf Info: Output file is already uptodate.
 <./slr1__parser_8hpp__incl-eps-converted-to.pdf>
<slr1__parser_8hpp__incl-eps-converted-to.pdf, id=12828, 714.67pt x 193.72375pt
>
File: slr1__parser_8hpp__incl-eps-converted-to.pdf Graphic file (type pdf)
<use slr1__parser_8hpp__incl-eps-converted-to.pdf>
Package pdftex.def Info: slr1__parser_8hpp__incl-eps-converted-to.pdf  used on 
input line 15.
(pdftex.def)             Requested size: 350.0pt x 94.87225pt.
Package epstopdf Info: Source file: <slr1__parser_8hpp__dep__incl.eps>
(epstopdf)                    date: 2026-10-04 22:45:38
(epstopdf)                    size: 13419 bytes
(epstopdf)             Output file: <slr1__parser_8hpp__dep__incl-eps-converted
-to.pdf>
(epstopdf)                    date: 2026-10-04 22:47:16
(epstopdf)                    size: 6922 bytes
(epstopdf)             Command: <repstopdf --outfile=slr1__parser_8hpp__dep__in
cl-eps-converted-to.pdf slr1__parser_8hpp__dep__incl.eps>
(epstopdf)             \includegraphics on input line 23.
Package epstopdf Info: Output file is already uptodate.
 <./slr1__parser_8hpp__dep__incl-eps-converted-to.pdf>
<slr1__parser_8hpp__dep__incl-eps-converted-to.pdf, id=12835, 685.56125pt x 193
.72375pt>
File: slr1__parser_8hpp__dep__incl-eps-converted-to.pdf Graphic file (type pdf)

<use slr1__parser_8hpp__dep__incl-eps-converted-to.pdf>
Package pdftex.def Info: slr1__parser_8hpp__dep__incl-eps-converted-to.pdf  use
d on input line 23.
(pdftex.def)             Requested size: 350.0pt x 98.9042pt.
) (./slr1__parser_8hpp_source.tex [231]) (./state_8hpp.tex
Package epstopdf Info: Source file: <state_8hpp__incl.eps>
(epstopdf)                    date: 2026-10-04 22:45:38
(epstopdf)                    size: 10010 bytes
(epstopdf)             Output file: <state_8hpp__incl-eps-converted-to.pdf>
(epstopdf)                    date: 2026-10-04 22:47:16
(epstopdf)                    size: 6269 bytes
(epstopdf)             Command: <repstopdf --outfile=state_8hpp__incl-eps-conve
rted-to.pdf state_8hpp__incl.eps>
(epstopdf)             \includegraphics on input line 13.
Package epstopdf Info: Output file is already uptodate.
 <./state_8hpp__incl-eps-converted-to.pdf>
<state_8hpp__incl-eps-converted-to.pdf, id=12857, 400.49625pt x 138.5175pt>
File: state_8hpp__incl-eps-converted-to.pdf Graphic file (type pdf)
<use state_8hpp__incl-eps-converted-to.pdf>
Package pdftex.def Info: state_8hpp__incl-eps-converted-to.pdf  used on input l
ine 13.
(pdftex.def)             Requested size: 350.0pt x 121.05878pt.
 [232]
Package epstopdf Info: Source file: <state_8hpp__dep__incl.eps>
(epstopdf)                    date: 2026-10-04 22:45:38
(epstopdf)                    size: 14382 bytes
(epstopdf)             Output file: <state_8hpp__dep__incl-eps-converted-to.pdf
>
(epstopdf)                    date: 2026-10-04 22:47:16
(epstopdf)                    size: 7035 bytes
(epstopdf)             Command: <repstopdf --outfile=state_8hpp__dep__incl-eps-
converted-to.pdf state_8hpp__dep__incl.eps>
(epstopdf)             \includegraphics on input line 21.
Package epstopdf Info: Output file is already uptodate.
 <./state_8hpp__dep__incl-eps-converted-to.pdf>
<state_8hpp__dep__incl-eps-converted-to.pdf, id=12868, 685.56125pt x 248.93pt>
File: state_8hpp__dep__incl-eps-converted-to.pdf Graphic file (type pdf)
<use state_8hpp__dep__incl-eps-converted-to.pdf>
Package pdftex.def Info: state_8hpp__dep__incl-eps-converted-to.pdf  used on in
put line 21.
(pdftex.def)             Requested size: 350.0pt x 127.08936pt.
) (./state_8hpp_source.tex [233]) (./symbol__table_8cpp.tex
Package epstopdf Info: Source file: <symbol__table_8cpp__incl.eps>
(epstopdf)                    date: 2026-10-04 22:45:38
(epstopdf)                    size: 10146 bytes
(epstopdf)             Output file: <symbol__table_8cpp__incl-eps-converted-to.
pdf>
(epstopdf)                    date: 2026-10-04 22:47:16
(epstopdf)                    size: 6235 bytes
(epstopdf)             Command: <repstopdf --outfile=symbol__table_8cpp__incl-e
ps-converted-to.pdf symbol__table_8cpp__incl.eps>
(epstopdf)             \includegraphics on input line 11.
Package epstopdf Info: Output file is already uptodate.
 <./symbol__table_8cpp__incl-eps-converted-to.pdf>
<symbol__table_8cpp__incl-eps-converted-to.pdf, id=12887, 363.3575pt x 138.5175
pt>
File: symbol__table_8cpp__incl-eps-converted-to.pdf Graphic file (type pdf)
<use symbol__table_8cpp__incl-eps-converted-to.pdf>
Package pdftex.def Info: symbol__table_8cpp__incl-eps-converted-to.pdf  used on
 input line 11.
(pdftex.def)             Requested size: 350.0pt x 133.4297pt.
) (./symbol__table_8hpp.tex
Package epstopdf Info: Source file: <symbol__table_8hpp__incl.eps>
(epstopdf)                    date: 2026-10-04 22:45:38
(epstopdf)                    size: 8291 bytes
(epstopdf)             Output file: <symbol__table_8hpp__incl-eps-converted-to.
pdf>
(epstopdf)                    date: 2026-10-04 22:47:16
(epstopdf)                    size: 5928 bytes
(epstopdf)             Command: <repstopdf --outfile=symbol__table_8hpp__incl-e
ps-converted-to.pdf symbol__table_8hpp__incl.eps>
(epstopdf)             \includegraphics on input line 13.
Package epstopdf Info: Output file is already uptodate.
 <./symbol__table_8hpp__incl-eps-converted-to.pdf>
<symbol__table_8hpp__incl-eps-converted-to.pdf, id=12894, 363.3575pt x 83.31125
pt>
File: symbol__table_8hpp__incl-eps-converted-to.pdf Graphic file (type pdf)
<use symbol__table_8hpp__incl-eps-converted-to.pdf>
Package pdftex.def Info: symbol__table_8hpp__incl-eps-converted-to.pdf  used on
 input line 13.
(pdftex.def)             Requested size: 350.0pt x 80.25119pt.
Package epstopdf Info: Source file: <symbol__table_8hpp__dep__incl.eps>
(epstopdf)                    date: 2026-10-04 22:45:38
(epstopdf)                    size: 36249 bytes
(epstopdf)             Output file: <symbol__table_8hpp__dep__incl-eps-converte
d-to.pdf>
(epstopdf)                    date: 2026-10-04 22:47:17
(epstopdf)                    size: 10385 bytes
(epstopdf)             Command: <repstopdf --outfile=symbol__table_8hpp__dep__i
ncl-eps-converted-to.pdf symbol__table_8hpp__dep__incl.eps>
(epstopdf)             \includegraphics on input line 21.
Package epstopdf Info: Output file is already uptodate.
 <./symbol__table_8hpp__dep__incl-eps-converted-to.pdf>
<symbol__table_8hpp__dep__incl-eps-converted-to.pdf, id=12901, 1409.265pt x 305
.14pt>
File: symbol__table_8hpp__dep__incl-eps-converted-to.pdf Graphic file (type pdf
)
<use symbol__table_8hpp__dep__incl-eps-converted-to.pdf>
Package pdftex.def Info: symbol__table_8hpp__dep__incl-eps-converted-to.pdf  us
ed on input line 21.
(pdftex.def)             Requested size: 350.0pt x 75.78195pt.
 [234]) (./symbol__table_8hpp_source.tex [235])
(./automatonviewerdialog_8cpp.tex
Package epstopdf Info: Source file: <automatonviewerdialog_8cpp__incl.eps>
(epstopdf)                    date: 2026-10-04 22:45:38
(epstopdf)                    size: 30456 bytes
(epstopdf)             Output file: <automatonviewerdialog_8cpp__incl-eps-conve
rted-to.pdf>
(epstopdf)                    date: 2026-10-04 22:47:17
(epstopdf)                    size: 10189 bytes
(epstopdf)             Command: <repstopdf --outfile=automatonviewerdialog_8cpp
__incl-eps-converted-to.pdf automatonviewerdialog_8cpp__incl.eps>
(epstopdf)             \includegraphics on input line 17.
Package epstopdf Info: Output file is already uptodate.
 <./automatonviewerdialog_8cpp__incl-eps-converted-to.pdf>
<automatonviewerdialog_8cpp__incl-eps-converted-to.pdf, id=12939, 1721.43124pt 
x 193.72375pt>
File: automatonviewerdialog_8cpp__incl-eps-converted-to.pdf Graphic file (type 
pdf)
<use automatonviewerdialog_8cpp__incl-eps-converted-to.pdf>
Package pdftex.def Info: automatonviewerdialog_8cpp__incl-eps-converted-to.pdf 
 used on input line 17.
(pdftex.def)             Requested size: 350.0pt x 39.3855pt.
) (./automatonviewerdialog_8h.tex
Package epstopdf Info: Source file: <automatonviewerdialog_8h__incl.eps>
(epstopdf)                    date: 2026-10-04 22:45:38
(epstopdf)                    size: 5921 bytes
(epstopdf)             Output file: <automatonviewerdialog_8h__incl-eps-convert
ed-to.pdf>
(epstopdf)                    date: 2026-10-04 22:47:17
(epstopdf)                    size: 5416 bytes
(epstopdf)             Command: <repstopdf --outfile=automatonviewerdialog_8h__
incl-eps-converted-to.pdf automatonviewerdialog_8h__incl.eps>
(epstopdf)             \includegraphics on input line 10.
Package epstopdf Info: Output file is already uptodate.
 <./automatonviewerdialog_8h__incl-eps-converted-to.pdf>
<automatonviewerdialog_8h__incl-eps-converted-to.pdf, id=12946, 148.555pt x 83.
31125pt>
File: automatonviewerdialog_8h__incl-eps-converted-to.pdf Graphic file (type pd
f)
<use automatonviewerdialog_8h__incl-eps-converted-to.pdf>
Package pdftex.def Info: automatonviewerdialog_8h__incl-eps-converted-to.pdf  u
sed on input line 10.
(pdftex.def)             Requested size: 184.0pt x 103.19426pt.
Package epstopdf Info: Source file: <automatonviewerdialog_8h__dep__incl.eps>
(epstopdf)                    date: 2026-10-04 22:45:38
(epstopdf)                    size: 10604 bytes
(epstopdf)             Output file: <automatonviewerdialog_8h__dep__incl-eps-co
nverted-to.pdf>
(epstopdf)                    date: 2026-10-04 22:47:17
(epstopdf)                    size: 6187 bytes
(epstopdf)             Command: <repstopdf --outfile=automatonviewerdialog_8h__
dep__incl-eps-converted-to.pdf automatonviewerdialog_8h__dep__incl.eps>
(epstopdf)             \includegraphics on input line 18.
Package epstopdf Info: Output file is already uptodate.
 <./automatonviewerdialog_8h__dep__incl-eps-converted-to.pdf>
<automatonviewerdialog_8h__dep__incl-eps-converted-to.pdf, id=12953, 412.54124p
t x 193.72375pt>
File: automatonviewerdialog_8h__dep__incl-eps-converted-to.pdf Graphic file (ty
pe pdf)
<use automatonviewerdialog_8h__dep__incl-eps-converted-to.pdf>
Package pdftex.def Info: automatonviewerdialog_8h__dep__incl-eps-converted-to.p
df  used on input line 18.
(pdftex.def)             Requested size: 350.0pt x 164.35854pt.
 [236]) (./automatonviewerdialog_8h_source.tex) (./conversationpdf_8h.tex
Package epstopdf Info: Source file: <conversationpdf_8h__incl.eps>
(epstopdf)                    date: 2026-10-04 22:45:38
(epstopdf)                    size: 27097 bytes
(epstopdf)             Output file: <conversationpdf_8h__incl-eps-converted-to.
pdf>
(epstopdf)                    date: 2026-10-04 22:47:17
(epstopdf)                    size: 9971 bytes
(epstopdf)             Command: <repstopdf --outfile=conversationpdf_8h__incl-e
ps-converted-to.pdf conversationpdf_8h__incl.eps>
(epstopdf)             \includegraphics on input line 23.
Package epstopdf Info: Output file is already uptodate.
 <./conversationpdf_8h__incl-eps-converted-to.pdf>
<conversationpdf_8h__incl-eps-converted-to.pdf, id=12970, 1293.83376pt x 193.72
375pt>
File: conversationpdf_8h__incl-eps-converted-to.pdf Graphic file (type pdf)
<use conversationpdf_8h__incl-eps-converted-to.pdf>
Package pdftex.def Info: conversationpdf_8h__incl-eps-converted-to.pdf  used on
 input line 23.
(pdftex.def)             Requested size: 350.0pt x 52.40366pt.
 [237]
Package epstopdf Info: Source file: <conversationpdf_8h__dep__incl.eps>
(epstopdf)                    date: 2026-10-04 22:45:38
(epstopdf)                    size: 9032 bytes
(epstopdf)             Output file: <conversationpdf_8h__dep__incl-eps-converte
d-to.pdf>
(epstopdf)                    date: 2026-10-04 22:47:17
(epstopdf)                    size: 6118 bytes
(epstopdf)             Command: <repstopdf --outfile=conversationpdf_8h__dep__i
ncl-eps-converted-to.pdf conversationpdf_8h__dep__incl.eps>
(epstopdf)             \includegraphics on input line 31.
Package epstopdf Info: Output file is already uptodate.
 <./conversationpdf_8h__dep__incl-eps-converted-to.pdf>
<conversationpdf_8h__dep__incl-eps-converted-to.pdf, id=12984, 387.4475pt x 138
.5175pt>
File: conversationpdf_8h__dep__incl-eps-converted-to.pdf Graphic file (type pdf
)
<use conversationpdf_8h__dep__incl-eps-converted-to.pdf>
Package pdftex.def Info: conversationpdf_8h__dep__incl-eps-converted-to.pdf  us
ed on input line 31.
(pdftex.def)             Requested size: 350.0pt x 125.13168pt.
) (./conversationpdf_8h_source.tex [238]

Package textcomp Warning: Symbol \textrightarrow not provided by
(textcomp)                font family pcr in TS1 encoding.
(textcomp)                Default family used instead on input line 85.

[239]

! LaTeX Error: Unicode character ✔ (U+2714)
               not set up for use with LaTeX.

See the LaTeX manual or LaTeX Companion for explanation.
Type  H <return>  for immediate help.
 ...                                              
                                                  
l.156 ...al(\textcolor{stringliteral}{"{}✔"{}})}
                                                  
You may provide a definition with
\DeclareUnicodeCharacter 


! LaTeX Error: Unicode character ✘ (U+2718)
               not set up for use with LaTeX.

See the LaTeX manual or LaTeX Companion for explanation.
Type  H <return>  for immediate help.
 ...                                              
                                                  
l.157 ...(\textcolor{stringliteral}{"{}✘"{}}));}
                                                  
You may provide a definition with
\DeclareUnicodeCharacter 

[240] [241]) (./examreportdialog_8cpp.tex
Package epstopdf Info: Source file: <examreportdialog_8cpp__incl.eps>
(epstopdf)                    date: 2026-10-04 22:45:38
(epstopdf)                    size: 39921 bytes
(epstopdf)             Output file: <examreportdialog_8cpp__incl-eps-converted-
to.pdf>
(epstopdf)                    date: 2026-10-04 22:47:18
(epstopdf)                    size: 12120 bytes
(epstopdf)             Command: <repstopdf --outfile=examreportdialog_8cpp__inc
l-eps-converted-to.pdf examreportdialog_8cpp__incl.eps>
(epstopdf)             \includegraphics on input line 17.
Package epstopdf Info: Output file is already uptodate.
 <./examreportdialog_8cpp__incl-eps-converted-to.pdf>
<examreportdialog_8cpp__incl-eps-converted-to.pdf, id=13018, 1283.79625pt x 305
.14pt>
File: examreportdialog_8cpp__incl-eps-converted-to.pdf Graphic file (type pdf)
<use examreportdialog_8cpp__incl-eps-converted-to.pdf>
Package pdftex.def Info: examreportdialog_8cpp__incl-eps-converted-to.pdf  used
 on input line 17.
(pdftex.def)             Requested size: 350.0pt x 83.18973pt.
) (./examreportdialog_8h.tex [242]
Package epstopdf Info: Source file: <examreportdialog_8h__incl.eps>
(epstopdf)                    date: 2026-10-04 22:45:38
(epstopdf)                    size: 29138 bytes
(epstopdf)             Output file: <examreportdialog_8h__incl-eps-converted-to
.pdf>
(epstopdf)                    date: 2026-10-04 22:47:18
(epstopdf)                    size: 10330 bytes
(epstopdf)             Command: <repstopdf --outfile=examreportdialog_8h__incl-
eps-converted-to.pdf examreportdialog_8h__incl.eps>
(epstopdf)             \includegraphics on input line 11.
Package epstopdf Info: Output file is already uptodate.
 <./examreportdialog_8h__incl-eps-converted-to.pdf>
<examreportdialog_8h__incl-eps-converted-to.pdf, id=13029, 1204.5pt x 248.93pt>

File: examreportdialog_8h__incl-eps-converted-to.pdf Graphic file (type pdf)
<use examreportdialog_8h__incl-eps-converted-to.pdf>
Package pdftex.def Info: examreportdialog_8h__incl-eps-converted-to.pdf  used o
n input line 11.
(pdftex.def)             Requested size: 350.0pt x 72.33218pt.
Package epstopdf Info: Source file: <examreportdialog_8h__dep__incl.eps>
(epstopdf)                    date: 2026-10-04 22:45:38
(epstopdf)                    size: 7225 bytes
(epstopdf)             Output file: <examreportdialog_8h__dep__incl-eps-convert
ed-to.pdf>
(epstopdf)                    date: 2026-10-04 22:47:18
(epstopdf)                    size: 5698 bytes
(epstopdf)             Command: <repstopdf --outfile=examreportdialog_8h__dep__
incl-eps-converted-to.pdf examreportdialog_8h__dep__incl.eps>
(epstopdf)             \includegraphics on input line 19.
Package epstopdf Info: Output file is already uptodate.
 <./examreportdialog_8h__dep__incl-eps-converted-to.pdf>
<examreportdialog_8h__dep__incl-eps-converted-to.pdf, id=13036, 387.4475pt x 83
.31125pt>
File: examreportdialog_8h__dep__incl-eps-converted-to.pdf Graphic file (type pd
f)
<use examreportdialog_8h__dep__incl-eps-converted-to.pdf>
Package pdftex.def Info: examreportdialog_8h__dep__incl-eps-converted-to.pdf  u
sed on input line 19.
(pdftex.def)             Requested size: 350.0pt x 75.26036pt.
)
(./examreportdialog_8h_source.tex [243]) (./examsession_8h.tex
Package epstopdf Info: Source file: <examsession_8h__incl.eps>
(epstopdf)                    date: 2026-10-04 22:45:38
(epstopdf)                    size: 5895 bytes
(epstopdf)             Output file: <examsession_8h__incl-eps-converted-to.pdf>

(epstopdf)                    date: 2026-10-04 22:47:18
(epstopdf)                    size: 5474 bytes
(epstopdf)             Command: <repstopdf --outfile=examsession_8h__incl-eps-c
onverted-to.pdf examsession_8h__incl.eps>
(epstopdf)             \includegraphics on input line 10.
Package epstopdf Info: Output file is already uptodate.
 <./examsession_8h__incl-eps-converted-to.pdf>
<examsession_8h__incl-eps-converted-to.pdf, id=13056, 128.48pt x 83.31125pt>
File: examsession_8h__incl-eps-converted-to.pdf Graphic file (type pdf)
<use examsession_8h__incl-eps-converted-to.pdf>
Package pdftex.def Info: examsession_8h__incl-eps-converted-to.pdf  used on inp
ut line 10.
(pdftex.def)             Requested size: 164.0pt x 106.35199pt.
Package epstopdf Info: Source file: <examsession_8h__dep__incl.eps>
(epstopdf)                    date: 2026-10-04 22:45:38
(epstopdf)                    size: 16654 bytes
(epstopdf)             Output file: <examsession_8h__dep__incl-eps-converted-to
.pdf>
(epstopdf)                    date: 2026-10-04 22:47:18
(epstopdf)                    size: 7167 bytes
(epstopdf)             Command: <repstopdf --outfile=examsession_8h__dep__incl-
eps-converted-to.pdf examsession_8h__dep__incl.eps>
(epstopdf)             \includegraphics on input line 18.
Package epstopdf Info: Output file is already uptodate.
 <./examsession_8h__dep__incl-eps-converted-to.pdf>
<examsession_8h__dep__incl-eps-converted-to.pdf, id=13063, 603.25375pt x 193.72
375pt>
File: examsession_8h__dep__incl-eps-converted-to.pdf Graphic file (type pdf)
<use examsession_8h__dep__incl-eps-converted-to.pdf>
Package pdftex.def Info: examsession_8h__dep__incl-eps-converted-to.pdf  used o
n input line 18.
(pdftex.def)             Requested size: 350.0pt x 112.39531pt.
) (./examsession_8h_source.tex [244]) (./grammareditordialog_8cpp.tex
Package epstopdf Info: Source file: <grammareditordialog_8cpp__incl.eps>
(epstopdf)                    date: 2026-10-04 22:45:38
(epstopdf)                    size: 61463 bytes
(epstopdf)             Output file: <grammareditordialog_8cpp__incl-eps-convert
ed-to.pdf>
(epstopdf)                    date: 2026-10-04 22:47:18
(epstopdf)                    size: 15061 bytes
(epstopdf)             Command: <repstopdf --outfile=grammareditordialog_8cpp__
incl-eps-converted-to.pdf grammareditordialog_8cpp__incl.eps>
(epstopdf)             \includegraphics on input line 28.
Package epstopdf Info: Output file is already uptodate.
 <./grammareditordialog_8cpp__incl-eps-converted-to.pdf>
<grammareditordialog_8cpp__incl-eps-converted-to.pdf, id=13083, 2525.435pt x 24
8.93pt>
File: grammareditordialog_8cpp__incl-eps-converted-to.pdf Graphic file (type pd
f)
<use grammareditordialog_8cpp__incl-eps-converted-to.pdf>
Package pdftex.def Info: grammareditordialog_8cpp__incl-eps-converted-to.pdf  u
sed on input line 28.
(pdftex.def)             Requested size: 350.0pt x 34.4967pt.
 [245])
(./grammareditordialog_8h.tex
Package epstopdf Info: Source file: <grammareditordialog_8h__incl.eps>
(epstopdf)                    date: 2026-10-04 22:45:38
(epstopdf)                    size: 14886 bytes
(epstopdf)             Output file: <grammareditordialog_8h__incl-eps-converted
-to.pdf>
(epstopdf)                    date: 2026-10-04 22:47:19
(epstopdf)                    size: 7363 bytes
(epstopdf)             Command: <repstopdf --outfile=grammareditordialog_8h__in
cl-eps-converted-to.pdf grammareditordialog_8h__incl.eps>
(epstopdf)             \includegraphics on input line 13.
Package epstopdf Info: Output file is already uptodate.
 <./grammareditordialog_8h__incl-eps-converted-to.pdf>
<grammareditordialog_8h__incl-eps-converted-to.pdf, id=13094, 494.84875pt x 193
.72375pt>
File: grammareditordialog_8h__incl-eps-converted-to.pdf Graphic file (type pdf)

<use grammareditordialog_8h__incl-eps-converted-to.pdf>
Package pdftex.def Info: grammareditordialog_8h__incl-eps-converted-to.pdf  use
d on input line 13.
(pdftex.def)             Requested size: 350.0pt x 137.01865pt.
Package epstopdf Info: Source file: <grammareditordialog_8h__dep__incl.eps>
(epstopdf)                    date: 2026-10-04 22:45:38
(epstopdf)                    size: 6270 bytes
(epstopdf)             Output file: <grammareditordialog_8h__dep__incl-eps-conv
erted-to.pdf>
(epstopdf)                    date: 2026-10-04 22:47:19
(epstopdf)                    size: 5410 bytes
(epstopdf)             Command: <repstopdf --outfile=grammareditordialog_8h__de
p__incl-eps-converted-to.pdf grammareditordialog_8h__dep__incl.eps>
(epstopdf)             \includegraphics on input line 21.
Package epstopdf Info: Output file is already uptodate.
 <./grammareditordialog_8h__dep__incl-eps-converted-to.pdf>
<grammareditordialog_8h__dep__incl-eps-converted-to.pdf, id=13101, 269.005pt x 
83.31125pt>
File: grammareditordialog_8h__dep__incl-eps-converted-to.pdf Graphic file (type
 pdf)
<use grammareditordialog_8h__dep__incl-eps-converted-to.pdf>
Package pdftex.def Info: grammareditordialog_8h__dep__incl-eps-converted-to.pdf
  used on input line 21.
(pdftex.def)             Requested size: 304.0pt x 94.14949pt.
)
(./grammareditordialog_8h_source.tex [246] [247]) (./lltabledialog_8cpp.tex
Package epstopdf Info: Source file: <lltabledialog_8cpp__incl.eps>
(epstopdf)                    date: 2026-10-04 22:45:38
(epstopdf)                    size: 18949 bytes
(epstopdf)             Output file: <lltabledialog_8cpp__incl-eps-converted-to.
pdf>
(epstopdf)                    date: 2026-10-04 22:47:19
(epstopdf)                    size: 8523 bytes
(epstopdf)             Command: <repstopdf --outfile=lltabledialog_8cpp__incl-e
ps-converted-to.pdf lltabledialog_8cpp__incl.eps>
(epstopdf)             \includegraphics on input line 13.
Package epstopdf Info: Output file is already uptodate.
 <./lltabledialog_8cpp__incl-eps-converted-to.pdf>
<lltabledialog_8cpp__incl-eps-converted-to.pdf, id=13126, 1199.48125pt x 138.51
75pt>
File: lltabledialog_8cpp__incl-eps-converted-to.pdf Graphic file (type pdf)
<use lltabledialog_8cpp__incl-eps-converted-to.pdf>
Package pdftex.def Info: lltabledialog_8cpp__incl-eps-converted-to.pdf  used on
 input line 13.
(pdftex.def)             Requested size: 350.0pt x 40.41844pt.
) (./lltabledialog_8h.tex
Package epstopdf Info: Source file: <lltabledialog_8h__incl.eps>
(epstopdf)                    date: 2026-10-04 22:45:38
(epstopdf)                    size: 11450 bytes
(epstopdf)             Output file: <lltabledialog_8h__incl-eps-converted-to.pd
f>
(epstopdf)                    date: 2026-10-04 22:47:19
(epstopdf)                    size: 7146 bytes
(epstopdf)             Command: <repstopdf --outfile=lltabledialog_8h__incl-eps
-converted-to.pdf lltabledialog_8h__incl.eps>
(epstopdf)             \includegraphics on input line 17.
Package epstopdf Info: Output file is already uptodate.
 <./lltabledialog_8h__incl-eps-converted-to.pdf>
<lltabledialog_8h__incl-eps-converted-to.pdf, id=13135, 732.7375pt x 83.31125pt
>
File: lltabledialog_8h__incl-eps-converted-to.pdf Graphic file (type pdf)
<use lltabledialog_8h__incl-eps-converted-to.pdf>
Package pdftex.def Info: lltabledialog_8h__incl-eps-converted-to.pdf  used on i
nput line 17.
(pdftex.def)             Requested size: 350.0pt x 39.79443pt.
Package epstopdf Info: Source file: <lltabledialog_8h__dep__incl.eps>
(epstopdf)                    date: 2026-10-04 22:45:38
(epstopdf)                    size: 9999 bytes
(epstopdf)             Output file: <lltabledialog_8h__dep__incl-eps-converted-
to.pdf>
(epstopdf)                    date: 2026-10-04 22:47:19
(epstopdf)                    size: 5961 bytes
(epstopdf)             Command: <repstopdf --outfile=lltabledialog_8h__dep__inc
l-eps-converted-to.pdf lltabledialog_8h__dep__incl.eps>
(epstopdf)             \includegraphics on input line 25.
Package epstopdf Info: Output file is already uptodate.
 <./lltabledialog_8h__dep__incl-eps-converted-to.pdf>
<lltabledialog_8h__dep__incl-eps-converted-to.pdf, id=13142, 339.2675pt x 193.7
2375pt>
File: lltabledialog_8h__dep__incl-eps-converted-to.pdf Graphic file (type pdf)
<use lltabledialog_8h__dep__incl-eps-converted-to.pdf>
Package pdftex.def Info: lltabledialog_8h__dep__incl-eps-converted-to.pdf  used
 on input line 25.
(pdftex.def)             Requested size: 350.0pt x 199.85988pt.
 [248]) (./lltabledialog_8h_source.tex [249])
(./lltutorwindow_8cpp.tex
Package epstopdf Info: Source file: <lltutorwindow_8cpp__incl.eps>
(epstopdf)                    date: 2026-10-04 22:45:39
(epstopdf)                    size: 60975 bytes
(epstopdf)             Output file: <lltutorwindow_8cpp__incl-eps-converted-to.
pdf>
(epstopdf)                    date: 2026-10-04 22:47:19
(epstopdf)                    size: 14957 bytes
(epstopdf)             Command: <repstopdf --outfile=lltutorwindow_8cpp__incl-e
ps-converted-to.pdf lltutorwindow_8cpp__incl.eps>
(epstopdf)             \includegraphics on input line 28.
Package epstopdf Info: Output file is already uptodate.
 <./lltutorwindow_8cpp__incl-eps-converted-to.pdf>
<lltutorwindow_8cpp__incl-eps-converted-to.pdf, id=13168, 3204.97375pt x 248.93
pt>
File: lltutorwindow_8cpp__incl-eps-converted-to.pdf Graphic file (type pdf)
<use lltutorwindow_8cpp__incl-eps-converted-to.pdf>
Package pdftex.def Info: lltutorwindow_8cpp__incl-eps-converted-to.pdf  used on
 input line 28.
(pdftex.def)             Requested size: 350.0pt x 27.18106pt.
)
(./lltutorwindow_8h.tex
Package epstopdf Info: Source file: <lltutorwindow_8h__incl.eps>
(epstopdf)                    date: 2026-10-04 22:45:38
(epstopdf)                    size: 48497 bytes
(epstopdf)             Output file: <lltutorwindow_8h__incl-eps-converted-to.pd
f>
(epstopdf)                    date: 2026-10-04 22:47:20
(epstopdf)                    size: 12718 bytes
(epstopdf)             Command: <repstopdf --outfile=lltutorwindow_8h__incl-eps
-converted-to.pdf lltutorwindow_8h__incl.eps>
(epstopdf)             \includegraphics on input line 36.
Package epstopdf Info: Output file is already uptodate.
 <./lltutorwindow_8h__incl-eps-converted-to.pdf>
<lltutorwindow_8h__incl-eps-converted-to.pdf, id=13175, 2793.43625pt x 248.93pt
>
File: lltutorwindow_8h__incl-eps-converted-to.pdf Graphic file (type pdf)
<use lltutorwindow_8h__incl-eps-converted-to.pdf>
Package pdftex.def Info: lltutorwindow_8h__incl-eps-converted-to.pdf  used on i
nput line 36.
(pdftex.def)             Requested size: 350.0pt x 31.18834pt.

[250]
Package epstopdf Info: Source file: <lltutorwindow_8h__dep__incl.eps>
(epstopdf)                    date: 2026-10-04 22:45:38
(epstopdf)                    size: 8102 bytes
(epstopdf)             Output file: <lltutorwindow_8h__dep__incl-eps-converted-
to.pdf>
(epstopdf)                    date: 2026-10-04 22:47:20
(epstopdf)                    size: 5560 bytes
(epstopdf)             Command: <repstopdf --outfile=lltutorwindow_8h__dep__inc
l-eps-converted-to.pdf lltutorwindow_8h__dep__incl.eps>
(epstopdf)             \includegraphics on input line 44.
Package epstopdf Info: Output file is already uptodate.
 <./lltutorwindow_8h__dep__incl-eps-converted-to.pdf>
<lltutorwindow_8h__dep__incl-eps-converted-to.pdf, id=13187, 284.06125pt x 138.
5175pt>
File: lltutorwindow_8h__dep__incl-eps-converted-to.pdf Graphic file (type pdf)
<use lltutorwindow_8h__dep__incl-eps-converted-to.pdf>
Package pdftex.def Info: lltutorwindow_8h__dep__incl-eps-converted-to.pdf  used
 on input line 44.
(pdftex.def)             Requested size: 319.0pt x 155.5697pt.
 [251])
(./lltutorwindow_8h_source.tex [252] [253] [254]) (./llwizard_8h.tex
Package epstopdf Info: Source file: <llwizard_8h__incl.eps>
(epstopdf)                    date: 2026-10-04 22:45:38
(epstopdf)                    size: 43942 bytes
(epstopdf)             Output file: <llwizard_8h__incl-eps-converted-to.pdf>
(epstopdf)                    date: 2026-10-04 22:47:20
(epstopdf)                    size: 12393 bytes
(epstopdf)             Command: <repstopdf --outfile=llwizard_8h__incl-eps-conv
erted-to.pdf llwizard_8h__incl.eps>
(epstopdf)             \includegraphics on input line 21.
Package epstopdf Info: Output file is already uptodate.
 <./llwizard_8h__incl-eps-converted-to.pdf>
<llwizard_8h__incl-eps-converted-to.pdf, id=13262, 1947.275pt x 248.93pt>
File: llwizard_8h__incl-eps-converted-to.pdf Graphic file (type pdf)
<use llwizard_8h__incl-eps-converted-to.pdf>
Package pdftex.def Info: llwizard_8h__incl-eps-converted-to.pdf  used on input 
line 21.
(pdftex.def)             Requested size: 350.0pt x 44.74089pt.
 [255]
Package epstopdf Info: Source file: <llwizard_8h__dep__incl.eps>
(epstopdf)                    date: 2026-10-04 22:45:38
(epstopdf)                    size: 5227 bytes
(epstopdf)             Output file: <llwizard_8h__dep__incl-eps-converted-to.pd
f>
(epstopdf)                    date: 2026-10-04 22:47:20
(epstopdf)                    size: 5099 bytes
(epstopdf)             Command: <repstopdf --outfile=llwizard_8h__dep__incl-eps
-converted-to.pdf llwizard_8h__dep__incl.eps>
(epstopdf)             \includegraphics on input line 29.
Package epstopdf Info: Output file is already uptodate.
 <./llwizard_8h__dep__incl-eps-converted-to.pdf>
<llwizard_8h__dep__incl-eps-converted-to.pdf, id=13274, 114.4275pt x 83.31125pt
>
File: llwizard_8h__dep__incl-eps-converted-to.pdf Graphic file (type pdf)
<use llwizard_8h__dep__incl-eps-converted-to.pdf>
Package pdftex.def Info: llwizard_8h__dep__incl-eps-converted-to.pdf  used on i
nput line 29.
(pdftex.def)             Requested size: 150.0pt x 109.21478pt.
) (./llwizard_8h_source.tex [256] [257]

Package textcomp Warning: Symbol \textrightarrow not provided by
(textcomp)                font family pcr in TS1 encoding.
(textcomp)                Default family used instead on input line 140.


! LaTeX Error: Unicode character α (U+03B1)
               not set up for use with LaTeX.

See the LaTeX manual or LaTeX Companion for explanation.
Type  H <return>  for immediate help.
 ...                                              
                                                  
l.140 ...��\ SD(\%1\ →\ α).\(\backslash\)n"{}}}
                                                  
You may provide a definition with
\DeclareUnicodeCharacter 


! LaTeX Error: Unicode character ∈ (U+2208)
               not set up for use with LaTeX.

See the LaTeX manual or LaTeX Companion for explanation.
Type  H <return>  for immediate help.
 ...                                              
                                                  
l.140 ...��\ SD(\%1\ →\ α).\(\backslash\)n"{}}}
                                                  
You may provide a definition with
\DeclareUnicodeCharacter 


Package textcomp Warning: Symbol \textrightarrow not provided by
(textcomp)                font family pcr in TS1 encoding.
(textcomp)                Default family used instead on input line 140.


! LaTeX Error: Unicode character α (U+03B1)
               not set up for use with LaTeX.

See the LaTeX manual or LaTeX Companion for explanation.
Type  H <return>  for immediate help.
 ...                                              
                                                  
l.140 ...��\ SD(\%1\ →\ α).\(\backslash\)n"{}}}
                                                  
You may provide a definition with
\DeclareUnicodeCharacter 


! LaTeX Error: Unicode character α (U+03B1)
               not set up for use with LaTeX.

See the LaTeX manual or LaTeX Companion for explanation.
Type  H <return>  for immediate help.
 ...                                              
                                                  
l.141 ...ón\ α\ escribes\ en\ esta\ celda?"{}})}
                                                  
You may provide a definition with
\DeclareUnicodeCharacter 

[258]) (./llwizardpage_8h.tex
Package epstopdf Info: Source file: <llwizardpage_8h__incl.eps>
(epstopdf)                    date: 2026-10-04 22:45:38
(epstopdf)                    size: 19811 bytes
(epstopdf)             Output file: <llwizardpage_8h__incl-eps-converted-to.pdf
>
(epstopdf)                    date: 2026-10-04 22:47:20
(epstopdf)                    size: 8686 bytes
(epstopdf)             Command: <repstopdf --outfile=llwizardpage_8h__incl-eps-
converted-to.pdf llwizardpage_8h__incl.eps>
(epstopdf)             \includegraphics on input line 16.
Package epstopdf Info: Output file is already uptodate.
 <./llwizardpage_8h__incl-eps-converted-to.pdf>
<llwizardpage_8h__incl-eps-converted-to.pdf, id=13300, 1055.945pt x 193.72375pt
>
File: llwizardpage_8h__incl-eps-converted-to.pdf Graphic file (type pdf)
<use llwizardpage_8h__incl-eps-converted-to.pdf>
Package pdftex.def Info: llwizardpage_8h__incl-eps-converted-to.pdf  used on in
put line 16.
(pdftex.def)             Requested size: 350.0pt x 64.20984pt.
Package epstopdf Info: Source file: <llwizardpage_8h__dep__incl.eps>
(epstopdf)                    date: 2026-10-04 22:45:38
(epstopdf)                    size: 6107 bytes
(epstopdf)             Output file: <llwizardpage_8h__dep__incl-eps-converted-t
o.pdf>
(epstopdf)                    date: 2026-10-04 22:47:21
(epstopdf)                    size: 5318 bytes
(epstopdf)             Command: <repstopdf --outfile=llwizardpage_8h__dep__incl
-eps-converted-to.pdf llwizardpage_8h__dep__incl.eps>
(epstopdf)             \includegraphics on input line 24.
Package epstopdf Info: Output file is already uptodate.
 <./llwizardpage_8h__dep__incl-eps-converted-to.pdf>
<llwizardpage_8h__dep__incl-eps-converted-to.pdf, id=13307, 114.4275pt x 138.51
75pt>
File: llwizardpage_8h__dep__incl-eps-converted-to.pdf Graphic file (type pdf)
<use llwizardpage_8h__dep__incl-eps-converted-to.pdf>
Package pdftex.def Info: llwizardpage_8h__dep__incl-eps-converted-to.pdf  used 
on input line 24.
(pdftex.def)             Requested size: 150.0pt x 181.58604pt.
)
(./llwizardpage_8h_source.tex [259] [260]

! LaTeX Error: Unicode character ✔ (U+2714)
               not set up for use with LaTeX.

See the LaTeX manual or LaTeX Companion for explanation.
Type  H <return>  for immediate help.
 ...                                              
                                                  
l.120 ... pasa\ a\ la\ siguiente\ pregunta"{}}));}
                                                  
You may provide a definition with
\DeclareUnicodeCharacter 


! LaTeX Error: Unicode character ✘ (U+2718)
               not set up for use with LaTeX.

See the LaTeX manual or LaTeX Companion for explanation.
Type  H <return>  for immediate help.
 ...                                              
                                                  
l.122 ...ncorrecto,\ repasa\ los\ símbolos\ "{}}}
                                                  
You may provide a definition with
\DeclareUnicodeCharacter 

) (./mainwindow_8cpp.tex
Package epstopdf Info: Source file: <mainwindow_8cpp__incl.eps>
(epstopdf)                    date: 2026-10-04 22:45:38
(epstopdf)                    size: 61471 bytes
(epstopdf)             Output file: <mainwindow_8cpp__incl-eps-converted-to.pdf
>
(epstopdf)                    date: 2026-10-04 22:47:21
(epstopdf)                    size: 15014 bytes
(epstopdf)             Command: <repstopdf --outfile=mainwindow_8cpp__incl-eps-
converted-to.pdf mainwindow_8cpp__incl.eps>
(epstopdf)             \includegraphics on input line 33.
Package epstopdf Info: Output file is already uptodate.
 <./mainwindow_8cpp__incl-eps-converted-to.pdf>
<mainwindow_8cpp__incl-eps-converted-to.pdf, id=13330, 2742.245pt x 248.93pt>
File: mainwindow_8cpp__incl-eps-converted-to.pdf Graphic file (type pdf)
<use mainwindow_8cpp__incl-eps-converted-to.pdf>
Package pdftex.def Info: mainwindow_8cpp__incl-eps-converted-to.pdf  used on in
put line 33.
(pdftex.def)             Requested size: 350.0pt x 31.76949pt.

[261]) (./mainwindow_8h.tex
Package epstopdf Info: Source file: <mainwindow_8h__incl.eps>
(epstopdf)                    date: 2026-10-04 22:45:38
(epstopdf)                    size: 73921 bytes
(epstopdf)             Output file: <mainwindow_8h__incl-eps-converted-to.pdf>
(epstopdf)                    date: 2026-10-04 22:47:21
(epstopdf)                    size: 17014 bytes
(epstopdf)             Command: <repstopdf --outfile=mainwindow_8h__incl-eps-co
nverted-to.pdf mainwindow_8h__incl.eps>
(epstopdf)             \includegraphics on input line 16.
Package epstopdf Info: Output file is already uptodate.
 <./mainwindow_8h__incl-eps-converted-to.pdf>
<mainwindow_8h__incl-eps-converted-to.pdf, id=13342, 3682.75874pt x 305.14pt>
File: mainwindow_8h__incl-eps-converted-to.pdf Graphic file (type pdf)
<use mainwindow_8h__incl-eps-converted-to.pdf>
Package pdftex.def Info: mainwindow_8h__incl-eps-converted-to.pdf  used on inpu
t line 16.
(pdftex.def)             Requested size: 350.0pt x 28.99791pt.
Package epstopdf Info: Source file: <mainwindow_8h__dep__incl.eps>
(epstopdf)                    date: 2026-10-04 22:45:38
(epstopdf)                    size: 6171 bytes
(epstopdf)             Output file: <mainwindow_8h__dep__incl-eps-converted-to.
pdf>
(epstopdf)                    date: 2026-10-04 22:47:21
(epstopdf)                    size: 5127 bytes
(epstopdf)             Command: <repstopdf --outfile=mainwindow_8h__dep__incl-e
ps-converted-to.pdf mainwindow_8h__dep__incl.eps>
(epstopdf)             \includegraphics on input line 24.
Package epstopdf Info: Output file is already uptodate.
 <./mainwindow_8h__dep__incl-eps-converted-to.pdf>
<mainwindow_8h__dep__incl-eps-converted-to.pdf, id=13349, 204.765pt x 83.31125p
t>
File: mainwindow_8h__dep__incl-eps-converted-to.pdf Graphic file (type pdf)
<use mainwindow_8h__dep__incl-eps-converted-to.pdf>
Package pdftex.def Info: mainwindow_8h__dep__incl-eps-converted-to.pdf  used on
 input line 24.
(pdftex.def)             Requested size: 240.0pt x 97.653pt.
) (./mainwindow_8h_source.tex
[262] [263]) (./slrtabledialog_8cpp.tex
Package epstopdf Info: Source file: <slrtabledialog_8cpp__incl.eps>
(epstopdf)                    date: 2026-10-04 22:45:38
(epstopdf)                    size: 20626 bytes
(epstopdf)             Output file: <slrtabledialog_8cpp__incl-eps-converted-to
.pdf>
(epstopdf)                    date: 2026-10-04 22:47:21
(epstopdf)                    size: 8702 bytes
(epstopdf)             Command: <repstopdf --outfile=slrtabledialog_8cpp__incl-
eps-converted-to.pdf slrtabledialog_8cpp__incl.eps>
(epstopdf)             \includegraphics on input line 14.
Package epstopdf Info: Output file is already uptodate.
 <./slrtabledialog_8cpp__incl-eps-converted-to.pdf>
<slrtabledialog_8cpp__incl-eps-converted-to.pdf, id=13374, 1366.10374pt x 138.5
175pt>
File: slrtabledialog_8cpp__incl-eps-converted-to.pdf Graphic file (type pdf)
<use slrtabledialog_8cpp__incl-eps-converted-to.pdf>
Package pdftex.def Info: slrtabledialog_8cpp__incl-eps-converted-to.pdf  used o
n input line 14.
(pdftex.def)             Requested size: 350.0pt x 35.4874pt.
 [264]) (./slrtabledialog_8h.tex
Package epstopdf Info: Source file: <slrtabledialog_8h__incl.eps>
(epstopdf)                    date: 2026-10-04 22:45:38
(epstopdf)                    size: 12232 bytes
(epstopdf)             Output file: <slrtabledialog_8h__incl-eps-converted-to.p
df>
(epstopdf)                    date: 2026-10-04 22:47:21
(epstopdf)                    size: 7255 bytes
(epstopdf)             Command: <repstopdf --outfile=slrtabledialog_8h__incl-ep
s-converted-to.pdf slrtabledialog_8h__incl.eps>
(epstopdf)             \includegraphics on input line 18.
Package epstopdf Info: Output file is already uptodate.
 <./slrtabledialog_8h__incl-eps-converted-to.pdf>
<slrtabledialog_8h__incl-eps-converted-to.pdf, id=13388, 803.0pt x 83.31125pt>
File: slrtabledialog_8h__incl-eps-converted-to.pdf Graphic file (type pdf)
<use slrtabledialog_8h__incl-eps-converted-to.pdf>
Package pdftex.def Info: slrtabledialog_8h__incl-eps-converted-to.pdf  used on 
input line 18.
(pdftex.def)             Requested size: 350.0pt x 36.31255pt.
Package epstopdf Info: Source file: <slrtabledialog_8h__dep__incl.eps>
(epstopdf)                    date: 2026-10-04 22:45:38
(epstopdf)                    size: 9991 bytes
(epstopdf)             Output file: <slrtabledialog_8h__dep__incl-eps-converted
-to.pdf>
(epstopdf)                    date: 2026-10-04 22:47:22
(epstopdf)                    size: 6080 bytes
(epstopdf)             Command: <repstopdf --outfile=slrtabledialog_8h__dep__in
cl-eps-converted-to.pdf slrtabledialog_8h__dep__incl.eps>
(epstopdf)             \includegraphics on input line 26.
Package epstopdf Info: Output file is already uptodate.
 <./slrtabledialog_8h__dep__incl-eps-converted-to.pdf>
<slrtabledialog_8h__dep__incl-eps-converted-to.pdf, id=13395, 302.12875pt x 193
.72375pt>
File: slrtabledialog_8h__dep__incl-eps-converted-to.pdf Graphic file (type pdf)

<use slrtabledialog_8h__dep__incl-eps-converted-to.pdf>
Package pdftex.def Info: slrtabledialog_8h__dep__incl-eps-converted-to.pdf  use
d on input line 26.
(pdftex.def)             Requested size: 337.0pt x 216.0823pt.
)
(./slrtabledialog_8h_source.tex [265]) (./slrtutorwindow_8cpp.tex
Package epstopdf Info: Source file: <slrtutorwindow_8cpp__incl.eps>
(epstopdf)                    date: 2026-10-04 22:45:38
(epstopdf)                    size: 62950 bytes
(epstopdf)             Output file: <slrtutorwindow_8cpp__incl-eps-converted-to
.pdf>
(epstopdf)                    date: 2026-10-04 22:47:22
(epstopdf)                    size: 15426 bytes
(epstopdf)             Command: <repstopdf --outfile=slrtutorwindow_8cpp__incl-
eps-converted-to.pdf slrtutorwindow_8cpp__incl.eps>
(epstopdf)             \includegraphics on input line 28.
Package epstopdf Info: Output file is already uptodate.
 <./slrtutorwindow_8cpp__incl-eps-converted-to.pdf>
<slrtutorwindow_8cpp__incl-eps-converted-to.pdf, id=13414, 3409.73875pt x 248.9
3pt>
File: slrtutorwindow_8cpp__incl-eps-converted-to.pdf Graphic file (type pdf)
<use slrtutorwindow_8cpp__incl-eps-converted-to.pdf>
Package pdftex.def Info: slrtutorwindow_8cpp__incl-eps-converted-to.pdf  used o
n input line 28.
(pdftex.def)             Requested size: 350.0pt x 25.55156pt.
 [266]) (./slrtutorwindow_8h.tex
Package epstopdf Info: Source file: <slrtutorwindow_8h__incl.eps>
(epstopdf)                    date: 2026-10-04 22:45:38
(epstopdf)                    size: 56114 bytes
(epstopdf)             Output file: <slrtutorwindow_8h__incl-eps-converted-to.p
df>
(epstopdf)                    date: 2026-10-04 22:47:22
(epstopdf)                    size: 14107 bytes
(epstopdf)             Command: <repstopdf --outfile=slrtutorwindow_8h__incl-ep
s-converted-to.pdf slrtutorwindow_8h__incl.eps>
(epstopdf)             \includegraphics on input line 35.
Package epstopdf Info: Output file is already uptodate.
 <./slrtutorwindow_8h__incl-eps-converted-to.pdf>
<slrtutorwindow_8h__incl-eps-converted-to.pdf, id=13425, 2863.69875pt x 248.93p
t>
File: slrtutorwindow_8h__incl-eps-converted-to.pdf Graphic file (type pdf)
<use slrtutorwindow_8h__incl-eps-converted-to.pdf>
Package pdftex.def Info: slrtutorwindow_8h__incl-eps-converted-to.pdf  used on 
input line 35.
(pdftex.def)             Requested size: 350.0pt x 30.42107pt.
Package epstopdf Info: Source file: <slrtutorwindow_8h__dep__incl.eps>
(epstopdf)                    date: 2026-10-04 22:45:38
(epstopdf)                    size: 8072 bytes
(epstopdf)             Output file: <slrtutorwindow_8h__dep__incl-eps-converted
-to.pdf>
(epstopdf)                    date: 2026-10-04 22:47:22
(epstopdf)                    size: 5661 bytes
(epstopdf)             Command: <repstopdf --outfile=slrtutorwindow_8h__dep__in
cl-eps-converted-to.pdf slrtutorwindow_8h__dep__incl.eps>
(epstopdf)             \includegraphics on input line 43.
Package epstopdf Info: Output file is already uptodate.
 <./slrtutorwindow_8h__dep__incl-eps-converted-to.pdf>
<slrtutorwindow_8h__dep__incl-eps-converted-to.pdf, id=13432, 275.0275pt x 138.
5175pt>
File: slrtutorwindow_8h__dep__incl-eps-converted-to.pdf Graphic file (type pdf)

<use slrtutorwindow_8h__dep__incl-eps-converted-to.pdf>
Package pdftex.def Info: slrtutorwindow_8h__dep__incl-eps-converted-to.pdf  use
d on input line 43.
(pdftex.def)             Requested size: 310.0pt x 156.1446pt.
 [267] [268]) (./slrtutorwindow_8h_source.tex [269] [270]
[271] [272]) (./slrwizard_8h.tex
Package epstopdf Info: Source file: <slrwizard_8h__incl.eps>
(epstopdf)                    date: 2026-10-04 22:45:38
(epstopdf)                    size: 49442 bytes
(epstopdf)             Output file: <slrwizard_8h__incl-eps-converted-to.pdf>
(epstopdf)                    date: 2026-10-04 22:47:22
(epstopdf)                    size: 13152 bytes
(epstopdf)             Command: <repstopdf --outfile=slrwizard_8h__incl-eps-con
verted-to.pdf slrwizard_8h__incl.eps>
(epstopdf)             \includegraphics on input line 21.
Package epstopdf Info: Output file is already uptodate.
 <./slrwizard_8h__incl-eps-converted-to.pdf>
<slrwizard_8h__incl-eps-converted-to.pdf, id=13550, 2028.57875pt x 248.93pt>
File: slrwizard_8h__incl-eps-converted-to.pdf Graphic file (type pdf)
<use slrwizard_8h__incl-eps-converted-to.pdf>
Package pdftex.def Info: slrwizard_8h__incl-eps-converted-to.pdf  used on input
 line 21.
(pdftex.def)             Requested size: 350.0pt x 42.94806pt.
Package epstopdf Info: Source file: <slrwizard_8h__dep__incl.eps>
(epstopdf)                    date: 2026-10-04 22:45:38
(epstopdf)                    size: 5231 bytes
(epstopdf)             Output file: <slrwizard_8h__dep__incl-eps-converted-to.p
df>
(epstopdf)                    date: 2026-10-04 22:47:23
(epstopdf)                    size: 5217 bytes
(epstopdf)             Command: <repstopdf --outfile=slrwizard_8h__dep__incl-ep
s-converted-to.pdf slrwizard_8h__dep__incl.eps>
(epstopdf)             \includegraphics on input line 29.
Package epstopdf Info: Output file is already uptodate.
 <./slrwizard_8h__dep__incl-eps-converted-to.pdf>
<slrwizard_8h__dep__incl-eps-converted-to.pdf, id=13557, 120.45pt x 83.31125pt>

File: slrwizard_8h__dep__incl-eps-converted-to.pdf Graphic file (type pdf)
<use slrwizard_8h__dep__incl-eps-converted-to.pdf>
Package pdftex.def Info: slrwizard_8h__dep__incl-eps-converted-to.pdf  used on 
input line 29.
(pdftex.def)             Requested size: 156.0pt x 107.9105pt.
 [273])
(./slrwizard_8h_source.tex [274]

! LaTeX Error: Unicode character δ (U+03B4)
               not set up for use with LaTeX.

See the LaTeX manual or LaTeX Companion for explanation.
Type  H <return>  for immediate help.
 ...                                              
                                                  
l.142 ...\%1:\ existe\ transición\ δ(\%1,\ "{}}}
                                                  
You may provide a definition with
\DeclareUnicodeCharacter 

[275]

Package textcomp Warning: Symbol \textrightarrow not provided by
(textcomp)                font family pcr in TS1 encoding.
(textcomp)                Default family used instead on input line 161.

LaTeX Font Info:    Trying to load font information for TS1+pcr on input line 1
62.
(/usr/local/texlive/2026/texmf-dist/tex/latex/psnfss/ts1pcr.fd
File: ts1pcr.fd 2001/06/04 font definitions for TS1/pcr.
)

! LaTeX Error: Unicode character ∈ (U+2208)
               not set up for use with LaTeX.

See the LaTeX manual or LaTeX Companion for explanation.
Type  H <return>  for immediate help.
 ...                                              
                                                  
l.162 ...%3'\ ∈\ SIG(\%2).\ ¿Qué\ regla\ "{}}}
                                                  
You may provide a definition with
\DeclareUnicodeCharacter 


Package textcomp Warning: Symbol \textrightarrow not provided by
(textcomp)                font family pcr in TS1 encoding.
(textcomp)                Default family used instead on input line 172.


! LaTeX Error: Unicode character δ (U+03B4)
               not set up for use with LaTeX.

See the LaTeX manual or LaTeX Companion for explanation.
Type  H <return>  for immediate help.
 ...                                              
                                                  
l.193 ...�(\%1,\ '\%2')\ existe.\ ¿A\ qué\ "{}}}
                                                  
You may provide a definition with
\DeclareUnicodeCharacter 

[276]) (./slrwizardpage_8h.tex
Package epstopdf Info: Source file: <slrwizardpage_8h__incl.eps>
(epstopdf)                    date: 2026-10-04 22:45:38
(epstopdf)                    size: 19383 bytes
(epstopdf)             Output file: <slrwizardpage_8h__incl-eps-converted-to.pd
f>
(epstopdf)                    date: 2026-10-04 22:47:23
(epstopdf)                    size: 8590 bytes
(epstopdf)             Command: <repstopdf --outfile=slrwizardpage_8h__incl-eps
-converted-to.pdf slrwizardpage_8h__incl.eps>
(epstopdf)             \includegraphics on input line 15.
Package epstopdf Info: Output file is already uptodate.
 <./slrwizardpage_8h__incl-eps-converted-to.pdf>
<slrwizardpage_8h__incl-eps-converted-to.pdf, id=13588, 817.0525pt x 193.72375p
t>
File: slrwizardpage_8h__incl-eps-converted-to.pdf Graphic file (type pdf)
<use slrwizardpage_8h__incl-eps-converted-to.pdf>
Package pdftex.def Info: slrwizardpage_8h__incl-eps-converted-to.pdf  used on i
nput line 15.
(pdftex.def)             Requested size: 350.0pt x 82.98624pt.

[277]
Package epstopdf Info: Source file: <slrwizardpage_8h__dep__incl.eps>
(epstopdf)                    date: 2026-10-04 22:45:38
(epstopdf)                    size: 6113 bytes
(epstopdf)             Output file: <slrwizardpage_8h__dep__incl-eps-converted-
to.pdf>
(epstopdf)                    date: 2026-10-04 22:47:23
(epstopdf)                    size: 5426 bytes
(epstopdf)             Command: <repstopdf --outfile=slrwizardpage_8h__dep__inc
l-eps-converted-to.pdf slrwizardpage_8h__dep__incl.eps>
(epstopdf)             \includegraphics on input line 23.
Package epstopdf Info: Output file is already uptodate.
 <./slrwizardpage_8h__dep__incl-eps-converted-to.pdf>
<slrwizardpage_8h__dep__incl-eps-converted-to.pdf, id=13599, 120.45pt x 138.517
5pt>
File: slrwizardpage_8h__dep__incl-eps-converted-to.pdf Graphic file (type pdf)
<use slrwizardpage_8h__dep__incl-eps-converted-to.pdf>
Package pdftex.def Info: slrwizardpage_8h__dep__incl-eps-converted-to.pdf  used
 on input line 23.
(pdftex.def)             Requested size: 156.0pt x 179.4175pt.
)
(./slrwizardpage_8h_source.tex [278]

! LaTeX Error: Unicode character ✔ (U+2714)
               not set up for use with LaTeX.

See the LaTeX manual or LaTeX Companion for explanation.
Type  H <return>  for immediate help.
 ...                                              
                                                  
l.117 ... pasa\ a\ la\ siguiente\ pregunta"{}}));}
                                                  
You may provide a definition with
\DeclareUnicodeCharacter 


! LaTeX Error: Unicode character ✘ (U+2718)
               not set up for use with LaTeX.

See the LaTeX manual or LaTeX Companion for explanation.
Type  H <return>  for immediate help.
 ...                                              
                                                  
l.119 ...ncorrecto,\ revisa\ el\ enunciado.\ "{}}}
                                                  
You may provide a definition with
\DeclareUnicodeCharacter 

[279]) (./_unique_queue_8h.tex
Package epstopdf Info: Source file: <_unique_queue_8h__incl.eps>
(epstopdf)                    date: 2026-10-04 22:45:38
(epstopdf)                    size: 5919 bytes
(epstopdf)             Output file: <_unique_queue_8h__incl-eps-converted-to.pd
f>
(epstopdf)                    date: 2026-10-04 22:47:23
(epstopdf)                    size: 5170 bytes
(epstopdf)             Command: <repstopdf --outfile=_unique_queue_8h__incl-eps
-converted-to.pdf _unique_queue_8h__incl.eps>
(epstopdf)             \includegraphics on input line 10.
Package epstopdf Info: Output file is already uptodate.
 <./_unique_queue_8h__incl-eps-converted-to.pdf>
<_unique_queue_8h__incl-eps-converted-to.pdf, id=13622, 146.5475pt x 83.31125pt
>
File: _unique_queue_8h__incl-eps-converted-to.pdf Graphic file (type pdf)
<use _unique_queue_8h__incl-eps-converted-to.pdf>
Package pdftex.def Info: _unique_queue_8h__incl-eps-converted-to.pdf  used on i
nput line 10.
(pdftex.def)             Requested size: 182.0pt x 103.46504pt.
Package epstopdf Info: Source file: <_unique_queue_8h__dep__incl.eps>
(epstopdf)                    date: 2026-10-04 22:45:38
(epstopdf)                    size: 9029 bytes
(epstopdf)             Output file: <_unique_queue_8h__dep__incl-eps-converted-
to.pdf>
(epstopdf)                    date: 2026-10-04 22:47:23
(epstopdf)                    size: 6131 bytes
(epstopdf)             Command: <repstopdf --outfile=_unique_queue_8h__dep__inc
l-eps-converted-to.pdf _unique_queue_8h__dep__incl.eps>
(epstopdf)             \includegraphics on input line 18.
Package epstopdf Info: Output file is already uptodate.
 <./_unique_queue_8h__dep__incl-eps-converted-to.pdf>
<_unique_queue_8h__dep__incl-eps-converted-to.pdf, id=13629, 275.0275pt x 193.7
2375pt>
File: _unique_queue_8h__dep__incl-eps-converted-to.pdf Graphic file (type pdf)
<use _unique_queue_8h__dep__incl-eps-converted-to.pdf>
Package pdftex.def Info: _unique_queue_8h__dep__incl-eps-converted-to.pdf  used
 on input line 18.
(pdftex.def)             Requested size: 310.0pt x 218.37616pt.
 [280])
(./_unique_queue_8h_source.tex) (./appfonts_8h.tex
Package epstopdf Info: Source file: <appfonts_8h__incl.eps>
(epstopdf)                    date: 2026-10-04 22:45:38
(epstopdf)                    size: 5876 bytes
(epstopdf)             Output file: <appfonts_8h__incl-eps-converted-to.pdf>
(epstopdf)                    date: 2026-10-04 22:47:23
(epstopdf)                    size: 5423 bytes
(epstopdf)             Command: <repstopdf --outfile=appfonts_8h__incl-eps-conv
erted-to.pdf appfonts_8h__incl.eps>
(epstopdf)             \includegraphics on input line 10.
Package epstopdf Info: Output file is already uptodate.
 <./appfonts_8h__incl-eps-converted-to.pdf>
<appfonts_8h__incl-eps-converted-to.pdf, id=13648, 154.5775pt x 83.31125pt>
File: appfonts_8h__incl-eps-converted-to.pdf Graphic file (type pdf)
<use appfonts_8h__incl-eps-converted-to.pdf>
Package pdftex.def Info: appfonts_8h__incl-eps-converted-to.pdf  used on input 
line 10.
(pdftex.def)             Requested size: 190.0pt x 102.4112pt.
Package epstopdf Info: Source file: <appfonts_8h__dep__incl.eps>
(epstopdf)                    date: 2026-10-04 22:45:38
(epstopdf)                    size: 7236 bytes
(epstopdf)             Output file: <appfonts_8h__dep__incl-eps-converted-to.pd
f>
(epstopdf)                    date: 2026-10-04 22:47:24
(epstopdf)                    size: 5776 bytes
(epstopdf)             Command: <repstopdf --outfile=appfonts_8h__dep__incl-eps
-converted-to.pdf appfonts_8h__dep__incl.eps>
(epstopdf)             \includegraphics on input line 18.
Package epstopdf Info: Output file is already uptodate.
 <./appfonts_8h__dep__incl-eps-converted-to.pdf>
<appfonts_8h__dep__incl-eps-converted-to.pdf, id=13655, 447.6725pt x 83.31125pt
>
File: appfonts_8h__dep__incl-eps-converted-to.pdf Graphic file (type pdf)
<use appfonts_8h__dep__incl-eps-converted-to.pdf>
Package pdftex.def Info: appfonts_8h__dep__incl-eps-converted-to.pdf  used on i
nput line 18.
(pdftex.def)             Requested size: 350.0pt x 65.13632pt.
 [281]
Package epstopdf Info: Source file: <appfonts_8h_a84cba25ba11669036df0d2bdaaaa7
223_cgraph.eps>
(epstopdf)                    date: 2026-10-04 22:45:38
(epstopdf)                    size: 4818 bytes
(epstopdf)             Output file: <appfonts_8h_a84cba25ba11669036df0d2bdaaaa7
223_cgraph-eps-converted-to.pdf>
(epstopdf)                    date: 2026-10-04 22:47:24
(epstopdf)                    size: 4644 bytes
(epstopdf)             Command: <repstopdf --outfile=appfonts_8h_a84cba25ba1166
9036df0d2bdaaaa7223_cgraph-eps-converted-to.pdf appfonts_8h_a84cba25ba11669036d
f0d2bdaaaa7223_cgraph.eps>
(epstopdf)             \includegraphics on input line 45.
Package epstopdf Info: Output file is already uptodate.
 <./appfonts_8h_a84cba25ba11669036df0d2bdaaaa7223_cgraph-eps-converted-to.pdf>
<appfonts_8h_a84cba25ba11669036df0d2bdaaaa7223_cgraph-eps-converted-to.pdf, id=
13671, 110.4125pt x 45.16875pt>
File: appfonts_8h_a84cba25ba11669036df0d2bdaaaa7223_cgraph-eps-converted-to.pdf
 Graphic file (type pdf)
<use appfonts_8h_a84cba25ba11669036df0d2bdaaaa7223_cgraph-eps-converted-to.pdf>

Package pdftex.def Info: appfonts_8h_a84cba25ba11669036df0d2bdaaaa7223_cgraph-e
ps-converted-to.pdf  used on input line 45.
(pdftex.def)             Requested size: 146.0pt x 59.73042pt.
Package epstopdf Info: Source file: <appfonts_8h_a84cba25ba11669036df0d2bdaaaa7
223_icgraph.eps>
(epstopdf)                    date: 2026-10-04 22:45:38
(epstopdf)                    size: 6953 bytes
(epstopdf)             Output file: <appfonts_8h_a84cba25ba11669036df0d2bdaaaa7
223_icgraph-eps-converted-to.pdf>
(epstopdf)                    date: 2026-10-04 22:47:24
(epstopdf)                    size: 5964 bytes
(epstopdf)             Command: <repstopdf --outfile=appfonts_8h_a84cba25ba1166
9036df0d2bdaaaa7223_icgraph-eps-converted-to.pdf appfonts_8h_a84cba25ba11669036
df0d2bdaaaa7223_icgraph.eps>
(epstopdf)             \includegraphics on input line 53.
Package epstopdf Info: Output file is already uptodate.
 <./appfonts_8h_a84cba25ba11669036df0d2bdaaaa7223_icgraph-eps-converted-to.pdf>
<appfonts_8h_a84cba25ba11669036df0d2bdaaaa7223_icgraph-eps-converted-to.pdf, id
=13678, 476.78125pt x 51.19125pt>
File: appfonts_8h_a84cba25ba11669036df0d2bdaaaa7223_icgraph-eps-converted-to.pd
f Graphic file (type pdf)
<use appfonts_8h_a84cba25ba11669036df0d2bdaaaa7223_icgraph-eps-converted-to.pdf
>
Package pdftex.def Info: appfonts_8h_a84cba25ba11669036df0d2bdaaaa7223_icgraph-
eps-converted-to.pdf  used on input line 53.
(pdftex.def)             Requested size: 350.0pt x 37.58096pt.
)
(./appfonts_8h_source.tex [282]) (./appicon_8h.tex
Package epstopdf Info: Source file: <appicon_8h__incl.eps>
(epstopdf)                    date: 2026-10-04 22:45:38
(epstopdf)                    size: 5916 bytes
(epstopdf)             Output file: <appicon_8h__incl-eps-converted-to.pdf>
(epstopdf)                    date: 2026-10-04 22:47:24
(epstopdf)                    size: 5486 bytes
(epstopdf)             Command: <repstopdf --outfile=appicon_8h__incl-eps-conve
rted-to.pdf appicon_8h__incl.eps>
(epstopdf)             \includegraphics on input line 10.
Package epstopdf Info: Output file is already uptodate.
 <./appicon_8h__incl-eps-converted-to.pdf>
<appicon_8h__incl-eps-converted-to.pdf, id=13696, 118.4425pt x 83.31125pt>
File: appicon_8h__incl-eps-converted-to.pdf Graphic file (type pdf)
<use appicon_8h__incl-eps-converted-to.pdf>
Package pdftex.def Info: appicon_8h__incl-eps-converted-to.pdf  used on input l
ine 10.
(pdftex.def)             Requested size: 154.0pt x 108.3262pt.
Package epstopdf Info: Source file: <appicon_8h__dep__incl.eps>
(epstopdf)                    date: 2026-10-04 22:45:39
(epstopdf)                    size: 6202 bytes
(epstopdf)             Output file: <appicon_8h__dep__incl-eps-converted-to.pdf
>
(epstopdf)                    date: 2026-10-04 22:47:24
(epstopdf)                    size: 5424 bytes
(epstopdf)             Command: <repstopdf --outfile=appicon_8h__dep__incl-eps-
converted-to.pdf appicon_8h__dep__incl.eps>
(epstopdf)             \includegraphics on input line 18.
Package epstopdf Info: Output file is already uptodate.
 <./appicon_8h__dep__incl-eps-converted-to.pdf>
<appicon_8h__dep__incl-eps-converted-to.pdf, id=13703, 204.765pt x 83.31125pt>
File: appicon_8h__dep__incl-eps-converted-to.pdf Graphic file (type pdf)
<use appicon_8h__dep__incl-eps-converted-to.pdf>
Package pdftex.def Info: appicon_8h__dep__incl-eps-converted-to.pdf  used on in
put line 18.
(pdftex.def)             Requested size: 240.0pt x 97.653pt.
)
(./appicon_8h_source.tex [283]) (./applayout_8h.tex
Package epstopdf Info: Source file: <applayout_8h__incl.eps>
(epstopdf)                    date: 2026-10-04 22:45:39
(epstopdf)                    size: 7470 bytes
(epstopdf)             Output file: <applayout_8h__incl-eps-converted-to.pdf>
(epstopdf)                    date: 2026-10-04 22:47:24
(epstopdf)                    size: 6012 bytes
(epstopdf)             Command: <repstopdf --outfile=applayout_8h__incl-eps-con
verted-to.pdf applayout_8h__incl.eps>
(epstopdf)             \includegraphics on input line 12.
Package epstopdf Info: Output file is already uptodate.
 <./applayout_8h__incl-eps-converted-to.pdf>
<applayout_8h__incl-eps-converted-to.pdf, id=13727, 271.0125pt x 83.31125pt>
File: applayout_8h__incl-eps-converted-to.pdf Graphic file (type pdf)
<use applayout_8h__incl-eps-converted-to.pdf>
Package pdftex.def Info: applayout_8h__incl-eps-converted-to.pdf  used on input
 line 12.
(pdftex.def)             Requested size: 306.0pt x 94.07068pt.
Package epstopdf Info: Source file: <applayout_8h__dep__incl.eps>
(epstopdf)                    date: 2026-10-04 22:45:39
(epstopdf)                    size: 14077 bytes
(epstopdf)             Output file: <applayout_8h__dep__incl-eps-converted-to.p
df>
(epstopdf)                    date: 2026-10-04 22:47:25
(epstopdf)                    size: 6876 bytes
(epstopdf)             Command: <repstopdf --outfile=applayout_8h__dep__incl-ep
s-converted-to.pdf applayout_8h__dep__incl.eps>
(epstopdf)             \includegraphics on input line 20.
Package epstopdf Info: Output file is already uptodate.
 <./applayout_8h__dep__incl-eps-converted-to.pdf>
<applayout_8h__dep__incl-eps-converted-to.pdf, id=13734, 1031.855pt x 138.5175p
t>
File: applayout_8h__dep__incl-eps-converted-to.pdf Graphic file (type pdf)
<use applayout_8h__dep__incl-eps-converted-to.pdf>
Package pdftex.def Info: applayout_8h__dep__incl-eps-converted-to.pdf  used on 
input line 20.
(pdftex.def)             Requested size: 350.0pt x 46.98329pt.
 [284])
(./applayout_8h_source.tex [285]) (./apppalette_8h.tex
Package epstopdf Info: Source file: <apppalette_8h__incl.eps>
(epstopdf)                    date: 2026-10-04 22:45:38
(epstopdf)                    size: 6721 bytes
(epstopdf)             Output file: <apppalette_8h__incl-eps-converted-to.pdf>
(epstopdf)                    date: 2026-10-04 22:47:25
(epstopdf)                    size: 5699 bytes
(epstopdf)             Command: <repstopdf --outfile=apppalette_8h__incl-eps-co
nverted-to.pdf apppalette_8h__incl.eps>
(epstopdf)             \includegraphics on input line 11.
Package epstopdf Info: Output file is already uptodate.
 <./apppalette_8h__incl-eps-converted-to.pdf>
<apppalette_8h__incl-eps-converted-to.pdf, id=13765, 217.81375pt x 83.31125pt>
File: apppalette_8h__incl-eps-converted-to.pdf Graphic file (type pdf)
<use apppalette_8h__incl-eps-converted-to.pdf>
Package pdftex.def Info: apppalette_8h__incl-eps-converted-to.pdf  used on inpu
t line 11.
(pdftex.def)             Requested size: 253.0pt x 96.76949pt.
Package epstopdf Info: Source file: <apppalette_8h__dep__incl.eps>
(epstopdf)                    date: 2026-10-04 22:45:38
(epstopdf)                    size: 5238 bytes
(epstopdf)             Output file: <apppalette_8h__dep__incl-eps-converted-to.
pdf>
(epstopdf)                    date: 2026-10-04 22:47:25
(epstopdf)                    size: 5161 bytes
(epstopdf)             Command: <repstopdf --outfile=apppalette_8h__dep__incl-e
ps-converted-to.pdf apppalette_8h__dep__incl.eps>
(epstopdf)             \includegraphics on input line 19.
Package epstopdf Info: Output file is already uptodate.
 <./apppalette_8h__dep__incl-eps-converted-to.pdf>
<apppalette_8h__dep__incl-eps-converted-to.pdf, id=13772, 114.4275pt x 83.31125
pt>
File: apppalette_8h__dep__incl-eps-converted-to.pdf Graphic file (type pdf)
<use apppalette_8h__dep__incl-eps-converted-to.pdf>
Package pdftex.def Info: apppalette_8h__dep__incl-eps-converted-to.pdf  used on
 input line 19.
(pdftex.def)             Requested size: 150.0pt x 109.21478pt.
)
(./apppalette_8h_source.tex [286]) (./appsettings_8h.tex
Package epstopdf Info: Source file: <appsettings_8h__incl.eps>
(epstopdf)                    date: 2026-10-04 22:45:38
(epstopdf)                    size: 6708 bytes
(epstopdf)             Output file: <appsettings_8h__incl-eps-converted-to.pdf>

(epstopdf)                    date: 2026-10-04 22:47:25
(epstopdf)                    size: 5765 bytes
(epstopdf)             Command: <repstopdf --outfile=appsettings_8h__incl-eps-c
onverted-to.pdf appsettings_8h__incl.eps>
(epstopdf)             \includegraphics on input line 11.
Package epstopdf Info: Output file is already uptodate.
 <./appsettings_8h__incl-eps-converted-to.pdf>
<appsettings_8h__incl-eps-converted-to.pdf, id=13796, 245.91875pt x 83.31125pt>

File: appsettings_8h__incl-eps-converted-to.pdf Graphic file (type pdf)
<use appsettings_8h__incl-eps-converted-to.pdf>
Package pdftex.def Info: appsettings_8h__incl-eps-converted-to.pdf  used on inp
ut line 11.
(pdftex.def)             Requested size: 281.0pt x 95.19952pt.
Package epstopdf Info: Source file: <appsettings_8h__dep__incl.eps>
(epstopdf)                    date: 2026-10-04 22:45:38
(epstopdf)                    size: 7179 bytes
(epstopdf)             Output file: <appsettings_8h__dep__incl-eps-converted-to
.pdf>
(epstopdf)                    date: 2026-10-04 22:47:25
(epstopdf)                    size: 5669 bytes
(epstopdf)             Command: <repstopdf --outfile=appsettings_8h__dep__incl-
eps-converted-to.pdf appsettings_8h__dep__incl.eps>
(epstopdf)             \includegraphics on input line 19.
Package epstopdf Info: Output file is already uptodate.
 <./appsettings_8h__dep__incl-eps-converted-to.pdf>
<appsettings_8h__dep__incl-eps-converted-to.pdf, id=13803, 361.35pt x 83.31125p
t>
File: appsettings_8h__dep__incl-eps-converted-to.pdf Graphic file (type pdf)
<use appsettings_8h__dep__incl-eps-converted-to.pdf>
Package pdftex.def Info: appsettings_8h__dep__incl-eps-converted-to.pdf  used o
n input line 19.
(pdftex.def)             Requested size: 350.0pt x 80.69484pt.

[287]) (./appsettings_8h_source.tex) (./appshortcuts_8h.tex
Package epstopdf Info: Source file: <appshortcuts_8h__incl.eps>
(epstopdf)                    date: 2026-10-04 22:45:39
(epstopdf)                    size: 5163 bytes
(epstopdf)             Output file: <appshortcuts_8h__incl-eps-converted-to.pdf
>
(epstopdf)                    date: 2026-10-04 22:47:25
(epstopdf)                    size: 5429 bytes
(epstopdf)             Command: <repstopdf --outfile=appshortcuts_8h__incl-eps-
converted-to.pdf appshortcuts_8h__incl.eps>
(epstopdf)             \includegraphics on input line 9.
Package epstopdf Info: Output file is already uptodate.
 <./appshortcuts_8h__incl-eps-converted-to.pdf>
<appshortcuts_8h__incl-eps-converted-to.pdf, id=13825, 125.46875pt x 83.31125pt
>
File: appshortcuts_8h__incl-eps-converted-to.pdf Graphic file (type pdf)
<use appshortcuts_8h__incl-eps-converted-to.pdf>
Package pdftex.def Info: appshortcuts_8h__incl-eps-converted-to.pdf  used on in
put line 9.
(pdftex.def)             Requested size: 161.0pt x 106.91641pt.
Package epstopdf Info: Source file: <appshortcuts_8h__dep__incl.eps>
(epstopdf)                    date: 2026-10-04 22:45:38
(epstopdf)                    size: 6283 bytes
(epstopdf)             Output file: <appshortcuts_8h__dep__incl-eps-converted-t
o.pdf>
(epstopdf)                    date: 2026-10-04 22:47:26
(epstopdf)                    size: 5651 bytes
(epstopdf)             Command: <repstopdf --outfile=appshortcuts_8h__dep__incl
-eps-converted-to.pdf appshortcuts_8h__dep__incl.eps>
(epstopdf)             \includegraphics on input line 17.
Package epstopdf Info: Output file is already uptodate.
 <./appshortcuts_8h__dep__incl-eps-converted-to.pdf>
<appshortcuts_8h__dep__incl-eps-converted-to.pdf, id=13832, 313.17pt x 83.31125
pt>
File: appshortcuts_8h__dep__incl-eps-converted-to.pdf Graphic file (type pdf)
<use appshortcuts_8h__dep__incl-eps-converted-to.pdf>
Package pdftex.def Info: appshortcuts_8h__dep__incl-eps-converted-to.pdf  used 
on input line 17.
(pdftex.def)             Requested size: 348.0pt x 92.57953pt.
[288]) (./appshortcuts_8h_source.tex) (./apptextscale_8h.tex
Package epstopdf Info: Source file: <apptextscale_8h__incl.eps>
(epstopdf)                    date: 2026-10-04 22:45:38
(epstopdf)                    size: 5918 bytes
(epstopdf)             Output file: <apptextscale_8h__incl-eps-converted-to.pdf
>
(epstopdf)                    date: 2026-10-04 22:47:26
(epstopdf)                    size: 5735 bytes
(epstopdf)             Command: <repstopdf --outfile=apptextscale_8h__incl-eps-
converted-to.pdf apptextscale_8h__incl.eps>
(epstopdf)             \includegraphics on input line 10.
Package epstopdf Info: Output file is already uptodate.
 <./apptextscale_8h__incl-eps-converted-to.pdf>
<apptextscale_8h__incl-eps-converted-to.pdf, id=13851, 130.4875pt x 83.31125pt>

File: apptextscale_8h__incl-eps-converted-to.pdf Graphic file (type pdf)
<use apptextscale_8h__incl-eps-converted-to.pdf>
Package pdftex.def Info: apptextscale_8h__incl-eps-converted-to.pdf  used on in
put line 10.
(pdftex.def)             Requested size: 166.0pt x 105.98587pt.
 [289]
Package epstopdf Info: Source file: <apptextscale_8h__dep__incl.eps>
(epstopdf)                    date: 2026-10-04 22:45:38
(epstopdf)                    size: 27268 bytes
(epstopdf)             Output file: <apptextscale_8h__dep__incl-eps-converted-t
o.pdf>
(epstopdf)                    date: 2026-10-04 22:47:26
(epstopdf)                    size: 9005 bytes
(epstopdf)             Command: <repstopdf --outfile=apptextscale_8h__dep__incl
-eps-converted-to.pdf apptextscale_8h__dep__incl.eps>
(epstopdf)             \includegraphics on input line 18.
Package epstopdf Info: Output file is already uptodate.
 <./apptextscale_8h__dep__incl-eps-converted-to.pdf>
<apptextscale_8h__dep__incl-eps-converted-to.pdf, id=13865, 1525.7pt x 248.93pt
>
File: apptextscale_8h__dep__incl-eps-converted-to.pdf Graphic file (type pdf)
<use apptextscale_8h__dep__incl-eps-converted-to.pdf>
Package pdftex.def Info: apptextscale_8h__dep__incl-eps-converted-to.pdf  used 
on input line 18.
(pdftex.def)             Requested size: 350.0pt x 57.10455pt.
) (./apptextscale_8h_source.tex [290]) (./apptypography_8h.tex
Package epstopdf Info: Source file: <apptypography_8h__incl.eps>
(epstopdf)                    date: 2026-10-04 22:45:38
(epstopdf)                    size: 13403 bytes
(epstopdf)             Output file: <apptypography_8h__incl-eps-converted-to.pd
f>
(epstopdf)                    date: 2026-10-04 22:47:26
(epstopdf)                    size: 7497 bytes
(epstopdf)             Command: <repstopdf --outfile=apptypography_8h__incl-eps
-converted-to.pdf apptypography_8h__incl.eps>
(epstopdf)             \includegraphics on input line 18.
Package epstopdf Info: Output file is already uptodate.
 <./apptypography_8h__incl-eps-converted-to.pdf>
<apptypography_8h__incl-eps-converted-to.pdf, id=13905, 770.88pt x 138.5175pt>
File: apptypography_8h__incl-eps-converted-to.pdf Graphic file (type pdf)
<use apptypography_8h__incl-eps-converted-to.pdf>
Package pdftex.def Info: apptypography_8h__incl-eps-converted-to.pdf  used on i
nput line 18.
(pdftex.def)             Requested size: 350.0pt x 62.89027pt.
 [291]
Package epstopdf Info: Source file: <apptypography_8h__dep__incl.eps>
(epstopdf)                    date: 2026-10-04 22:45:38
(epstopdf)                    size: 26325 bytes
(epstopdf)             Output file: <apptypography_8h__dep__incl-eps-converted-
to.pdf>
(epstopdf)                    date: 2026-10-04 22:47:26
(epstopdf)                    size: 8871 bytes
(epstopdf)             Command: <repstopdf --outfile=apptypography_8h__dep__inc
l-eps-converted-to.pdf apptypography_8h__dep__incl.eps>
(epstopdf)             \includegraphics on input line 26.
Package epstopdf Info: Output file is already uptodate.
 <./apptypography_8h__dep__incl-eps-converted-to.pdf>
<apptypography_8h__dep__incl-eps-converted-to.pdf, id=13917, 1525.7pt x 193.723
75pt>
File: apptypography_8h__dep__incl-eps-converted-to.pdf Graphic file (type pdf)
<use apptypography_8h__dep__incl-eps-converted-to.pdf>
Package pdftex.def Info: apptypography_8h__dep__incl-eps-converted-to.pdf  used
 on input line 26.
(pdftex.def)             Requested size: 350.0pt x 44.44023pt.
 [292]) (./apptypography_8h_source.tex [293] [294])
(./automatonview_8cpp.tex
Package epstopdf Info: Source file: <automatonview_8cpp__incl.eps>
(epstopdf)                    date: 2026-10-04 22:45:39
(epstopdf)                    size: 33211 bytes
(epstopdf)             Output file: <automatonview_8cpp__incl-eps-converted-to.
pdf>
(epstopdf)                    date: 2026-10-04 22:47:26
(epstopdf)                    size: 10398 bytes
(epstopdf)             Command: <repstopdf --outfile=automatonview_8cpp__incl-e
ps-converted-to.pdf automatonview_8cpp__incl.eps>
(epstopdf)             \includegraphics on input line 26.
Package epstopdf Info: Output file is already uptodate.
 <./automatonview_8cpp__incl-eps-converted-to.pdf>
<automatonview_8cpp__incl-eps-converted-to.pdf, id=14008, 2053.6725pt x 193.723
75pt>
File: automatonview_8cpp__incl-eps-converted-to.pdf Graphic file (type pdf)
<use automatonview_8cpp__incl-eps-converted-to.pdf>
Package pdftex.def Info: automatonview_8cpp__incl-eps-converted-to.pdf  used on
 input line 26.
(pdftex.def)             Requested size: 350.0pt x 33.01537pt.
)
(./automatonview_8h.tex
Package epstopdf Info: Source file: <automatonview_8h__incl.eps>
(epstopdf)                    date: 2026-10-04 22:45:38
(epstopdf)                    size: 7542 bytes
(epstopdf)             Output file: <automatonview_8h__incl-eps-converted-to.pd
f>
(epstopdf)                    date: 2026-10-04 22:47:27
(epstopdf)                    size: 6087 bytes
(epstopdf)             Command: <repstopdf --outfile=automatonview_8h__incl-eps
-converted-to.pdf automatonview_8h__incl.eps>
(epstopdf)             \includegraphics on input line 12.
Package epstopdf Info: Output file is already uptodate.
 <./automatonview_8h__incl-eps-converted-to.pdf>
<automatonview_8h__incl-eps-converted-to.pdf, id=14015, 285.065pt x 83.31125pt>

File: automatonview_8h__incl-eps-converted-to.pdf Graphic file (type pdf)
<use automatonview_8h__incl-eps-converted-to.pdf>
Package pdftex.def Info: automatonview_8h__incl-eps-converted-to.pdf  used on i
nput line 12.
(pdftex.def)             Requested size: 320.0pt x 93.52151pt.
Package epstopdf Info: Source file: <automatonview_8h__dep__incl.eps>
(epstopdf)                    date: 2026-10-04 22:45:38
(epstopdf)                    size: 11169 bytes
(epstopdf)             Output file: <automatonview_8h__dep__incl-eps-converted-
to.pdf>
(epstopdf)                    date: 2026-10-04 22:47:27
(epstopdf)                    size: 6220 bytes
(epstopdf)             Command: <repstopdf --outfile=automatonview_8h__dep__inc
l-eps-converted-to.pdf automatonview_8h__dep__incl.eps>
(epstopdf)             \includegraphics on input line 20.
Package epstopdf Info: Output file is already uptodate.
 <./automatonview_8h__dep__incl-eps-converted-to.pdf>
<automatonview_8h__dep__incl-eps-converted-to.pdf, id=14022, 433.62pt x 193.723
75pt>
File: automatonview_8h__dep__incl-eps-converted-to.pdf Graphic file (type pdf)
<use automatonview_8h__dep__incl-eps-converted-to.pdf>
Package pdftex.def Info: automatonview_8h__dep__incl-eps-converted-to.pdf  used
 on input line 20.
(pdftex.def)             Requested size: 350.0pt x 156.37442pt.
 [295])
(./automatonview_8h_source.tex [296] [297]) (./customtextedit_8cpp.tex
Package epstopdf Info: Source file: <customtextedit_8cpp__incl.eps>
(epstopdf)                    date: 2026-10-04 22:45:38
(epstopdf)                    size: 13480 bytes
(epstopdf)             Output file: <customtextedit_8cpp__incl-eps-converted-to
.pdf>
(epstopdf)                    date: 2026-10-04 22:47:27
(epstopdf)                    size: 7510 bytes
(epstopdf)             Command: <repstopdf --outfile=customtextedit_8cpp__incl-
eps-converted-to.pdf customtextedit_8cpp__incl.eps>
(epstopdf)             \includegraphics on input line 17.
Package epstopdf Info: Output file is already uptodate.
 <./customtextedit_8cpp__incl-eps-converted-to.pdf>
<customtextedit_8cpp__incl-eps-converted-to.pdf, id=14054, 897.3525pt x 138.517
5pt>
File: customtextedit_8cpp__incl-eps-converted-to.pdf Graphic file (type pdf)
<use customtextedit_8cpp__incl-eps-converted-to.pdf>
Package pdftex.def Info: customtextedit_8cpp__incl-eps-converted-to.pdf  used o
n input line 17.
(pdftex.def)             Requested size: 350.0pt x 54.02582pt.
) (./customtextedit_8h.tex
Package epstopdf Info: Source file: <customtextedit_8h__incl.eps>
(epstopdf)                    date: 2026-10-04 22:45:38
(epstopdf)                    size: 5128 bytes
(epstopdf)             Output file: <customtextedit_8h__incl-eps-converted-to.p
df>
(epstopdf)                    date: 2026-10-04 22:47:27
(epstopdf)                    size: 5151 bytes
(epstopdf)             Command: <repstopdf --outfile=customtextedit_8h__incl-ep
s-converted-to.pdf customtextedit_8h__incl.eps>
(epstopdf)             \includegraphics on input line 9.
Package epstopdf Info: Output file is already uptodate.
 <./customtextedit_8h__incl-eps-converted-to.pdf>
<customtextedit_8h__incl-eps-converted-to.pdf, id=14061, 134.5025pt x 83.31125p
t>
File: customtextedit_8h__incl-eps-converted-to.pdf Graphic file (type pdf)
<use customtextedit_8h__incl-eps-converted-to.pdf>
Package pdftex.def Info: customtextedit_8h__incl-eps-converted-to.pdf  used on 
input line 9.
(pdftex.def)             Requested size: 170.0pt x 105.29941pt.
Package epstopdf Info: Source file: <customtextedit_8h__dep__incl.eps>
(epstopdf)                    date: 2026-10-04 22:45:38
(epstopdf)                    size: 5266 bytes
(epstopdf)             Output file: <customtextedit_8h__dep__incl-eps-converted
-to.pdf>
(epstopdf)                    date: 2026-10-04 22:47:27
(epstopdf)                    size: 5120 bytes
(epstopdf)             Command: <repstopdf --outfile=customtextedit_8h__dep__in
cl-eps-converted-to.pdf customtextedit_8h__dep__incl.eps>
(epstopdf)             \includegraphics on input line 17.
Package epstopdf Info: Output file is already uptodate.
 <./customtextedit_8h__dep__incl-eps-converted-to.pdf>
<customtextedit_8h__dep__incl-eps-converted-to.pdf, id=14068, 144.54pt x 83.311
25pt>
File: customtextedit_8h__dep__incl-eps-converted-to.pdf Graphic file (type pdf)

<use customtextedit_8h__dep__incl-eps-converted-to.pdf>
Package pdftex.def Info: customtextedit_8h__dep__incl-eps-converted-to.pdf  use
d on input line 17.
(pdftex.def)             Requested size: 180.0pt x 103.75488pt.
 [298]) (./customtextedit_8h_source.tex) (./grammarview_8cpp.tex
Package epstopdf Info: Source file: <grammarview_8cpp__incl.eps>
(epstopdf)                    date: 2026-10-04 22:45:39
(epstopdf)                    size: 23023 bytes
(epstopdf)             Output file: <grammarview_8cpp__incl-eps-converted-to.pd
f>
(epstopdf)                    date: 2026-10-04 22:47:27
(epstopdf)                    size: 9076 bytes
(epstopdf)             Command: <repstopdf --outfile=grammarview_8cpp__incl-eps
-converted-to.pdf grammarview_8cpp__incl.eps>
(epstopdf)             \includegraphics on input line 15.
Package epstopdf Info: Output file is already uptodate.
 <./grammarview_8cpp__incl-eps-converted-to.pdf>
<grammarview_8cpp__incl-eps-converted-to.pdf, id=14087, 1072.005pt x 193.72375p
t>
File: grammarview_8cpp__incl-eps-converted-to.pdf Graphic file (type pdf)
<use grammarview_8cpp__incl-eps-converted-to.pdf>
Package pdftex.def Info: grammarview_8cpp__incl-eps-converted-to.pdf  used on i
nput line 15.
(pdftex.def)             Requested size: 350.0pt x 63.24915pt.
 [299]) (./grammarview_8h.tex
Package epstopdf Info: Source file: <grammarview_8h__incl.eps>
(epstopdf)                    date: 2026-10-04 22:45:38
(epstopdf)                    size: 6729 bytes
(epstopdf)             Output file: <grammarview_8h__incl-eps-converted-to.pdf>

(epstopdf)                    date: 2026-10-04 22:47:28
(epstopdf)                    size: 5688 bytes
(epstopdf)             Command: <repstopdf --outfile=grammarview_8h__incl-eps-c
onverted-to.pdf grammarview_8h__incl.eps>
(epstopdf)             \includegraphics on input line 11.
Package epstopdf Info: Output file is already uptodate.
 <./grammarview_8h__incl-eps-converted-to.pdf>
<grammarview_8h__incl-eps-converted-to.pdf, id=14099, 197.73875pt x 83.31125pt>

File: grammarview_8h__incl-eps-converted-to.pdf Graphic file (type pdf)
<use grammarview_8h__incl-eps-converted-to.pdf>
Package pdftex.def Info: grammarview_8h__incl-eps-converted-to.pdf  used on inp
ut line 11.
(pdftex.def)             Requested size: 233.0pt x 98.16911pt.
Package epstopdf Info: Source file: <grammarview_8h__dep__incl.eps>
(epstopdf)                    date: 2026-10-04 22:45:38
(epstopdf)                    size: 13281 bytes
(epstopdf)             Output file: <grammarview_8h__dep__incl-eps-converted-to
.pdf>
(epstopdf)                    date: 2026-10-04 22:47:28
(epstopdf)                    size: 6566 bytes
(epstopdf)             Command: <repstopdf --outfile=grammarview_8h__dep__incl-
eps-converted-to.pdf grammarview_8h__dep__incl.eps>
(epstopdf)             \includegraphics on input line 19.
Package epstopdf Info: Output file is already uptodate.
 <./grammarview_8h__dep__incl-eps-converted-to.pdf>
<grammarview_8h__dep__incl-eps-converted-to.pdf, id=14106, 473.77pt x 193.72375
pt>
File: grammarview_8h__dep__incl-eps-converted-to.pdf Graphic file (type pdf)
<use grammarview_8h__dep__incl-eps-converted-to.pdf>
Package pdftex.def Info: grammarview_8h__dep__incl-eps-converted-to.pdf  used o
n input line 19.
(pdftex.def)             Requested size: 350.0pt x 143.1198pt.
) (./grammarview_8h_source.tex [300]) (./tutorialmanager_8cpp.tex
Package epstopdf Info: Source file: <tutorialmanager_8cpp__incl.eps>
(epstopdf)                    date: 2026-10-04 22:45:38
(epstopdf)                    size: 22403 bytes
(epstopdf)             Output file: <tutorialmanager_8cpp__incl-eps-converted-t
o.pdf>
(epstopdf)                    date: 2026-10-04 22:47:28
(epstopdf)                    size: 9257 bytes
(epstopdf)             Command: <repstopdf --outfile=tutorialmanager_8cpp__incl
-eps-converted-to.pdf tutorialmanager_8cpp__incl.eps>
(epstopdf)             \includegraphics on input line 11.
Package epstopdf Info: Output file is already uptodate.
 <./tutorialmanager_8cpp__incl-eps-converted-to.pdf>
<tutorialmanager_8cpp__incl-eps-converted-to.pdf, id=14127, 1366.10374pt x 193.
72375pt>
File: tutorialmanager_8cpp__incl-eps-converted-to.pdf Graphic file (type pdf)
<use tutorialmanager_8cpp__incl-eps-converted-to.pdf>
Package pdftex.def Info: tutorialmanager_8cpp__incl-eps-converted-to.pdf  used 
on input line 11.
(pdftex.def)             Requested size: 350.0pt x 49.63094pt.
) (./tutorialmanager_8h.tex
Package epstopdf Info: Source file: <tutorialmanager_8h__incl.eps>
(epstopdf)                    date: 2026-10-04 22:45:38
(epstopdf)                    size: 10614 bytes
(epstopdf)             Output file: <tutorialmanager_8h__incl-eps-converted-to.
pdf>
(epstopdf)                    date: 2026-10-04 22:47:28
(epstopdf)                    size: 6889 bytes
(epstopdf)             Command: <repstopdf --outfile=tutorialmanager_8h__incl-e
ps-converted-to.pdf tutorialmanager_8h__incl.eps>
(epstopdf)             \includegraphics on input line 16.
Package epstopdf Info: Output file is already uptodate.
 <./tutorialmanager_8h__incl-eps-converted-to.pdf>
<tutorialmanager_8h__incl-eps-converted-to.pdf, id=14134, 597.23125pt x 83.3112
5pt>
File: tutorialmanager_8h__incl-eps-converted-to.pdf Graphic file (type pdf)
<use tutorialmanager_8h__incl-eps-converted-to.pdf>
Package pdftex.def Info: tutorialmanager_8h__incl-eps-converted-to.pdf  used on
 input line 16.
(pdftex.def)             Requested size: 350.0pt x 48.82394pt.
Package epstopdf Info: Source file: <tutorialmanager_8h__dep__incl.eps>
(epstopdf)                    date: 2026-10-04 22:45:38
(epstopdf)                    size: 10454 bytes
(epstopdf)             Output file: <tutorialmanager_8h__dep__incl-eps-converte
d-to.pdf>
(epstopdf)                    date: 2026-10-04 22:47:28
(epstopdf)                    size: 6136 bytes
(epstopdf)             Command: <repstopdf --outfile=tutorialmanager_8h__dep__i
ncl-eps-converted-to.pdf tutorialmanager_8h__dep__incl.eps>
(epstopdf)             \includegraphics on input line 24.
Package epstopdf Info: Output file is already uptodate.
 <./tutorialmanager_8h__dep__incl-eps-converted-to.pdf>
<tutorialmanager_8h__dep__incl-eps-converted-to.pdf, id=14141, 550.055pt x 138.
5175pt>
File: tutorialmanager_8h__dep__incl-eps-converted-to.pdf Graphic file (type pdf
)
<use tutorialmanager_8h__dep__incl-eps-converted-to.pdf>
Package pdftex.def Info: tutorialmanager_8h__dep__incl-eps-converted-to.pdf  us
ed on input line 24.
(pdftex.def)             Requested size: 350.0pt x 88.14151pt.
 [301]) (./tutorialmanager_8h_source.tex [302])
[303] [304

] (./refman.ind
Underfull \hbox (badness 10000) in paragraph at lines 3--5
[]\T1/phv/m/n/10 /Users/jose/Documents/cpp/SyntaxTutor/README.md,
 []

[305


] [306] [307] [308] [309] [310] [311] [312] [313] [314] [315] [316]
[317] [318] [319]) (./refman.aux)
 ***********
LaTeX2e <2025-11-01>
L3 programming layer <2026-01-19>
 ***********


LaTeX Warning: There were multiply-defined labels.


Package rerunfilecheck Warning: File `refman.out' has changed.
(rerunfilecheck)                Rerun to get outlines right
(rerunfilecheck)                or use package `bookmark'.

Package rerunfilecheck Info: Checksums for `refman.out':
(rerunfilecheck)             Before: B48CE8EC620C6B875E5BF4D7DBFAE573;139278
(rerunfilecheck)             After:  2065D21243D2D69F1D35B46FF4200FD8;139351.
 ) 
Here is how much of TeX's memory you used:
 47857 strings out of 467525
 1991528 string characters out of 5418982
 1048137 words of memory out of 5000000
 73336 multiletter control sequences out of 15000+600000
 689786 words of font info for 131 fonts, out of 8000000 for 9000
 1141 hyphenation exceptions out of 8191
 103i,16n,124p,1503b,2148s stack positions out of 10000i,1000n,20000p,200000b,200000s

pdfTeX warning (dest): name{appfonts_8h_a84cba25ba11669036df0d2bdaaaa7223} has 
been referenced but does not exist, replaced by a fixed one


pdfTeX warning (dest): name{slrtutorwindow_8h_a62d8c04e822006d61f10fc42c058473d
ad79695776a5b40f7cadbee1f91a85c82} has been referenced but does not exist, repl
aced by a fixed one


pdfTeX warning (dest): name{slrtutorwindow_8h_a62d8c04e822006d61f10fc42c058473d
a07f25294fd107fcdf475aa6de0b89d9d} has been referenced but does not exist, repl
aced by a fixed one


pdfTeX warning (dest): name{slrtutorwindow_8h_a62d8c04e822006d61f10fc42c058473d
ac1d9f50f86825a1a2302ec2449c17196} has been referenced but does not exist, repl
aced by a fixed one


pdfTeX warning (dest): name{slrtutorwindow_8h_a62d8c04e822006d61f10fc42c058473d
adfcf28d0734569a6a693bc8194de62bf} has been referenced but does not exist, repl
aced by a fixed one


pdfTeX warning (dest): name{slrtutorwindow_8h_a62d8c04e822006d61f10fc42c058473d
aceaaf344427537ca0d8f1dbd83dcb44b} has been referenced but does not exist, repl
aced by a fixed one


pdfTeX warning (dest): name{slrtutorwindow_8h_a62d8c04e822006d61f10fc42c058473d
a800618943025315f869e4e1f09471012} has been referenced but does not exist, repl
aced by a fixed one


pdfTeX warning (dest): name{slrtutorwindow_8h_a62d8c04e822006d61f10fc42c058473d
a560fce20abef5cd3f8e4d13c94669a46} has been referenced but does not exist, repl
aced by a fixed one


pdfTeX warning (dest): name{slrtutorwindow_8h_a62d8c04e822006d61f10fc42c058473d
a48ed5d2db39237d7ae5e829b17581629} has been referenced but does not exist, repl
aced by a fixed one


pdfTeX warning (dest): name{slrtutorwindow_8h_a62d8c04e822006d61f10fc42c058473d
a3a3ea00cfc35332cedf6e5e9a32e94da} has been referenced but does not exist, repl
aced by a fixed one


pdfTeX warning (dest): name{slrtutorwindow_8h_a62d8c04e822006d61f10fc42c058473d
a7ca5dc50827bbc9567c75cc4344c86eb} has been referenced but does not exist, repl
aced by a fixed one


pdfTeX warning (dest): name{slrtutorwindow_8h_a62d8c04e822006d61f10fc42c058473d
ac4d62b6dcca08e5caf06c01889282859} has been referenced but does not exist, repl
aced by a fixed one


pdfTeX warning (dest): name{slrtutorwindow_8h_a62d8c04e822006d61f10fc42c058473d
a4a4079e06eb2f7ba7a12821c7c58a3f6} has been referenced but does not exist, repl
aced by a fixed one


pdfTeX warning (dest): name{slrtutorwindow_8h_a62d8c04e822006d61f10fc42c058473d
af623e75af30e62bbd73d6df5b50bb7b5} has been referenced but does not exist, repl
aced by a fixed one


pdfTeX warning (dest): name{slrtutorwindow_8h_a62d8c04e822006d61f10fc42c058473d
a834cb54b61bbed9d4296c995e4c5d8b2} has been referenced but does not exist, repl
aced by a fixed one


pdfTeX warning (dest): name{slrtutorwindow_8h_a62d8c04e822006d61f10fc42c058473d
a3e8d115eb4b32b9e9479f387dbe14ee1} has been referenced but does not exist, repl
aced by a fixed one


pdfTeX warning (dest): name{slrtutorwindow_8h_a62d8c04e822006d61f10fc42c058473d
a0d61f8370cad1d412f80b84d143e1257} has been referenced but does not exist, repl
aced by a fixed one


pdfTeX warning (dest): name{slrtutorwindow_8h_a62d8c04e822006d61f10fc42c058473d
a9d5ed678fe57bcca610140957afab571} has been referenced but does not exist, repl
aced by a fixed one


pdfTeX warning (dest): name{slrtutorwindow_8h_a62d8c04e822006d61f10fc42c058473d
adbb308b04e4006cecc1b9346c85f7f1e} has been referenced but does not exist, repl
aced by a fixed one


pdfTeX warning (dest): name{slrtutorwindow_8h_a62d8c04e822006d61f10fc42c058473d
a0c2f3adf2a48bab3adb470f4da57f3d0} has been referenced but does not exist, repl
aced by a fixed one


pdfTeX warning (dest): name{slrtutorwindow_8h_a62d8c04e822006d61f10fc42c058473d
a6593d7b12fd418cdb35bbf438de72f66} has been referenced but does not exist, repl
aced by a fixed one


pdfTeX warning (dest): name{slrtutorwindow_8h_a62d8c04e822006d61f10fc42c058473d
ac6bdf6f65f3845da9085e9ae5790b494} has been referenced but does not exist, repl
aced by a fixed one


pdfTeX warning (dest): name{slrtutorwindow_8h_a62d8c04e822006d61f10fc42c058473d
a27f237e6b7f96587b6202ff3607ad88a} has been referenced but does not exist, repl
aced by a fixed one


pdfTeX warning (dest): name{slrtutorwindow_8h_a62d8c04e822006d61f10fc42c058473d
a7fc56270e7a70fa81a5935b72eacbe29} has been referenced but does not exist, repl
aced by a fixed one


pdfTeX warning (dest): name{lltutorwindow_8h_a5d74787dedbc4e11c1ab15bf487e61f8a
d79695776a5b40f7cadbee1f91a85c82} has been referenced but does not exist, repla
ced by a fixed one


pdfTeX warning (dest): name{lltutorwindow_8h_a5d74787dedbc4e11c1ab15bf487e61f8a
ba5fd286c2b0f34d0933d1ef7c57cb8a} has been referenced but does not exist, repla
ced by a fixed one


pdfTeX warning (dest): name{lltutorwindow_8h_a5d74787dedbc4e11c1ab15bf487e61f8a
0d61f8370cad1d412f80b84d143e1257} has been referenced but does not exist, repla
ced by a fixed one


pdfTeX warning (dest): name{lltutorwindow_8h_a5d74787dedbc4e11c1ab15bf487e61f8a
bf4117e13eb3260dd9c0659f69d76cb5} has been referenced but does not exist, repla
ced by a fixed one


pdfTeX warning (dest): name{lltutorwindow_8h_a5d74787dedbc4e11c1ab15bf487e61f8a
bbd97b00c539801e32317ab550867ec4} has been referenced but does not exist, repla
ced by a fixed one


pdfTeX warning (dest): name{lltutorwindow_8h_a5d74787dedbc4e11c1ab15bf487e61f8a
c9512565ef6194ca664dc41ec0de7a53} has been referenced but does not exist, repla
ced by a fixed one


pdfTeX warning (dest): name{lltutorwindow_8h_a5d74787dedbc4e11c1ab15bf487e61f8a
9d5ed678fe57bcca610140957afab571} has been referenced but does not exist, repla
ced by a fixed one


pdfTeX warning (dest): name{lltutorwindow_8h_a5d74787dedbc4e11c1ab15bf487e61f8a
dbb308b04e4006cecc1b9346c85f7f1e} has been referenced but does not exist, repla
ced by a fixed one


pdfTeX warning (dest): name{lltutorwindow_8h_a5d74787dedbc4e11c1ab15bf487e61f8a
c6bdf6f65f3845da9085e9ae5790b494} has been referenced but does not exist, repla
ced by a fixed one


pdfTeX warning (dest): name{lltutorwindow_8h_a5d74787dedbc4e11c1ab15bf487e61f8a
27f237e6b7f96587b6202ff3607ad88a} has been referenced but does not exist, repla
ced by a fixed one


pdfTeX warning (dest): name{lltutorwindow_8h_a5d74787dedbc4e11c1ab15bf487e61f8a
7fc56270e7a70fa81a5935b72eacbe29} has been referenced but does not exist, repla
ced by a fixed one


pdfTeX warning (dest): name{symbol__table_8hpp_a9e6705a3296471be728a3b6570b5623
1ae59f1c4fb1aa1d70a8c3eb59ff3e461b} has been referenced but does not exist, rep
laced by a fixed one


pdfTeX warning (dest): name{symbol__table_8hpp_a9e6705a3296471be728a3b6570b5623
1a6c7748bd0ad3fbdff996e81581ad64d6} has been referenced but does not exist, rep
laced by a fixed one


pdfTeX warning (dest): name{symbol__table_8hpp_a9e6705a3296471be728a3b6570b5623
1ae5e0e3ea5a4ed4670f1b5c09d66811f8} has been referenced but does not exist, rep
laced by a fixed one


pdfTeX warning (dest): name{main_8cpp_a0ddf1224851353fc92bfbff6f499fa97} has be
en referenced but does not exist, replaced by a fixed one


pdfTeX warning (dest): name{main_8cpp_a8f9e1149f67b06f87889db2a280d1615} has be
en referenced but does not exist, replaced by a fixed one


pdfTeX warning (dest): name{class_unique_queue_a00d514eb64338cf61e2f014043589ff
2} has been referenced but does not exist, replaced by a fixed one


pdfTeX warning (dest): name{class_unique_queue_af4cfcbfc8e87bbb41f52ea3fb379139
0} has been referenced but does not exist, replaced by a fixed one


pdfTeX warning (dest): name{class_unique_queue_a50ab8ce73ca5c552e1e2182192d2d31
5} has been referenced but does not exist, replaced by a fixed one


pdfTeX warning (dest): name{class_unique_queue_ab30785b5961db0f2719a943a2d275f8
3} has been referenced but does not exist, replaced by a fixed one


pdfTeX warning (dest): name{class_unique_queue_ae7a96bcd1dc074da3dd6f914e33c21a
1} has been referenced but does not exist, replaced by a fixed one


pdfTeX warning (dest): name{struct_tutorial_step_ac9fe036c9f6e4981b7d3240932aef
ea2} has been referenced but does not exist, replaced by a fixed one


pdfTeX warning (dest): name{struct_tutorial_step_ab7ebd119569066e3a922e7ea52d8f
dc9} has been referenced but does not exist, replaced by a fixed one


pdfTeX warning (dest): name{class_tutorial_manager_add968041547b7ec3c9e1ef0f19d
5005a} has been referenced but does not exist, replaced by a fixed one


pdfTeX warning (dest): name{class_tutorial_manager_afffc44cf7c78c43e9f5c9823892
84272} has been referenced but does not exist, replaced by a fixed one


pdfTeX warning (dest): name{class_tutorial_manager_ac86a5d7a9645910bf065c057381
0ab1a} has been referenced but does not exist, replaced by a fixed one


pdfTeX warning (dest): name{class_tutorial_manager_ab9e00263109c4e1ab6b66617ce2
f1887} has been referenced but does not exist, replaced by a fixed one


pdfTeX warning (dest): name{class_tutorial_manager_ab1a4a56a7150cf6f216a831e09d
d7209} has been referenced but does not exist, replaced by a fixed one


pdfTeX warning (dest): name{class_tutorial_manager_a57817e60d063bad9ac188e1cf9c
86588} has been referenced but does not exist, replaced by a fixed one


pdfTeX warning (dest): name{class_tutorial_manager_a4fd17560c48c8f8646ef846b8f3
6bb30} has been referenced but does not exist, replaced by a fixed one


pdfTeX warning (dest): name{class_tutorial_manager_a7b05249eda87d17113d5e91c0b9
da529} has been referenced but does not exist, replaced by a fixed one


pdfTeX warning (dest): name{class_tutorial_manager_ae02b2f24d983da558e4ec9ae929
2460d} has been referenced but does not exist, replaced by a fixed one


pdfTeX warning (dest): name{class_tutorial_manager_a43ead2fd97e8b07830260047249
88cdf} has been referenced but does not exist, replaced by a fixed one


pdfTeX warning (dest): name{class_tutorial_manager_abf8b24c8df5d32737916275846e
6af6a} has been referenced but does not exist, replaced by a fixed one


pdfTeX warning (dest): name{class_tutorial_manager_ac3e8c34792596992dc52d21de51
98030} has been referenced but does not exist, replaced by a fixed one


pdfTeX warning (dest): name{class_tutorial_manager_aba61470a5090632d6df51b167e7
40054} has been referenced but does not exist, replaced by a fixed one


pdfTeX warning (dest): name{class_tutorial_manager_aaa497afd5ce20be6249e2660f74
b6dc3} has been referenced but does not exist, replaced by a fixed one


pdfTeX warning (dest): name{struct_l_l_tutor_window_1_1_tree_node_ab3d7c4ef7302
e923d1375646f8526512} has been referenced but does not exist, replaced by a fix
ed one


pdfTeX warning (dest): name{struct_l_l_tutor_window_1_1_tree_node_af1b18b00420b
ce09ed3805bf111d9c53} has been referenced but does not exist, replaced by a fix
ed one


pdfTeX warning (dest): name{struct_app_typography_1_1_token_a8f3f3cd579b3be9c7f
3f86e4bd15a60a} has been referenced but does not exist, replaced by a fixed one



pdfTeX warning (dest): name{struct_app_typography_1_1_token_a98da9472c6a69488f4
d6e059c9483eb0} has been referenced but does not exist, replaced by a fixed one



pdfTeX warning (dest): name{struct_app_typography_1_1_token_ae0964f489799700f37
36d5d0136b3619} has been referenced but does not exist, replaced by a fixed one



pdfTeX warning (dest): name{struct_symbol_table_af55c84add9a4a35301b5b941b28539
a3} has been referenced but does not exist, replaced by a fixed one


pdfTeX warning (dest): name{struct_symbol_table_aedcb06cb69a7352063d5ea7c477a4c
3a} has been referenced but does not exist, replaced by a fixed one


pdfTeX warning (dest): name{struct_symbol_table_aa84ec2ac248fdfa1dd191e81bf0ac9
a4} has been referenced but does not exist, replaced by a fixed one


pdfTeX warning (dest): name{struct_symbol_table_af03e7da4aa005c758792b7779be9cf
85} has been referenced but does not exist, replaced by a fixed one


pdfTeX warning (dest): name{struct_symbol_table_a53cb720edec40638f422b1003bd1d4
61} has been referenced but does not exist, replaced by a fixed one


pdfTeX warning (dest): name{symbol__table_8hpp_a9e6705a3296471be728a3b6570b5623
1} has been referenced but does not exist, replaced by a fixed one


pdfTeX warning (dest): name{struct_symbol_table_aca380193dec2ad34e29b41631bb9ab
8c} has been referenced but does not exist, replaced by a fixed one


pdfTeX warning (dest): name{struct_symbol_table_a8e879b4cb01fba401514f22097e6cd
c0} has been referenced but does not exist, replaced by a fixed one


pdfTeX warning (dest): name{struct_symbol_table_a295196b61e9e00860a66e44a199a45
36} has been referenced but does not exist, replaced by a fixed one


pdfTeX warning (dest): name{struct_symbol_table_af84e0721003bd24abf542c2b2f1a53
4c} has been referenced but does not exist, replaced by a fixed one


pdfTeX warning (dest): name{struct_symbol_table_a59a554074a649b1e6e55d4149b6274
3c} has been referenced but does not exist, replaced by a fixed one


pdfTeX warning (dest): name{struct_symbol_table_a160522330493cdaff35979ed6d2dfa
21} has been referenced but does not exist, replaced by a fixed one


pdfTeX warning (dest): name{struct_symbol_table_a6fc61b8d63539a3a85042874db6c6d
6b} has been referenced but does not exist, replaced by a fixed one


pdfTeX warning (dest): name{struct_symbol_table_aba5ea04e1b9eec27e041bb94221213
40} has been referenced but does not exist, replaced by a fixed one


pdfTeX warning (dest): name{structstate_ae4175bd8db542097060d70960296505d} has 
been referenced but does not exist, replaced by a fixed one


pdfTeX warning (dest): name{structstate_a54da669fd7d80f2459478e228a5f8af6} has 
been referenced but does not exist, replaced by a fixed one


pdfTeX warning (dest): name{structstate_a463398083f82b863b2ea8d793073f186} has 
been referenced but does not exist, replaced by a fixed one


pdfTeX warning (dest): name{class_s_l_r_wizard_page_abf9e03602b63503101b64ce2a3
6a49d5} has been referenced but does not exist, replaced by a fixed one


pdfTeX warning (dest): name{class_s_l_r_wizard_page_a5c85e483f7e03d39d641b94c71
1151fe} has been referenced but does not exist, replaced by a fixed one


pdfTeX warning (dest): name{class_s_l_r_wizard_page_ae3500fbaaf2c035c6efa1c77ff
1d6384} has been referenced but does not exist, replaced by a fixed one


pdfTeX warning (dest): name{class_s_l_r_wizard_page_a7350e71622eb528c94feae10d1
efa2f6} has been referenced but does not exist, replaced by a fixed one


pdfTeX warning (dest): name{class_s_l_r_wizard_page_ac06ec88e5ba53403211fff75cf
4327b6} has been referenced but does not exist, replaced by a fixed one


pdfTeX warning (dest): name{class_s_l_r_wizard_page_a1cc1cd5a835662f90efcc6f2ee
a8dfc9} has been referenced but does not exist, replaced by a fixed one


pdfTeX warning (dest): name{class_s_l_r_wizard_page_a9e6bb05bb8b4a05cf97ef71e3f
1aeb10} has been referenced but does not exist, replaced by a fixed one


pdfTeX warning (dest): name{class_s_l_r_wizard_ada2751317642cb02e08bb1a3575627c
d} has been referenced but does not exist, replaced by a fixed one


pdfTeX warning (dest): name{class_s_l_r_wizard_a2b5fd2e2021986cc99bfe289ea9824e
8} has been referenced but does not exist, replaced by a fixed one


pdfTeX warning (dest): name{class_s_l_r_wizard_a743e459f25c16f7c1a0c609c26fbead
6} has been referenced but does not exist, replaced by a fixed one


pdfTeX warning (dest): name{class_s_l_r_wizard_a0223f7afd932d6f181c790304d6ca33
e} has been referenced but does not exist, replaced by a fixed one


pdfTeX warning (dest): name{class_s_l_r_wizard_a3830e2e93363d21966bb6ffadfc1e41
0} has been referenced but does not exist, replaced by a fixed one


pdfTeX warning (dest): name{class_s_l_r_wizard_a1833672694f25771c1b66c4e2b93561
0} has been referenced but does not exist, replaced by a fixed one


pdfTeX warning (dest): name{slrtutorwindow_8h_a62d8c04e822006d61f10fc42c058473d
} has been referenced but does not exist, replaced by a fixed one


pdfTeX warning (dest): name{class_s_l_r_tutor_window_a0907545ccb263b03410030017
7795d6a} has been referenced but does not exist, replaced by a fixed one


pdfTeX warning (dest): name{class_s_l_r_tutor_window_afcbe8c07ade16d53d53cc87dc
d40d44b} has been referenced but does not exist, replaced by a fixed one


pdfTeX warning (dest): name{class_s_l_r_tutor_window_acee95c6fced6c81e46d3987c1
717bad0} has been referenced but does not exist, replaced by a fixed one


pdfTeX warning (dest): name{class_s_l_r_tutor_window_a3ffb8f88721e380000a3eeda5
dcac060} has been referenced but does not exist, replaced by a fixed one


pdfTeX warning (dest): name{class_s_l_r_tutor_window_a9aa83ace6f8e933a0f02b4018
b468505} has been referenced but does not exist, replaced by a fixed one


pdfTeX warning (dest): name{class_s_l_r_tutor_window_af354f1473076474bef37f1d1c
8c57d61} has been referenced but does not exist, replaced by a fixed one


pdfTeX warning (dest): name{class_s_l_r_tutor_window_ab52e898595fc760011196240b
4499db5} has been referenced but does not exist, replaced by a fixed one


pdfTeX warning (dest): name{class_s_l_r_tutor_window_a7cfcda416cceca4efe41e60fa
66a8d25} has been referenced but does not exist, replaced by a fixed one


pdfTeX warning (dest): name{class_s_l_r_tutor_window_a99036b2796ed0e0d0fe135076
c4517d7} has been referenced but does not exist, replaced by a fixed one


pdfTeX warning (dest): name{class_s_l_r_tutor_window_a5d6a0efab540b847afa41085f
e7c0532} has been referenced but does not exist, replaced by a fixed one


pdfTeX warning (dest): name{class_s_l_r_tutor_window_af6f53e2065ffb436315ceca02
b9c85b2} has been referenced but does not exist, replaced by a fixed one


pdfTeX warning (dest): name{class_s_l_r_tutor_window_a0b5b4c79d47e3203e6df67752
3a5020e} has been referenced but does not exist, replaced by a fixed one


pdfTeX warning (dest): name{class_s_l_r_tutor_window_a256c4525232d75d7da8eabe9b
1bc9b0c} has been referenced but does not exist, replaced by a fixed one


pdfTeX warning (dest): name{class_s_l_r_tutor_window_a7f5f278e44249cbde487af1c4
3dbff3a} has been referenced but does not exist, replaced by a fixed one


pdfTeX warning (dest): name{class_s_l_r_tutor_window_aae8ec8f3ea6caa8f7f7c4e2df
47cc0d8} has been referenced but does not exist, replaced by a fixed one


pdfTeX warning (dest): name{class_s_l_r_tutor_window_a45eddedb7792a98443718f224
d06fc3a} has been referenced but does not exist, replaced by a fixed one


pdfTeX warning (dest): name{class_s_l_r_tutor_window_a45bf0977171fb841be5d3a3bb
78fda69} has been referenced but does not exist, replaced by a fixed one


pdfTeX warning (dest): name{class_s_l_r_tutor_window_ab726f1bcc94699c03fc5ec3a1
ec67343} has been referenced but does not exist, replaced by a fixed one


pdfTeX warning (dest): name{class_s_l_r_tutor_window_a9c31d3e02dc358a67ad4b4994
114f29e} has been referenced but does not exist, replaced by a fixed one


pdfTeX warning (dest): name{class_s_l_r_tutor_window_a69e4d701acdccd4c603e46723
bea08d0} has been referenced but does not exist, replaced by a fixed one


pdfTeX warning (dest): name{class_s_l_r_tutor_window_ab20064f5a66fa5e4c40591f03
280417e} has been referenced but does not exist, replaced by a fixed one


pdfTeX warning (dest): name{class_s_l_r_tutor_window_af2505841179208ac64764eaeb
f25aa1a} has been referenced but does not exist, replaced by a fixed one


pdfTeX warning (dest): name{class_s_l_r_tutor_window_abf1bd38094495acfe41a8d4f7
1bb43e3} has been referenced but does not exist, replaced by a fixed one


pdfTeX warning (dest): name{class_s_l_r_tutor_window_a64d86b4e2ca1beacc5c2de6cb
c35de91} has been referenced but does not exist, replaced by a fixed one


pdfTeX warning (dest): name{class_s_l_r_tutor_window_a1b5d5d7a6924120122b8ba8fc
13e3f28} has been referenced but does not exist, replaced by a fixed one


pdfTeX warning (dest): name{class_s_l_r_tutor_window_a0faefc7db5d1d814fd39292f3
b5669d4} has been referenced but does not exist, replaced by a fixed one


pdfTeX warning (dest): name{class_s_l_r_tutor_window_ae12625e4747be634f7acbacb9
a5aefcc} has been referenced but does not exist, replaced by a fixed one


pdfTeX warning (dest): name{class_s_l_r_tutor_window_a79f71a84c1fb6fd18798d9b23
8384780} has been referenced but does not exist, replaced by a fixed one


pdfTeX warning (dest): name{class_s_l_r_tutor_window_abe22ff89a00b192844adc59d0
64e3a0a} has been referenced but does not exist, replaced by a fixed one


pdfTeX warning (dest): name{class_s_l_r_tutor_window_ab66b870e6d3751dc228688f5a
ddf1e78} has been referenced but does not exist, replaced by a fixed one


pdfTeX warning (dest): name{class_s_l_r_tutor_window_a1fc8bf82f4cb442b751b22dde
a3514c1} has been referenced but does not exist, replaced by a fixed one


pdfTeX warning (dest): name{class_s_l_r_tutor_window_a56aac9bd1fe6a0f4b0ba09ead
5a821a0} has been referenced but does not exist, replaced by a fixed one


pdfTeX warning (dest): name{class_s_l_r_tutor_window_adb5aef769d61e9e2d3794ac41
06658f3} has been referenced but does not exist, replaced by a fixed one


pdfTeX warning (dest): name{class_s_l_r_tutor_window_a94af5aba02fef7c2496a96ef1
cdcc2aa} has been referenced but does not exist, replaced by a fixed one


pdfTeX warning (dest): name{class_s_l_r_tutor_window_a97ed5d3888a693b0c82a88a04
d4fc4ad} has been referenced but does not exist, replaced by a fixed one


pdfTeX warning (dest): name{class_s_l_r_tutor_window_a5e493074a13f41bc59e9b36b7
ebc59d7} has been referenced but does not exist, replaced by a fixed one


pdfTeX warning (dest): name{class_s_l_r_tutor_window_a72f11ac5dc89f324a52ff0a69
df43547} has been referenced but does not exist, replaced by a fixed one


pdfTeX warning (dest): name{class_s_l_r_tutor_window_adced8fed7316c1fcadec47b3d
2e3c4b0} has been referenced but does not exist, replaced by a fixed one


pdfTeX warning (dest): name{class_s_l_r_tutor_window_a3f8550628cfe1972953e7d84d
f29e1c0} has been referenced but does not exist, replaced by a fixed one


pdfTeX warning (dest): name{class_s_l_r_tutor_window_a0688f86822e79e77b8d8c75c0
b6d11a0} has been referenced but does not exist, replaced by a fixed one


pdfTeX warning (dest): name{class_s_l_r_tutor_window_a38744c85866ae1c8df6a0f01a
61bb0aa} has been referenced but does not exist, replaced by a fixed one


pdfTeX warning (dest): name{class_s_l_r_tutor_window_abaecaf3d6c02f272073c801f6
2486d85} has been referenced but does not exist, replaced by a fixed one


pdfTeX warning (dest): name{class_s_l_r_tutor_window_ada1e6ac6faf76c657e8cceff9
db99a33} has been referenced but does not exist, replaced by a fixed one


pdfTeX warning (dest): name{class_s_l_r_tutor_window_ad129ad32b1dd75aeba9f836ce
52af48e} has been referenced but does not exist, replaced by a fixed one


pdfTeX warning (dest): name{class_s_l_r_tutor_window_a45b3ddea54c8abad5cdb3a705
4c2d70d} has been referenced but does not exist, replaced by a fixed one


pdfTeX warning (dest): name{class_s_l_r_tutor_window_a1f0f3520f3d618a6c5e777a86
f31e5ad} has been referenced but does not exist, replaced by a fixed one


pdfTeX warning (dest): name{class_s_l_r_tutor_window_a9136988ee75fb53d4ed6a8d19
d878aa5} has been referenced but does not exist, replaced by a fixed one


pdfTeX warning (dest): name{class_s_l_r_tutor_window_a6f63d2a8ba634d3a23f04eab6
aac1158} has been referenced but does not exist, replaced by a fixed one


pdfTeX warning (dest): name{class_s_l_r_tutor_window_a81410ccd351a369f2198021c7
17e4f11} has been referenced but does not exist, replaced by a fixed one


pdfTeX warning (dest): name{class_s_l_r_tutor_window_a1ddc0f3362ec35ccbf7f3a326
c50cfb6} has been referenced but does not exist, replaced by a fixed one


pdfTeX warning (dest): name{class_s_l_r_tutor_window_a3057490ca57531863f10ff095
674c2aa} has been referenced but does not exist, replaced by a fixed one


pdfTeX warning (dest): name{class_s_l_r_tutor_window_a6e31b87f3ded32f995df622b2
b2fec52} has been referenced but does not exist, replaced by a fixed one


pdfTeX warning (dest): name{class_s_l_r_tutor_window_a5c30bd1c6b1ccb2795d84292f
f8f2d5d} has been referenced but does not exist, replaced by a fixed one


pdfTeX warning (dest): name{class_s_l_r_tutor_window_ac4017a716f065b29ea2957f8a
f15643c} has been referenced but does not exist, replaced by a fixed one


pdfTeX warning (dest): name{class_s_l_r_tutor_window_aaff00ffe414a36ba668d15716
c45479c} has been referenced but does not exist, replaced by a fixed one


pdfTeX warning (dest): name{class_s_l_r_tutor_window_a735621e8cd60c4b60c0f80978
593438a} has been referenced but does not exist, replaced by a fixed one


pdfTeX warning (dest): name{class_s_l_r_tutor_window_afe3f5f8121d5401c621cb4396
fb067c2} has been referenced but does not exist, replaced by a fixed one


pdfTeX warning (dest): name{class_s_l_r_tutor_window_a29cdb46729530ef00da0fd07f
9813ff2} has been referenced but does not exist, replaced by a fixed one


pdfTeX warning (dest): name{class_s_l_r_tutor_window_ab2b2565b40cd32e333af31719
f3b63b0} has been referenced but does not exist, replaced by a fixed one


pdfTeX warning (dest): name{class_s_l_r_tutor_window_a5ff056eb710cc8aaf8a81aac3
7713971} has been referenced but does not exist, replaced by a fixed one


pdfTeX warning (dest): name{class_s_l_r_tutor_window_a95f4621a5153d59e3623d1cf6
421add7} has been referenced but does not exist, replaced by a fixed one


pdfTeX warning (dest): name{class_s_l_r_tutor_window_a71213d42e715ca1c1e5a02b07
8bc9b24} has been referenced but does not exist, replaced by a fixed one


pdfTeX warning (dest): name{class_s_l_r_tutor_window_a154eed8af07ee1947f969745c
16109d0} has been referenced but does not exist, replaced by a fixed one


pdfTeX warning (dest): name{class_s_l_r_tutor_window_afc86bdaf2c33cd5dfea3a02ca
1bac7aa} has been referenced but does not exist, replaced by a fixed one


pdfTeX warning (dest): name{class_s_l_r_tutor_window_a9e1790e9fe3aacc9ba5c932ba
565bcd9} has been referenced but does not exist, replaced by a fixed one


pdfTeX warning (dest): name{class_s_l_r_tutor_window_ab2721b12dec64b3ccabeed023
179156b} has been referenced but does not exist, replaced by a fixed one


pdfTeX warning (dest): name{class_s_l_r_tutor_window_a94cf3c4a505eba3f6049c0b61
a1647c6} has been referenced but does not exist, replaced by a fixed one


pdfTeX warning (dest): name{class_s_l_r_tutor_window_abcc6a3527d120052efcbdcff6
9393db6} has been referenced but does not exist, replaced by a fixed one


pdfTeX warning (dest): name{class_s_l_r_tutor_window_ad8c5893e6903a57f19d07d608
f050a8c} has been referenced but does not exist, replaced by a fixed one


pdfTeX warning (dest): name{class_s_l_r_tutor_window_a81d8fe2deddadb995a98b8c6b
b8588dc} has been referenced but does not exist, replaced by a fixed one


pdfTeX warning (dest): name{class_s_l_r_tutor_window_a3e843b7e6359884be6b106b1c
cfdad0c} has been referenced but does not exist, replaced by a fixed one


pdfTeX warning (dest): name{class_s_l_r_tutor_window_aa8e3d1a0184100e4eb4a5f752
991cebc} has been referenced but does not exist, replaced by a fixed one


pdfTeX warning (dest): name{class_s_l_r_tutor_window_ab67bc48b847b74adedfb67836
3799f2e} has been referenced but does not exist, replaced by a fixed one


pdfTeX warning (dest): name{class_s_l_r_tutor_window_a0f86f583bce2f5d45b83d0721
eee6a13} has been referenced but does not exist, replaced by a fixed one


pdfTeX warning (dest): name{class_s_l_r_tutor_window_a4f19f7e2d207f0f9ebc89715a
0a5ced0} has been referenced but does not exist, replaced by a fixed one


pdfTeX warning (dest): name{class_s_l_r_tutor_window_a15ec4f49b4838b8aa0df2e222
6d4627a} has been referenced but does not exist, replaced by a fixed one


pdfTeX warning (dest): name{class_s_l_r_tutor_window_aaa40c776379db2c369553a586
461b965} has been referenced but does not exist, replaced by a fixed one


pdfTeX warning (dest): name{class_s_l_r_tutor_window_a7014c426c4e9b4a50a1fa7030
e37f150} has been referenced but does not exist, replaced by a fixed one


pdfTeX warning (dest): name{class_s_l_r_tutor_window_a2bd2f1d11eef6ec50e455bda7
4a919d1} has been referenced but does not exist, replaced by a fixed one


pdfTeX warning (dest): name{class_s_l_r_tutor_window_ad94197a77eca0485a4e6e1ef7
3330c89} has been referenced but does not exist, replaced by a fixed one


pdfTeX warning (dest): name{class_s_l_r_tutor_window_a42fc498448d60836bc846f753
8433174} has been referenced but does not exist, replaced by a fixed one


pdfTeX warning (dest): name{class_s_l_r_tutor_window_a3fea45aa0aab4b7e6bec29ad9
1f0a2d9} has been referenced but does not exist, replaced by a fixed one


pdfTeX warning (dest): name{class_s_l_r_tutor_window_ad2558a64cf4a24f493aa73255
8ba9e20} has been referenced but does not exist, replaced by a fixed one


pdfTeX warning (dest): name{class_s_l_r_tutor_window_a5b5f59e1252f449360f34f3ba
3552e1c} has been referenced but does not exist, replaced by a fixed one


pdfTeX warning (dest): name{class_s_l_r_tutor_window_a2e86e3d8d79a7ec97ede0623b
7bf9730} has been referenced but does not exist, replaced by a fixed one


pdfTeX warning (dest): name{class_s_l_r_tutor_window_a7aa89b93b35a2e55c5876294d
71a04fb} has been referenced but does not exist, replaced by a fixed one


pdfTeX warning (dest): name{class_s_l_r_tutor_window_ac6424e0da7c4efcc0d4252d38
93534b7} has been referenced but does not exist, replaced by a fixed one


pdfTeX warning (dest): name{class_s_l_r_tutor_window_a8ab34eb8e961b0eea0ade0cae
a85e3c0} has been referenced but does not exist, replaced by a fixed one


pdfTeX warning (dest): name{class_s_l_r_tutor_window_a60a2dd5a7a890a4844d40a400
fa9426e} has been referenced but does not exist, replaced by a fixed one


pdfTeX warning (dest): name{class_s_l_r_tutor_window_a378858d91aa3551dc59e33ffd
5b0065f} has been referenced but does not exist, replaced by a fixed one


pdfTeX warning (dest): name{class_s_l_r_tutor_window_a359abee5231623a1e280c1d7c
2497e5c} has been referenced but does not exist, replaced by a fixed one


pdfTeX warning (dest): name{class_s_l_r_tutor_window_a39d32d1bbff324558de7daead
c1e6189} has been referenced but does not exist, replaced by a fixed one


pdfTeX warning (dest): name{class_s_l_r_tutor_window_af3fcadd81454b1201d6451ba5
b1fc514} has been referenced but does not exist, replaced by a fixed one


pdfTeX warning (dest): name{class_s_l_r_tutor_window_a33405c5d1473d6a244cd22ab7
e3aa758} has been referenced but does not exist, replaced by a fixed one


pdfTeX warning (dest): name{class_s_l_r_tutor_window_abacead5339cdd7ec16ecdbb87
d1d72cd} has been referenced but does not exist, replaced by a fixed one


pdfTeX warning (dest): name{class_s_l_r_tutor_window_a6475fe6fd2fff8a47cee61dd6
cf8a132} has been referenced but does not exist, replaced by a fixed one


pdfTeX warning (dest): name{class_s_l_r_tutor_window_afbe6fdd9c0ace30a6b4e752fc
8cec071} has been referenced but does not exist, replaced by a fixed one


pdfTeX warning (dest): name{class_s_l_r_tutor_window_afba6e8c97f7e826e100585b76
327ec25} has been referenced but does not exist, replaced by a fixed one


pdfTeX warning (dest): name{class_s_l_r_tutor_window_ad245be15ddf8194ff4ba179d4
85c20ae} has been referenced but does not exist, replaced by a fixed one


pdfTeX warning (dest): name{class_s_l_r_tutor_window_a9c12c155646a012d248808ee8
c2486e9} has been referenced but does not exist, replaced by a fixed one


pdfTeX warning (dest): name{class_s_l_r_tutor_window_acef80f9051484e7bbc7ad003d
4b8e180} has been referenced but does not exist, replaced by a fixed one


pdfTeX warning (dest): name{class_s_l_r_tutor_window_a255a5ab1aeae5b5123df8b271
f11a245} has been referenced but does not exist, replaced by a fixed one


pdfTeX warning (dest): name{class_s_l_r_tutor_window_af7c638c7a83b0600593c8fe5f
4c6cd78} has been referenced but does not exist, replaced by a fixed one


pdfTeX warning (dest): name{class_s_l_r_tutor_window_a641f5c3e9a573b45adcc3b862
53d0ac4} has been referenced but does not exist, replaced by a fixed one


pdfTeX warning (dest): name{class_s_l_r_tutor_window_ab8f085e7e965cf3aa3cfc881e
c724b80} has been referenced but does not exist, replaced by a fixed one


pdfTeX warning (dest): name{class_s_l_r_tutor_window_a5a248aa591de4d8feb982c65c
dd3e49f} has been referenced but does not exist, replaced by a fixed one


pdfTeX warning (dest): name{class_s_l_r_tutor_window_ac3773d3a51fbd153e764e8de3
1c2fec7} has been referenced but does not exist, replaced by a fixed one


pdfTeX warning (dest): name{class_s_l_r_table_dialog_aca2bc3effa31f272b9885ecb0
897ed11} has been referenced but does not exist, replaced by a fixed one


pdfTeX warning (dest): name{class_s_l_r_table_dialog_ae622bb490423d1ce63aabfc29
1ab0b02} has been referenced but does not exist, replaced by a fixed one


pdfTeX warning (dest): name{class_s_l_r_table_dialog_aeac35a0ca5f29c094694d5a5a
096756d} has been referenced but does not exist, replaced by a fixed one


pdfTeX warning (dest): name{class_s_l_r_table_dialog_ac3a39fe254dc1a470ad3e096b
561b563} has been referenced but does not exist, replaced by a fixed one


pdfTeX warning (dest): name{class_s_l_r_table_dialog_aa20290eafe616ab7fa0246742
6895d84} has been referenced but does not exist, replaced by a fixed one


pdfTeX warning (dest): name{class_s_l_r_table_dialog_a5e5ba1b836c93aa1290ca3026
718cff9} has been referenced but does not exist, replaced by a fixed one


pdfTeX warning (dest): name{class_s_l_r_table_dialog_a3a1232ffe9a2226e569200094
4058c3f} has been referenced but does not exist, replaced by a fixed one


pdfTeX warning (dest): name{class_s_l_r_table_dialog_a17fe3b231aed72646451205d1
9cdef19} has been referenced but does not exist, replaced by a fixed one


pdfTeX warning (dest): name{class_s_l_r_table_dialog_a56a2b448edc23e99a52d9a87c
3ffd6fb} has been referenced but does not exist, replaced by a fixed one


pdfTeX warning (dest): name{class_s_l_r1_parser_ad86b57d534785a9863b925619b7e8a
12} has been referenced but does not exist, replaced by a fixed one


pdfTeX warning (dest): name{class_s_l_r1_parser_ad91bcfafbf8b58cff15d3c1c7c401b
bf} has been referenced but does not exist, replaced by a fixed one


pdfTeX warning (dest): name{class_s_l_r1_parser_a55ff1960d521b27fec21ca54d1e3d0
66} has been referenced but does not exist, replaced by a fixed one


pdfTeX warning (dest): name{class_s_l_r1_parser_a1412b54cd36ecf31bf48ee0e239d96
71} has been referenced but does not exist, replaced by a fixed one


pdfTeX warning (dest): name{class_s_l_r1_parser_a4b9b4f88bfef3c3e77f791446f3d82
0c} has been referenced but does not exist, replaced by a fixed one


pdfTeX warning (dest): name{class_s_l_r1_parser_aad08331c9b94d48dbdda2e8783ea58
3a} has been referenced but does not exist, replaced by a fixed one


pdfTeX warning (dest): name{class_s_l_r1_parser_a95d6f1070a535768c6d7f8f953c2b6
9d} has been referenced but does not exist, replaced by a fixed one


pdfTeX warning (dest): name{class_s_l_r1_parser_acdc3a5a98b2ba62767edcf72b2abd0
ed} has been referenced but does not exist, replaced by a fixed one


pdfTeX warning (dest): name{class_s_l_r1_parser_a95d3b55554e24aa03f6a73d7b895e7
8b} has been referenced but does not exist, replaced by a fixed one


pdfTeX warning (dest): name{class_s_l_r1_parser_af2549ef0375afbb8fd53fa2abafe60
bb} has been referenced but does not exist, replaced by a fixed one


pdfTeX warning (dest): name{class_s_l_r1_parser_a06a9888464cfe48152d72311e25ad7
9a} has been referenced but does not exist, replaced by a fixed one


pdfTeX warning (dest): name{class_s_l_r1_parser_af0a486daf0c5083b113e557d687324
81} has been referenced but does not exist, replaced by a fixed one


pdfTeX warning (dest): name{class_s_l_r1_parser_a02df38d4f96383ea85d23f56472c57
a0} has been referenced but does not exist, replaced by a fixed one


pdfTeX warning (dest): name{class_s_l_r1_parser_a6a31a57223b052028c74f5d70db41c
16} has been referenced but does not exist, replaced by a fixed one


pdfTeX warning (dest): name{class_s_l_r1_parser_aee48bcbf0a93badeb5271a7299cc45
8b} has been referenced but does not exist, replaced by a fixed one


pdfTeX warning (dest): name{class_s_l_r1_parser_a00101890c3c4d2871a8c100209abf1
22} has been referenced but does not exist, replaced by a fixed one


pdfTeX warning (dest): name{class_s_l_r1_parser_a0ff2187985600bff50ff8235543d96
fb} has been referenced but does not exist, replaced by a fixed one


pdfTeX warning (dest): name{class_s_l_r1_parser_af1f26efc1c4f8826b2bd1477aa4486
8b} has been referenced but does not exist, replaced by a fixed one


pdfTeX warning (dest): name{class_s_l_r1_parser_aa42411d1cb318041138b476e80aacc
9a} has been referenced but does not exist, replaced by a fixed one


pdfTeX warning (dest): name{class_s_l_r1_parser_af61cf9a5210b5df543a0ffcff96ce2
95} has been referenced but does not exist, replaced by a fixed one


pdfTeX warning (dest): name{class_s_l_r1_parser_a56caefecd97993de14ab687183266c
40} has been referenced but does not exist, replaced by a fixed one


pdfTeX warning (dest): name{class_s_l_r1_parser_afcd165bbeea678a837675e743503c3
2b} has been referenced but does not exist, replaced by a fixed one


pdfTeX warning (dest): name{class_s_l_r1_parser_ada5e4f3519f68c6b1857742b016c08
95ace2c8aed9c2fa0cfbed56cbda4d8bf07} has been referenced but does not exist, re
placed by a fixed one


pdfTeX warning (dest): name{class_s_l_r1_parser_ada5e4f3519f68c6b1857742b016c08
95ac4408d335012a56ff58937d78050efad} has been referenced but does not exist, re
placed by a fixed one


pdfTeX warning (dest): name{class_s_l_r1_parser_ada5e4f3519f68c6b1857742b016c08
95aec4875f03ff0bb0b26cf76ac7f41e3c8} has been referenced but does not exist, re
placed by a fixed one


pdfTeX warning (dest): name{class_s_l_r1_parser_ada5e4f3519f68c6b1857742b016c08
95a825a3d98017bab11815ad2817201324c} has been referenced but does not exist, re
placed by a fixed one


pdfTeX warning (dest): name{struct_s_l_r1_parser_1_1s__action_aafdb6192300f887f
99d4d7ea14201509} has been referenced but does not exist, replaced by a fixed o
ne


pdfTeX warning (dest): name{class_s_l_r1_parser_ada5e4f3519f68c6b1857742b016c08
95} has been referenced but does not exist, replaced by a fixed one


pdfTeX warning (dest): name{struct_s_l_r1_parser_1_1s__action_a571ec039a96e95bf
a657a7bb5bc5b9bb} has been referenced but does not exist, replaced by a fixed o
ne


pdfTeX warning (dest): name{struct_grammar_view_1_1_row_aa147f36c9b08b5c273052f
83f19cba09} has been referenced but does not exist, replaced by a fixed one


pdfTeX warning (dest): name{struct_grammar_view_1_1_row_a10f5cf3957fd3c6254ca63
37e9f186a1} has been referenced but does not exist, replaced by a fixed one


pdfTeX warning (dest): name{struct_grammar_view_1_1_row_a9acb74188a0a40c9d04c77
aa05e00eaf} has been referenced but does not exist, replaced by a fixed one


pdfTeX warning (dest): name{struct_grammar_view_1_1_row_aa72659f7064e96a324b088
29faf3eea2} has been referenced but does not exist, replaced by a fixed one


pdfTeX warning (dest): name{struct_conversation_pdf_1_1_message_a38f2417f51d6ef
e793b1f5041d00ab49} has been referenced but does not exist, replaced by a fixed
 one


pdfTeX warning (dest): name{struct_conversation_pdf_1_1_message_a5be71af1811147
02b64a21a1cf7314ff} has been referenced but does not exist, replaced by a fixed
 one


pdfTeX warning (dest): name{struct_conversation_pdf_1_1_message_a82f855ff99287b
bb7cd6ded681df4d1c} has been referenced but does not exist, replaced by a fixed
 one


pdfTeX warning (dest): name{class_main_window_a982f606d82b1f4947002336aa03ebec2
} has been referenced but does not exist, replaced by a fixed one


pdfTeX warning (dest): name{class_main_window_a3913d62afef85cd18073399c78045041
} has been referenced but does not exist, replaced by a fixed one


pdfTeX warning (dest): name{class_main_window_a336fbbdf2d2bdc8b4fd39eb9e8b74da7
} has been referenced but does not exist, replaced by a fixed one


pdfTeX warning (dest): name{class_main_window_a5873fede0f60801fad0e4fac382a492d
} has been referenced but does not exist, replaced by a fixed one


pdfTeX warning (dest): name{class_main_window_ae98d00a93bc118200eeef9f9bba1dba7
} has been referenced but does not exist, replaced by a fixed one


pdfTeX warning (dest): name{class_main_window_a996c5a2b6f77944776856f08ec30858d
} has been referenced but does not exist, replaced by a fixed one


pdfTeX warning (dest): name{class_main_window_a86775822330a07b3884915eb88833954
} has been referenced but does not exist, replaced by a fixed one


pdfTeX warning (dest): name{class_main_window_abed50644ed307d4ab90a27bd13b30fcf
} has been referenced but does not exist, replaced by a fixed one


pdfTeX warning (dest): name{struct_lr0_item_a1458f46f5cd2c1c02868a4b95e6f9437} 
has been referenced but does not exist, replaced by a fixed one


pdfTeX warning (dest): name{struct_lr0_item_ae2d19acc432c32741350ff5da9a98316} 
has been referenced but does not exist, replaced by a fixed one


pdfTeX warning (dest): name{struct_lr0_item_a3eac80af8491180b91b09ab815144b01} 
has been referenced but does not exist, replaced by a fixed one


pdfTeX warning (dest): name{struct_lr0_item_a5b5fcd03eb29accd92b22e6bb05d26cd} 
has been referenced but does not exist, replaced by a fixed one


pdfTeX warning (dest): name{struct_lr0_item_a044c53ff5c3c36622594d47375ce971d} 
has been referenced but does not exist, replaced by a fixed one


pdfTeX warning (dest): name{struct_lr0_item_a21198c89325c73ee25a8d960cff7d1fa} 
has been referenced but does not exist, replaced by a fixed one


pdfTeX warning (dest): name{struct_lr0_item_a4db23e1d025750a6ca817aa4998a03f4} 
has been referenced but does not exist, replaced by a fixed one


pdfTeX warning (dest): name{struct_lr0_item_ac342e279b0a266a84f984b82604532e6} 
has been referenced but does not exist, replaced by a fixed one


pdfTeX warning (dest): name{struct_lr0_item_af04204a80422464f843b7a8ef4a22965} 
has been referenced but does not exist, replaced by a fixed one


pdfTeX warning (dest): name{struct_lr0_item_a6142b6f8428fbf567eda36c751594033} 
has been referenced but does not exist, replaced by a fixed one


pdfTeX warning (dest): name{struct_lr0_item_a485ab0289f3353b47ea38dcee418a0b6} 
has been referenced but does not exist, replaced by a fixed one


pdfTeX warning (dest): name{struct_lr0_item_a148948dd1d6c8afc1b2de9b1b163cead} 
has been referenced but does not exist, replaced by a fixed one


pdfTeX warning (dest): name{struct_lr0_item_a3e7a247e1ac8db4ae651fa7796ed40c3} 
has been referenced but does not exist, replaced by a fixed one


pdfTeX warning (dest): name{class_l_l_wizard_page_a9cdca8d74d0a5679333e00615768
bea6} has been referenced but does not exist, replaced by a fixed one


pdfTeX warning (dest): name{class_l_l_wizard_page_a968bbe9482980d7308d48282f035
7ee3} has been referenced but does not exist, replaced by a fixed one


pdfTeX warning (dest): name{class_l_l_wizard_page_a0d90b49450341978bfca8d1afa0e
7b3a} has been referenced but does not exist, replaced by a fixed one


pdfTeX warning (dest): name{class_l_l_wizard_page_a6f4f7a2c9c89cfcb6b1bf5b8ac79
aabb} has been referenced but does not exist, replaced by a fixed one


pdfTeX warning (dest): name{class_l_l_wizard_page_af82df06d0f7611f130fdf180d915
1e09} has been referenced but does not exist, replaced by a fixed one


pdfTeX warning (dest): name{class_l_l_wizard_page_aeb86e7c4e5caf636b040cd368a66
db31} has been referenced but does not exist, replaced by a fixed one


pdfTeX warning (dest): name{class_l_l_wizard_page_a4f6643ad22dbbed9fd3e28a71f3f
1e16} has been referenced but does not exist, replaced by a fixed one


pdfTeX warning (dest): name{class_l_l_wizard_ab26653bfd607390e0d042a10e1c30dca}
 has been referenced but does not exist, replaced by a fixed one


pdfTeX warning (dest): name{class_l_l_wizard_af8260b0ed6f6cbd2b0ccbdcf089e714a}
 has been referenced but does not exist, replaced by a fixed one


pdfTeX warning (dest): name{class_l_l_wizard_ad368cfdda05f34452440852e6d1d0a07}
 has been referenced but does not exist, replaced by a fixed one


pdfTeX warning (dest): name{class_l_l_wizard_aa589d9785f8398abe01d16e31cb3024a}
 has been referenced but does not exist, replaced by a fixed one


pdfTeX warning (dest): name{class_l_l_wizard_afe8ec82259ea29642659594ad0ddb873}
 has been referenced but does not exist, replaced by a fixed one


pdfTeX warning (dest): name{class_l_l_tutor_window_ae84d8563c6b94776c73e299e7df
a7973} has been referenced but does not exist, replaced by a fixed one


pdfTeX warning (dest): name{class_l_l_tutor_window_a672ef2276b662e3b6151af0511b
ccd5e} has been referenced but does not exist, replaced by a fixed one


pdfTeX warning (dest): name{class_l_l_tutor_window_a52e82b0c082c324ea799aa1a223
4f48e} has been referenced but does not exist, replaced by a fixed one


pdfTeX warning (dest): name{class_l_l_tutor_window_a5b58ca4619d55921d3e236c3d01
a07c4} has been referenced but does not exist, replaced by a fixed one


pdfTeX warning (dest): name{class_l_l_tutor_window_a0b2bb48a1e99dc653bc6c5b8c2a
79b4e} has been referenced but does not exist, replaced by a fixed one


pdfTeX warning (dest): name{class_l_l_tutor_window_a46d831eda0be47f2cb2f555faef
96b38} has been referenced but does not exist, replaced by a fixed one


pdfTeX warning (dest): name{class_l_l_tutor_window_ab7e720930213417b63841d80dca
af61f} has been referenced but does not exist, replaced by a fixed one


pdfTeX warning (dest): name{class_l_l_tutor_window_a596efe8e5c8066fd50a37e8ae02
d6e67} has been referenced but does not exist, replaced by a fixed one


pdfTeX warning (dest): name{class_l_l_tutor_window_a60b755f5082fa049eb48d5f1fc1
5d424} has been referenced but does not exist, replaced by a fixed one


pdfTeX warning (dest): name{class_l_l_tutor_window_a4fae474d5dc37ae0252044f6231
6ce5b} has been referenced but does not exist, replaced by a fixed one


pdfTeX warning (dest): name{class_l_l_tutor_window_a76a825d9c56a31849e340be7b45
f6674} has been referenced but does not exist, replaced by a fixed one


pdfTeX warning (dest): name{class_l_l_tutor_window_a186542bdd21f445a34e18d1b88c
8554c} has been referenced but does not exist, replaced by a fixed one


pdfTeX warning (dest): name{class_l_l_tutor_window_a742bc2a8d3b097d7f1b0d22be6e
c68e6} has been referenced but does not exist, replaced by a fixed one


pdfTeX warning (dest): name{class_l_l_tutor_window_a9c2b0b4bfa0ae92b7ae8a86b78d
9d4a9} has been referenced but does not exist, replaced by a fixed one


pdfTeX warning (dest): name{class_l_l_tutor_window_a550c58032dbf18f48ac4d97d65e
d6ec9} has been referenced but does not exist, replaced by a fixed one


pdfTeX warning (dest): name{class_l_l_tutor_window_aeeae3a71bd29bcf5ff97d6ea282
11e81} has been referenced but does not exist, replaced by a fixed one


pdfTeX warning (dest): name{class_l_l_tutor_window_a041b2683adaf4232bf83f9a08b1
3d526} has been referenced but does not exist, replaced by a fixed one


pdfTeX warning (dest): name{class_l_l_tutor_window_aa99f846df304d622218e16da4b6
9c22b} has been referenced but does not exist, replaced by a fixed one


pdfTeX warning (dest): name{class_l_l_tutor_window_ac949d35e0528713e92fd7bff045
5e117} has been referenced but does not exist, replaced by a fixed one


pdfTeX warning (dest): name{class_l_l_tutor_window_a5d825a4466624c17320c0eb7fda
2de5d} has been referenced but does not exist, replaced by a fixed one


pdfTeX warning (dest): name{class_l_l_tutor_window_a64d3c8b71cd2f4af660864d5249
fe0f1} has been referenced but does not exist, replaced by a fixed one


pdfTeX warning (dest): name{class_l_l_tutor_window_abfa66b3379ae723e980e3761acc
b4d15} has been referenced but does not exist, replaced by a fixed one


pdfTeX warning (dest): name{class_l_l_tutor_window_a7657ba7f2b7c8caef186fe3b6ac
f671c} has been referenced but does not exist, replaced by a fixed one


pdfTeX warning (dest): name{class_l_l_tutor_window_a40be883da3ead13b1d4e758cf34
61fcf} has been referenced but does not exist, replaced by a fixed one


pdfTeX warning (dest): name{class_l_l_tutor_window_a6bf3862eff44655b4127d0fb750
abe9c} has been referenced but does not exist, replaced by a fixed one


pdfTeX warning (dest): name{class_l_l_tutor_window_a7aaded0d4be413f66c9468b5cef
f3314} has been referenced but does not exist, replaced by a fixed one


pdfTeX warning (dest): name{class_l_l_tutor_window_a94ddf1d30839b7191479c24588a
760bc} has been referenced but does not exist, replaced by a fixed one


pdfTeX warning (dest): name{class_l_l_tutor_window_aae56758be5ab1d25104df692506
b8369} has been referenced but does not exist, replaced by a fixed one


pdfTeX warning (dest): name{class_l_l_tutor_window_a919d50eb83ab03bfe05645ba8a1
6eb3e} has been referenced but does not exist, replaced by a fixed one


pdfTeX warning (dest): name{class_l_l_tutor_window_ad8e8d1afe579c1416fb5cedd2b6
0a84a} has been referenced but does not exist, replaced by a fixed one


pdfTeX warning (dest): name{class_l_l_tutor_window_a90682d8db81d4c0c37a5293fe01
1b8a4} has been referenced but does not exist, replaced by a fixed one


pdfTeX warning (dest): name{class_l_l_tutor_window_a55b6d95fdc1090e73a72d477cc6
441a9} has been referenced but does not exist, replaced by a fixed one


pdfTeX warning (dest): name{class_l_l_tutor_window_aa2741ddaaebe054599186f68169
852c4} has been referenced but does not exist, replaced by a fixed one


pdfTeX warning (dest): name{class_l_l_tutor_window_a68732a0b7ca355349e1cfff4e03
665f0} has been referenced but does not exist, replaced by a fixed one


pdfTeX warning (dest): name{class_l_l_tutor_window_a667223abed46d411250b3a8e2c6
baadd} has been referenced but does not exist, replaced by a fixed one


pdfTeX warning (dest): name{class_l_l_tutor_window_abde0722625354cf58732008f8e5
30e5d} has been referenced but does not exist, replaced by a fixed one


pdfTeX warning (dest): name{class_l_l_tutor_window_a6e037711b2e27cf298a6a1b0f00
28f60} has been referenced but does not exist, replaced by a fixed one


pdfTeX warning (dest): name{class_l_l_tutor_window_a36fa8a40caeacd5be8d3ad58953
20f25} has been referenced but does not exist, replaced by a fixed one


pdfTeX warning (dest): name{class_l_l_tutor_window_a7d2fc87cdcdbf8528e2a5f47f0e
5c05a} has been referenced but does not exist, replaced by a fixed one


pdfTeX warning (dest): name{class_l_l_tutor_window_a560702b183dbcfed68850b0df1e
c6641} has been referenced but does not exist, replaced by a fixed one


pdfTeX warning (dest): name{class_l_l_tutor_window_ac45e43831b3af81f0b667592e69
b2137} has been referenced but does not exist, replaced by a fixed one


pdfTeX warning (dest): name{class_l_l_tutor_window_a73af7974f642964985fa5f5ea94
f5687} has been referenced but does not exist, replaced by a fixed one


pdfTeX warning (dest): name{class_l_l_tutor_window_a228cec185a4a62f5ac0de6b3275
b88f6} has been referenced but does not exist, replaced by a fixed one


pdfTeX warning (dest): name{class_l_l_tutor_window_a36728cc5c78e316c2140422b828
cc733} has been referenced but does not exist, replaced by a fixed one


pdfTeX warning (dest): name{class_l_l_tutor_window_a9502636394b205fc022204b066a
d41b7} has been referenced but does not exist, replaced by a fixed one


pdfTeX warning (dest): name{class_l_l_tutor_window_acd631fc33e5dbb6197bfc7b3d2b
451f2} has been referenced but does not exist, replaced by a fixed one


pdfTeX warning (dest): name{class_l_l_tutor_window_aa6fe4466c5724c64ee3627897a3
96c26} has been referenced but does not exist, replaced by a fixed one


pdfTeX warning (dest): name{class_l_l_tutor_window_a22e82d473060950a7243252176b
b4802} has been referenced but does not exist, replaced by a fixed one


pdfTeX warning (dest): name{class_l_l_tutor_window_a0bd49524c3c4503736f0ce4bed4
5b8ab} has been referenced but does not exist, replaced by a fixed one


pdfTeX warning (dest): name{class_l_l_tutor_window_a036d7aa67c17138ba886a5eaa26
37f57} has been referenced but does not exist, replaced by a fixed one


pdfTeX warning (dest): name{class_l_l_tutor_window_a2885a07a8cdc6c3c34503ab3c4c
c588b} has been referenced but does not exist, replaced by a fixed one


pdfTeX warning (dest): name{class_l_l_tutor_window_ab7cdd1cdd4224c5b02bcfabc51a
9d266} has been referenced but does not exist, replaced by a fixed one


pdfTeX warning (dest): name{class_l_l_tutor_window_ad7528d4e40e7d041d4ae4049ccf
4c222} has been referenced but does not exist, replaced by a fixed one


pdfTeX warning (dest): name{class_l_l_tutor_window_a0ae4c32d3c142d9488145d0f368
a2940} has been referenced but does not exist, replaced by a fixed one


pdfTeX warning (dest): name{class_l_l_tutor_window_a4f1547926d1d6034d3d3cd0ba53
131a3} has been referenced but does not exist, replaced by a fixed one


pdfTeX warning (dest): name{class_l_l_tutor_window_ad327a0a69d7d746652f27d68af1
8d891} has been referenced but does not exist, replaced by a fixed one


pdfTeX warning (dest): name{class_l_l_tutor_window_a682ffc33558706d371fd4c83ea1
428f1} has been referenced but does not exist, replaced by a fixed one


pdfTeX warning (dest): name{class_l_l_tutor_window_a409bbf7e88e5d62095799727cec
724a6} has been referenced but does not exist, replaced by a fixed one


pdfTeX warning (dest): name{class_l_l_tutor_window_ad444321598f7c59c43a8ba36d05
dee82} has been referenced but does not exist, replaced by a fixed one


pdfTeX warning (dest): name{class_l_l_tutor_window_a640b1b58ce55b7ff49f00f434af
c853a} has been referenced but does not exist, replaced by a fixed one


pdfTeX warning (dest): name{class_l_l_tutor_window_ab53c5ad90f32ca16f43ee28656a
7a39b} has been referenced but does not exist, replaced by a fixed one


pdfTeX warning (dest): name{class_l_l_tutor_window_a8d36384b192e7925df83b8ee740
af250} has been referenced but does not exist, replaced by a fixed one


pdfTeX warning (dest): name{class_l_l_tutor_window_af2fd68df43d6ce1b4fe3aff2443
c8d4e} has been referenced but does not exist, replaced by a fixed one


pdfTeX warning (dest): name{class_l_l_tutor_window_a1e16db0de448a62b18f8bf3292c
67992} has been referenced but does not exist, replaced by a fixed one


pdfTeX warning (dest): name{class_l_l_tutor_window_ad15dd9b88144f9123f905900a71
3026e} has been referenced but does not exist, replaced by a fixed one


pdfTeX warning (dest): name{class_l_l_tutor_window_aacc2ce021a0c40da4f19b27a787
238de} has been referenced but does not exist, replaced by a fixed one


pdfTeX warning (dest): name{class_l_l_tutor_window_a18663621e7df777775e6d71bf9d
d7353} has been referenced but does not exist, replaced by a fixed one


pdfTeX warning (dest): name{class_l_l_tutor_window_a10877112f1a6d1ab4417cf872a3
f21b5} has been referenced but does not exist, replaced by a fixed one


pdfTeX warning (dest): name{class_l_l_table_dialog_a9e70f90b67831ef9365e435ef35
4e34e} has been referenced but does not exist, replaced by a fixed one


pdfTeX warning (dest): name{class_l_l_table_dialog_a2dec14d9f9e779dbcf3f4cab0b4
5c6f3} has been referenced but does not exist, replaced by a fixed one


pdfTeX warning (dest): name{class_l_l_table_dialog_ac1791cc427d1523730c6da5b8c2
c9f4b} has been referenced but does not exist, replaced by a fixed one


pdfTeX warning (dest): name{class_l_l_table_dialog_af6ff62b64182502d4357c1cac30
ac71f} has been referenced but does not exist, replaced by a fixed one


pdfTeX warning (dest): name{class_l_l_table_dialog_a75f516c03d82c5ee7f5fbcc9cab
7783a} has been referenced but does not exist, replaced by a fixed one


pdfTeX warning (dest): name{class_l_l_table_dialog_a3b3e1ec69138b66a5f2239ec864
66279} has been referenced but does not exist, replaced by a fixed one


pdfTeX warning (dest): name{class_l_l_table_dialog_a874d8827dca791e348df33b3587
c5ebb} has been referenced but does not exist, replaced by a fixed one


pdfTeX warning (dest): name{class_l_l_table_dialog_a5aafabe038ddf5f3cf382f4263d
1ce79} has been referenced but does not exist, replaced by a fixed one


pdfTeX warning (dest): name{class_l_l1_parser_a9faec5578f60af3641a5bb6bde66aa8f
} has been referenced but does not exist, replaced by a fixed one


pdfTeX warning (dest): name{class_l_l1_parser_a99111137eeeeb3d44b7b20417297df9b
} has been referenced but does not exist, replaced by a fixed one


pdfTeX warning (dest): name{class_l_l1_parser_a8148d39b8f39a98b4210490346beb3b4
} has been referenced but does not exist, replaced by a fixed one


pdfTeX warning (dest): name{class_l_l1_parser_a29cba4eed3d7b262f17509779934f1fd
} has been referenced but does not exist, replaced by a fixed one


pdfTeX warning (dest): name{class_l_l1_parser_a5e5817b02a5ea7faa4480cb64ad31dd2
} has been referenced but does not exist, replaced by a fixed one


pdfTeX warning (dest): name{class_l_l1_parser_a0f9dc60f3f6a8332b0ed727d4c8fd40f
} has been referenced but does not exist, replaced by a fixed one


pdfTeX warning (dest): name{class_l_l1_parser_a02ee1f3ebc4cedacbb11204e3e8cbfdc
} has been referenced but does not exist, replaced by a fixed one


pdfTeX warning (dest): name{class_l_l1_parser_a2f702d940802a8b02538cb173a6c7e5e
} has been referenced but does not exist, replaced by a fixed one


pdfTeX warning (dest): name{class_l_l1_parser_af556dd5a7357b97ec5d078983db62553
} has been referenced but does not exist, replaced by a fixed one


pdfTeX warning (dest): name{class_l_l1_parser_a7b33aead1b94c61884afb06f204fd3e4
} has been referenced but does not exist, replaced by a fixed one


pdfTeX warning (dest): name{class_l_l1_parser_a9d31e18fd46ed0c7560f03a7e2f0cbeb
} has been referenced but does not exist, replaced by a fixed one


pdfTeX warning (dest): name{class_l_l1_parser_a465f1e33d92dae2869755e11846aed59
} has been referenced but does not exist, replaced by a fixed one


pdfTeX warning (dest): name{class_app_layout_1_1_height_for_width_keeper_a8414a
292c69623947757c54de426505d} has been referenced but does not exist, replaced b
y a fixed one


pdfTeX warning (dest): name{class_app_layout_1_1_height_for_width_keeper_acfdec
3a1b4b808bd81fdb04c818afd1f} has been referenced but does not exist, replaced b
y a fixed one


pdfTeX warning (dest): name{class_grammar_view_a7f3a0c9126451289e0a6c8950cbca93
d} has been referenced but does not exist, replaced by a fixed one


pdfTeX warning (dest): name{class_grammar_view_afa08279c1be423905cff66fec300d69
5} has been referenced but does not exist, replaced by a fixed one


pdfTeX warning (dest): name{class_grammar_view_a5ac21727ce96d18e20a808ad2a855ce
d} has been referenced but does not exist, replaced by a fixed one


pdfTeX warning (dest): name{class_grammar_view_a4daa0c6bb987225b8aa1dbea3a30014
8} has been referenced but does not exist, replaced by a fixed one


pdfTeX warning (dest): name{class_grammar_syntax_highlighter_adeb45749eef5d33a1
44a9ef105cbb2cb} has been referenced but does not exist, replaced by a fixed on
e


pdfTeX warning (dest): name{class_grammar_syntax_highlighter_ab225835678bd62495
8caf99e72deb83d} has been referenced but does not exist, replaced by a fixed on
e


pdfTeX warning (dest): name{class_grammar_syntax_highlighter_acf1f253d28f3a70a4
66397d0e4dda471} has been referenced but does not exist, replaced by a fixed on
e


pdfTeX warning (dest): name{struct_grammar_parse_result_a46793251259c570f93c197
d7800cd388} has been referenced but does not exist, replaced by a fixed one


pdfTeX warning (dest): name{struct_grammar_parse_result_ad218a7c8345d3d8e967af0
9d8072788b} has been referenced but does not exist, replaced by a fixed one


pdfTeX warning (dest): name{struct_grammar_parse_result_a5e321dd6a36e8b58204ef7
78f9240dfc} has been referenced but does not exist, replaced by a fixed one


pdfTeX warning (dest): name{struct_grammar_parser_a68e23b76cb083f6acd0a3aaf3e02
8c1b} has been referenced but does not exist, replaced by a fixed one


pdfTeX warning (dest): name{struct_grammar_parser_a2dd4498d4322381376a252819847
c3e2} has been referenced but does not exist, replaced by a fixed one


pdfTeX warning (dest): name{struct_grammar_parse_error_addc970222cf4e0bdd475c5f
868a0b090} has been referenced but does not exist, replaced by a fixed one


pdfTeX warning (dest): name{struct_grammar_parse_error_ae6bc663a8cb282e5122b12c
d7ecb5798} has been referenced but does not exist, replaced by a fixed one


pdfTeX warning (dest): name{struct_grammar_parse_error_af6f065aef5baa85d5e8c514
4833e4541} has been referenced but does not exist, replaced by a fixed one


pdfTeX warning (dest): name{struct_grammar_parse_error_a146c2bc784622fd0a8f939d
97e14677aac182cd9db3cff0907cdbcfd3d668620a} has been referenced but does not ex
ist, replaced by a fixed one


pdfTeX warning (dest): name{struct_grammar_parse_error_a146c2bc784622fd0a8f939d
97e14677aa1430848c5f9067145868ad8f6dd4c762} has been referenced but does not ex
ist, replaced by a fixed one


pdfTeX warning (dest): name{struct_grammar_parse_error_a146c2bc784622fd0a8f939d
97e14677aa4a3d6314213f64e3575eb6150e385d18} has been referenced but does not ex
ist, replaced by a fixed one


pdfTeX warning (dest): name{struct_grammar_parse_error_a146c2bc784622fd0a8f939d
97e14677aa7117cc22a9902d8200cba982467ee145} has been referenced but does not ex
ist, replaced by a fixed one


pdfTeX warning (dest): name{struct_grammar_parse_error_a146c2bc784622fd0a8f939d
97e14677aa26ac9e850810989c304d73a02e9713c3} has been referenced but does not ex
ist, replaced by a fixed one


pdfTeX warning (dest): name{struct_grammar_parse_error_a146c2bc784622fd0a8f939d
97e14677aab065f9b6e9228f78671d56e671c59b2a} has been referenced but does not ex
ist, replaced by a fixed one


pdfTeX warning (dest): name{struct_grammar_parse_error_a146c2bc784622fd0a8f939d
97e14677aa4649a96f528033b765813b1f162caaa7} has been referenced but does not ex
ist, replaced by a fixed one


pdfTeX warning (dest): name{struct_grammar_parse_error_a146c2bc784622fd0a8f939d
97e14677a} has been referenced but does not exist, replaced by a fixed one


pdfTeX warning (dest): name{struct_grammar_factory_af83e177b6eab8c0ebf3baa71984
5090d} has been referenced but does not exist, replaced by a fixed one


pdfTeX warning (dest): name{struct_grammar_factory_a10f99aa4bba42948fb99d9f1b4a
e21c5} has been referenced but does not exist, replaced by a fixed one


pdfTeX warning (dest): name{struct_grammar_factory_a4abe0dd76b57891bf88d72f96e6
09400} has been referenced but does not exist, replaced by a fixed one


pdfTeX warning (dest): name{struct_grammar_factory_a44b66cee9f82b5643992e1290f3
653bb} has been referenced but does not exist, replaced by a fixed one


pdfTeX warning (dest): name{struct_grammar_factory_a384f98c92be56b27c65e20edebd
32bcd} has been referenced but does not exist, replaced by a fixed one


pdfTeX warning (dest): name{struct_grammar_factory_a7eb4aeb1e55ff7e38e9f5b8a1fb
fd464} has been referenced but does not exist, replaced by a fixed one


pdfTeX warning (dest): name{struct_grammar_factory_aca2925bbcb27fa32b0b53d626df
d7b7e} has been referenced but does not exist, replaced by a fixed one


pdfTeX warning (dest): name{struct_grammar_factory_ab4d6073366842e8539dace5eb00
564e9} has been referenced but does not exist, replaced by a fixed one


pdfTeX warning (dest): name{struct_grammar_factory_ab6c2988168d6b13fc7d166f22c7
08003} has been referenced but does not exist, replaced by a fixed one


pdfTeX warning (dest): name{struct_grammar_factory_a0248fb175bd5ddaae30e82e7d1b
3304c} has been referenced but does not exist, replaced by a fixed one


pdfTeX warning (dest): name{struct_grammar_factory_a4f167379fa626f0734d6e99b34b
96a54} has been referenced but does not exist, replaced by a fixed one


pdfTeX warning (dest): name{struct_grammar_factory_a9e9e0dd8e183913fed41772c540
ec549} has been referenced but does not exist, replaced by a fixed one


pdfTeX warning (dest): name{struct_grammar_factory_a545a96027491b8858aa2621f647
6385f} has been referenced but does not exist, replaced by a fixed one


pdfTeX warning (dest): name{struct_grammar_factory_af8f0bc614939cd7268fb61c70d1
0fcb5} has been referenced but does not exist, replaced by a fixed one


pdfTeX warning (dest): name{struct_grammar_factory_a6bf9e0a5e0808f56165d488abde
34c5f} has been referenced but does not exist, replaced by a fixed one


pdfTeX warning (dest): name{struct_grammar_factory_a7bebc5a4fe3d80cf038767fe99b
88883} has been referenced but does not exist, replaced by a fixed one


pdfTeX warning (dest): name{struct_grammar_factory_a289b675f7307cbbd986d3684cee
fc8db} has been referenced but does not exist, replaced by a fixed one


pdfTeX warning (dest): name{struct_grammar_factory_a0048c0c61b253a0f2d29bcce7c6
ead44} has been referenced but does not exist, replaced by a fixed one


pdfTeX warning (dest): name{struct_grammar_factory_ae4773738861fc98eb1aff9dc78c
f019b} has been referenced but does not exist, replaced by a fixed one


pdfTeX warning (dest): name{struct_grammar_factory_a06b08500014ade97db2a3b6fd72
096d9} has been referenced but does not exist, replaced by a fixed one


pdfTeX warning (dest): name{struct_grammar_factory_a6c928859881a49c81ec6be76a36
c74d7} has been referenced but does not exist, replaced by a fixed one


pdfTeX warning (dest): name{struct_grammar_factory_a8e3ce26320d4bd74ba47a4f4d5c
4ba4f} has been referenced but does not exist, replaced by a fixed one


pdfTeX warning (dest): name{struct_grammar_factory_aa5d138c30fed1776d37e6fa63e1
048fc} has been referenced but does not exist, replaced by a fixed one


pdfTeX warning (dest): name{struct_grammar_factory_a5368eb47dd1f9d7de083c41c025
0e7e4} has been referenced but does not exist, replaced by a fixed one


pdfTeX warning (dest): name{struct_grammar_factory_a4aa75c7d88bef418639ca3ba5ee
3404b} has been referenced but does not exist, replaced by a fixed one


pdfTeX warning (dest): name{struct_grammar_factory_a9d305dd64af208b12d6153e1ab6
3bc38} has been referenced but does not exist, replaced by a fixed one


pdfTeX warning (dest): name{struct_grammar_factory_a008edfd357bd31ea6566c4bc0bc
a6845} has been referenced but does not exist, replaced by a fixed one


pdfTeX warning (dest): name{struct_grammar_factory_a5c57d8d96992059e78a68e5bd5e
c5260} has been referenced but does not exist, replaced by a fixed one


pdfTeX warning (dest): name{struct_grammar_factory_a7c7e94a38b31ab06b0b0276cb25
30936} has been referenced but does not exist, replaced by a fixed one


pdfTeX warning (dest): name{class_grammar_editor_dialog_a69f1b5701d1a93cfec6ebc
028ff68aac} has been referenced but does not exist, replaced by a fixed one


pdfTeX warning (dest): name{class_grammar_editor_dialog_aa4456d1a48292b920b4ddf
635e5cb44f} has been referenced but does not exist, replaced by a fixed one


pdfTeX warning (dest): name{class_grammar_editor_dialog_a5d7cbecc4f7a19e02b0094
3c1f69ba67} has been referenced but does not exist, replaced by a fixed one


pdfTeX warning (dest): name{class_grammar_editor_dialog_a5f5c5fb397b477babae41b
b758139638a5c4047cec7ca56692cd277ec59606704} has been referenced but does not e
xist, replaced by a fixed one


pdfTeX warning (dest): name{class_grammar_editor_dialog_a5f5c5fb397b477babae41b
b758139638afa0255747d8957b48ad8388c26b6db4b} has been referenced but does not e
xist, replaced by a fixed one


pdfTeX warning (dest): name{class_grammar_editor_dialog_a5f5c5fb397b477babae41b
b758139638} has been referenced but does not exist, replaced by a fixed one


pdfTeX warning (dest): name{struct_grammar_aa78dffbcc2b215a3184e588cbb272097} h
as been referenced but does not exist, replaced by a fixed one


pdfTeX warning (dest): name{struct_grammar_a8bdbc1072253034fab2c1269a4660f57} h
as been referenced but does not exist, replaced by a fixed one


pdfTeX warning (dest): name{struct_grammar_a1dff025cb33edc587eea8dea4120bc4f} h
as been referenced but does not exist, replaced by a fixed one


pdfTeX warning (dest): name{struct_grammar_ac16e6ae6c52586612ecf1ceb19fb1dd5} h
as been referenced but does not exist, replaced by a fixed one


pdfTeX warning (dest): name{struct_grammar_add2f414fe2ddf7e578a70c255daa1996} h
as been referenced but does not exist, replaced by a fixed one


pdfTeX warning (dest): name{struct_grammar_aa8ba510e14b7d86c9f030611343ed130} h
as been referenced but does not exist, replaced by a fixed one


pdfTeX warning (dest): name{struct_grammar_a95e0f2efad2652f2048670b87894d033} h
as been referenced but does not exist, replaced by a fixed one


pdfTeX warning (dest): name{struct_grammar_a561bf0737bee1806306e3a33becde483} h
as been referenced but does not exist, replaced by a fixed one


pdfTeX warning (dest): name{struct_grammar_a833632e1ccfa0f84222a4b7168cf975e} h
as been referenced but does not exist, replaced by a fixed one


pdfTeX warning (dest): name{struct_grammar_a27ecdbca735ffb275a2bad9d1ea539c3} h
as been referenced but does not exist, replaced by a fixed one


pdfTeX warning (dest): name{struct_grammar_a1b3e0c211d198cdc9cb1502ae8815514} h
as been referenced but does not exist, replaced by a fixed one


pdfTeX warning (dest): name{struct_grammar_a022dfdd9e12d6f5396aa7adc4b5f19ba} h
as been referenced but does not exist, replaced by a fixed one


pdfTeX warning (dest): name{struct_grammar_a753563f170d65c9e286eb171c945c495} h
as been referenced but does not exist, replaced by a fixed one


pdfTeX warning (dest): name{struct_grammar_aadc4653fd0a6173388fe4692772c59ad} h
as been referenced but does not exist, replaced by a fixed one


pdfTeX warning (dest): name{struct_grammar_aa201250a002a7d07d398fee189a74427} h
as been referenced but does not exist, replaced by a fixed one


pdfTeX warning (dest): name{struct_grammar_factory_1_1_factory_item_a81f9c40d0e
12aed4e8dec48750b94d5e} has been referenced but does not exist, replaced by a f
ixed one


pdfTeX warning (dest): name{struct_grammar_factory_1_1_factory_item_a5e63b86c5b
47a6c2f4f572d7a71cf296} has been referenced but does not exist, replaced by a f
ixed one


pdfTeX warning (dest): name{grammar_8hpp_a2be7a1ae52aeac89069389092e7268c0} has
 been referenced but does not exist, replaced by a fixed one


pdfTeX warning (dest): name{struct_grammar_factory_1_1_factory_item_ae7d899f0b7
b5334fdc11ef605d520dc7} has been referenced but does not exist, replaced by a f
ixed one


pdfTeX warning (dest): name{class_exam_session_ad668804f5d0650039e67616c5c93f23
7} has been referenced but does not exist, replaced by a fixed one


pdfTeX warning (dest): name{class_exam_session_a92327389e787905fc61de25843434c2
2} has been referenced but does not exist, replaced by a fixed one


pdfTeX warning (dest): name{class_exam_session_a352ba6b2936aedcff5784c565d22194
9} has been referenced but does not exist, replaced by a fixed one


pdfTeX warning (dest): name{class_exam_session_a017c2844f59b9345d4297010ac52339
6} has been referenced but does not exist, replaced by a fixed one


pdfTeX warning (dest): name{class_exam_session_a2290b2f623c48ffae4d650e39087625
3} has been referenced but does not exist, replaced by a fixed one


pdfTeX warning (dest): name{class_exam_report_dialog_a4f2ca84544eed6870f68a815a
c5927ba} has been referenced but does not exist, replaced by a fixed one


pdfTeX warning (dest): name{class_exam_report_dialog_a52aeefab0b780967e47390504
5fdbb69} has been referenced but does not exist, replaced by a fixed one


pdfTeX warning (dest): name{class_exam_report_dialog_aba620a1f85047591376fa2c9f
b58c495} has been referenced but does not exist, replaced by a fixed one


pdfTeX warning (dest): name{struct_exam_record_a503b74153dd1d2b8fd8574fc60ff693
d} has been referenced but does not exist, replaced by a fixed one


pdfTeX warning (dest): name{struct_exam_record_afbf7ff23bd0329a8bdc92f903e6e684
0} has been referenced but does not exist, replaced by a fixed one


pdfTeX warning (dest): name{struct_exam_record_a5c8e116e47fcb5e31f411271b9f1bc5
b} has been referenced but does not exist, replaced by a fixed one


pdfTeX warning (dest): name{struct_exam_record_a060a56efa816538c826ac993ddba872
0} has been referenced but does not exist, replaced by a fixed one


pdfTeX warning (dest): name{class_custom_text_edit_af9d21878791b7ca98824f2a1b85
cdbc4} has been referenced but does not exist, replaced by a fixed one


pdfTeX warning (dest): name{class_custom_text_edit_ac87765b7ed4b3752474893bae4d
f08bf} has been referenced but does not exist, replaced by a fixed one


pdfTeX warning (dest): name{class_custom_text_edit_af5ef9dfc855cba8431067a6ea39
613e5} has been referenced but does not exist, replaced by a fixed one


pdfTeX warning (dest): name{class_custom_text_edit_a7dcc7e53f64b26ce412974df2be
6a936} has been referenced but does not exist, replaced by a fixed one


pdfTeX warning (dest): name{class_custom_text_edit_a16e6725147bf86c40c376ad62f0
2929f} has been referenced but does not exist, replaced by a fixed one


pdfTeX warning (dest): name{class_custom_text_edit_aeca33294f3d979682374b71684b
865d9} has been referenced but does not exist, replaced by a fixed one


pdfTeX warning (dest): name{class_custom_text_edit_a58e95876e9f45dbe73728fe9e83
152e5} has been referenced but does not exist, replaced by a fixed one


pdfTeX warning (dest): name{class_custom_text_edit_a18556a723c91a01bd82d10c1cf4
1d325} has been referenced but does not exist, replaced by a fixed one


pdfTeX warning (dest): name{class_custom_text_edit_a8f161a60d8d6dfda8a568fbfc0a
9fed1} has been referenced but does not exist, replaced by a fixed one


pdfTeX warning (dest): name{class_custom_text_edit_a418fa720fd5e46a1f856e859c49
89892} has been referenced but does not exist, replaced by a fixed one


pdfTeX warning (dest): name{class_conversation_pdf_ab376d5bcc34bc0cbddfd465f7df
68009} has been referenced but does not exist, replaced by a fixed one


pdfTeX warning (dest): name{class_conversation_pdf_a6eda5b50445d0ae14eb5661f76d
ab418} has been referenced but does not exist, replaced by a fixed one


pdfTeX warning (dest): name{class_conversation_pdf_a983b60803f4b959adf614c93cd7
3ec33} has been referenced but does not exist, replaced by a fixed one


pdfTeX warning (dest): name{class_conversation_pdf_a4e6f8a22e5cd96432d362ce0f2d
5f4fc} has been referenced but does not exist, replaced by a fixed one


pdfTeX warning (dest): name{class_conversation_pdf_a8b5aae61f5506d682ce7ec2aea5
7bc67} has been referenced but does not exist, replaced by a fixed one


pdfTeX warning (dest): name{class_conversation_pdf_aeabef80e3219115470acb1ec8e3
80a67} has been referenced but does not exist, replaced by a fixed one


pdfTeX warning (dest): name{class_conversation_pdf_aceb63ae8ede8fd303be84f405b3
c5c18} has been referenced but does not exist, replaced by a fixed one


pdfTeX warning (dest): name{class_conversation_pdf_a504eb4cdcf25ef9599954a50fce
0b209} has been referenced but does not exist, replaced by a fixed one


pdfTeX warning (dest): name{class_conversation_pdf_a097bc531a8d76a4ffd9850db3d7
13a61} has been referenced but does not exist, replaced by a fixed one


pdfTeX warning (dest): name{class_conversation_pdf_a4865ba68204c69f236fdb1f28b2
a76c4} has been referenced but does not exist, replaced by a fixed one


pdfTeX warning (dest): name{class_conversation_pdf_a859395c05186e7e5866c1850b5a
0c551} has been referenced but does not exist, replaced by a fixed one


pdfTeX warning (dest): name{class_conversation_pdf_ae4376eb49060b27693ad49c5108
6b4f9} has been referenced but does not exist, replaced by a fixed one


pdfTeX warning (dest): name{class_conversation_pdf_a56e9b7b9a34ec37bd38c2a7f151
b6040} has been referenced but does not exist, replaced by a fixed one


pdfTeX warning (dest): name{class_conversation_pdf_abf31763c0c9ecf9b5de9ec8443f
29e3f} has been referenced but does not exist, replaced by a fixed one


pdfTeX warning (dest): name{class_center_align_delegate_af46efb1227a550b0cf9bd2
3b48411c02} has been referenced but does not exist, replaced by a fixed one


pdfTeX warning (dest): name{class_automaton_viewer_dialog_a3f97b51cf4fd5b3bbeed
62990fb30868} has been referenced but does not exist, replaced by a fixed one


pdfTeX warning (dest): name{class_automaton_viewer_dialog_a0dca877c8e4b561bca96
3d349ae999f2} has been referenced but does not exist, replaced by a fixed one


pdfTeX warning (dest): name{class_automaton_view_a8cb7c68273f24421f94b273a23f78
bc7} has been referenced but does not exist, replaced by a fixed one


pdfTeX warning (dest): name{class_automaton_view_a0bd33dfc63c9e82fd2e6ada788e07
961} has been referenced but does not exist, replaced by a fixed one


pdfTeX warning (dest): name{class_automaton_view_a8a6fcee2c935c3f57b20cfc476f13
f97} has been referenced but does not exist, replaced by a fixed one


pdfTeX warning (dest): name{class_automaton_view_aa821b9fd889ab2bb991eb652326de
dc7} has been referenced but does not exist, replaced by a fixed one


pdfTeX warning (dest): name{class_automaton_view_a364a8481f47f19cc3e54a65454ce9
c9c} has been referenced but does not exist, replaced by a fixed one


pdfTeX warning (dest): name{class_automaton_view_a68b25f65adf9db1e00d570d82409c
0bc} has been referenced but does not exist, replaced by a fixed one


pdfTeX warning (dest): name{class_automaton_view_a5cf7cd287665a38ce386d792d9b12
2bf} has been referenced but does not exist, replaced by a fixed one


pdfTeX warning (dest): name{class_automaton_view_afb72d59f729d640a4ec1585ae6b8b
0f5} has been referenced but does not exist, replaced by a fixed one


pdfTeX warning (dest): name{class_automaton_view_a83b6a50e4b3e14d46a1d9b2acfb35
043} has been referenced but does not exist, replaced by a fixed one


pdfTeX warning (dest): name{class_automaton_view_a751d80753b2619bf74acd762407ca
175} has been referenced but does not exist, replaced by a fixed one


pdfTeX warning (dest): name{class_automaton_view_ae506d76e0818a0b3991ea74ce43e4
2a1} has been referenced but does not exist, replaced by a fixed one


pdfTeX warning (dest): name{class_automaton_view_aee6c11401b5f481c1944f85266258
eac} has been referenced but does not exist, replaced by a fixed one


pdfTeX warning (dest): name{class_automaton_view_a1beff437187d1e4843d4faa55314c
e25} has been referenced but does not exist, replaced by a fixed one


pdfTeX warning (dest): name{class_automaton_view_a692f53ea0dde899214a81cc544a0a
ec6} has been referenced but does not exist, replaced by a fixed one


pdfTeX warning (dest): name{class_automaton_view_a9d6796c1c51fb91eef6c98008c429
d56} has been referenced but does not exist, replaced by a fixed one


pdfTeX warning (dest): name{class_automaton_view_a1ad1e4ffd0c7b34177d7c054f4629
ffc} has been referenced but does not exist, replaced by a fixed one


pdfTeX warning (dest): name{class_automaton_view_a7487c772b8821876779a0ad73e71c
4c0} has been referenced but does not exist, replaced by a fixed one


pdfTeX warning (dest): name{class_automaton_view_a5c4cd51058bb1e18394760b9efd65
e7d} has been referenced but does not exist, replaced by a fixed one


pdfTeX warning (dest): name{class_automaton_view_a89209e613b28b5b1de07b830e8804
f3c} has been referenced but does not exist, replaced by a fixed one


pdfTeX warning (dest): name{class_automaton_view_a0a4f9b7a5151637346feaac3f4fa9
bfc} has been referenced but does not exist, replaced by a fixed one


pdfTeX warning (dest): name{class_automaton_view_a161a4b987e96766185e838fdce98f
851} has been referenced but does not exist, replaced by a fixed one


pdfTeX warning (dest): name{class_automaton_view_aa175573f1f6faf7a809b1846ff28a
79e} has been referenced but does not exist, replaced by a fixed one


pdfTeX warning (dest): name{class_automaton_view_ad3c719d89cc7b23460c17ca668c36
712} has been referenced but does not exist, replaced by a fixed one


pdfTeX warning (dest): name{class_automaton_view_a03670fb71e2af147de3538c74bb11
a9d} has been referenced but does not exist, replaced by a fixed one


pdfTeX warning (dest): name{class_automaton_view_a18849d59cd6aa265322d3b38362b2
eb4} has been referenced but does not exist, replaced by a fixed one


pdfTeX warning (dest): name{class_automaton_view_ae595a1e972eeecb85ed706fc4092a
23e} has been referenced but does not exist, replaced by a fixed one


pdfTeX warning (dest): name{class_automaton_view_a56214c511723b5746922f695b2612
60e} has been referenced but does not exist, replaced by a fixed one


pdfTeX warning (dest): name{class_automaton_view_af91798ef5ac6db94df99e0cc96b24
3cd} has been referenced but does not exist, replaced by a fixed one


pdfTeX warning (dest): name{struct_automaton_transition_info_a826ce45b666d6f407
4044057888140d5} has been referenced but does not exist, replaced by a fixed on
e


pdfTeX warning (dest): name{struct_automaton_transition_info_a90259fd35a9452a01
2e6849e8b688879} has been referenced but does not exist, replaced by a fixed on
e


pdfTeX warning (dest): name{struct_automaton_transition_info_af760bbd88aafc5105
c2eac737eb705c3} has been referenced but does not exist, replaced by a fixed on
e


pdfTeX warning (dest): name{struct_automaton_state_info_a32b7cacd50c4a4decd5623
2e9514cd79} has been referenced but does not exist, replaced by a fixed one


pdfTeX warning (dest): name{lltutorwindow_8h_a5d74787dedbc4e11c1ab15bf487e61f8}
 has been referenced but does not exist, replaced by a fixed one


pdfTeX warning (dest): name{struct_automaton_state_info_a467f426abe82e17cb40c6d
0f1a987e65} has been referenced but does not exist, replaced by a fixed one


pdfTeX warning (dest): name{namespace_syntax_tutor_1_1_version_ab1f620a0c8bef9f
ff84bd6ecf4c52480} has been referenced but does not exist, replaced by a fixed 
one


pdfTeX warning (dest): name{namespace_syntax_tutor_1_1_version_a665e768d4d2c12e
da507ffb657c3400c} has been referenced but does not exist, replaced by a fixed 
one


pdfTeX warning (dest): name{namespace_app_typography_a483383433be4ee5483bcd21c0
f8023b8} has been referenced but does not exist, replaced by a fixed one


pdfTeX warning (dest): name{namespace_app_typography_aab34468dfba2dbcb811652547
ecfaf89} has been referenced but does not exist, replaced by a fixed one


pdfTeX warning (dest): name{namespace_app_typography_a10a1ec42f188b8015dce05b9d
8554aab} has been referenced but does not exist, replaced by a fixed one


pdfTeX warning (dest): name{namespace_app_typography_a8ced112c8886506a81b4028ab
9c3df37} has been referenced but does not exist, replaced by a fixed one


pdfTeX warning (dest): name{namespace_app_typography_a1d8837f59d9e412638b5a27be
675c948} has been referenced but does not exist, replaced by a fixed one


pdfTeX warning (dest): name{namespace_app_typography_a85c0c1a4f8e63c7429d2dbcec
311cc71} has been referenced but does not exist, replaced by a fixed one


pdfTeX warning (dest): name{namespace_app_typography_a3e1e1aadfe8ff398aa60cb255
03d2067} has been referenced but does not exist, replaced by a fixed one


pdfTeX warning (dest): name{namespace_app_typography_a5c2b3c26731613ad2991e0035
8243bfb} has been referenced but does not exist, replaced by a fixed one


pdfTeX warning (dest): name{namespace_app_typography_a7ce516481a973e7af6b68624d
18afb63} has been referenced but does not exist, replaced by a fixed one


pdfTeX warning (dest): name{namespace_app_typography_ad9e0d7a05805bae97441da9cf
8ae4126} has been referenced but does not exist, replaced by a fixed one


pdfTeX warning (dest): name{namespace_app_typography_ac3c097af33e9a619a4c8a4167
1d5db5d} has been referenced but does not exist, replaced by a fixed one


pdfTeX warning (dest): name{namespace_app_typography_aa29c8c558387b1ed5c038049e
528585eab9987a246a537f4fe86f1f2e3d10dbdb} has been referenced but does not exis
t, replaced by a fixed one


pdfTeX warning (dest): name{namespace_app_typography_aa29c8c558387b1ed5c038049e
528585eae0a67c8c63f8f7362917abef6ca24c6b} has been referenced but does not exis
t, replaced by a fixed one


pdfTeX warning (dest): name{namespace_app_typography_aa29c8c558387b1ed5c038049e
528585eab78a3223503896721cca1303f776159b} has been referenced but does not exis
t, replaced by a fixed one


pdfTeX warning (dest): name{namespace_app_typography_aa29c8c558387b1ed5c038049e
528585ea2cf6efa33d5485440c882c5237cc87fc} has been referenced but does not exis
t, replaced by a fixed one


pdfTeX warning (dest): name{namespace_app_typography_aa29c8c558387b1ed5c038049e
528585eac6568e77f61109390e82d035aaacaef0} has been referenced but does not exis
t, replaced by a fixed one


pdfTeX warning (dest): name{namespace_app_typography_aa29c8c558387b1ed5c038049e
528585ea004bf6c9a40003140292e97330236c53} has been referenced but does not exis
t, replaced by a fixed one


pdfTeX warning (dest): name{namespace_app_typography_aa29c8c558387b1ed5c038049e
528585ea26fccddf2f94b1685b184267996e10f8} has been referenced but does not exis
t, replaced by a fixed one


pdfTeX warning (dest): name{namespace_app_typography_aa29c8c558387b1ed5c038049e
528585ea04b0bee056bf3d988f87c912972bc7a5} has been referenced but does not exis
t, replaced by a fixed one


pdfTeX warning (dest): name{namespace_app_typography_aa29c8c558387b1ed5c038049e
528585eaac101b32dda4448cf13a93fe283dddd8} has been referenced but does not exis
t, replaced by a fixed one


pdfTeX warning (dest): name{namespace_app_typography_aa29c8c558387b1ed5c038049e
528585eab021df6aac4654c454f46c77646e745f} has been referenced but does not exis
t, replaced by a fixed one


pdfTeX warning (dest): name{namespace_app_typography_aa29c8c558387b1ed5c038049e
528585ea272ba7d164aa836995be6319a698be84} has been referenced but does not exis
t, replaced by a fixed one


pdfTeX warning (dest): name{namespace_app_typography_aa29c8c558387b1ed5c038049e
528585eadb1ce45d604c6b1d54c31dbc69bcdb56} has been referenced but does not exis
t, replaced by a fixed one


pdfTeX warning (dest): name{namespace_app_typography_aa29c8c558387b1ed5c038049e
528585e} has been referenced but does not exist, replaced by a fixed one


pdfTeX warning (dest): name{namespace_app_text_scale_a04304b70c0ee9998c5c36f4aa
2c5e4c2} has been referenced but does not exist, replaced by a fixed one


pdfTeX warning (dest): name{namespace_app_text_scale_ab99431b6455f8baffd8aeaff3
dd0c54b} has been referenced but does not exist, replaced by a fixed one


pdfTeX warning (dest): name{namespace_app_text_scale_ad775e53e88e215072a096e932
75d6feb} has been referenced but does not exist, replaced by a fixed one


pdfTeX warning (dest): name{namespace_app_text_scale_abb10302ab8b58188ee0ebdec5
053e13f} has been referenced but does not exist, replaced by a fixed one


pdfTeX warning (dest): name{namespace_app_text_scale_a73e5ae40c3e4fa0a0a688bd07
083dde3} has been referenced but does not exist, replaced by a fixed one


pdfTeX warning (dest): name{namespace_app_text_scale_a648948601194d40e375038760
8640bf9} has been referenced but does not exist, replaced by a fixed one


pdfTeX warning (dest): name{namespace_app_text_scale_a29ee2da74f7cfd18283b2bc29
e44cd07} has been referenced but does not exist, replaced by a fixed one


pdfTeX warning (dest): name{namespace_app_text_scale_a01feb2d6132cdbe0da4069ea0
92cf050} has been referenced but does not exist, replaced by a fixed one


pdfTeX warning (dest): name{namespace_app_text_scale_a7709873d381717abe050597c9
99c4102} has been referenced but does not exist, replaced by a fixed one


pdfTeX warning (dest): name{namespace_app_text_scale_a88be99fda47139c5d05fb165e
d11df7c} has been referenced but does not exist, replaced by a fixed one


pdfTeX warning (dest): name{namespace_app_shortcuts_a1b887ee39dff49f27bc95d081f
4710fb} has been referenced but does not exist, replaced by a fixed one


pdfTeX warning (dest): name{namespace_app_settings_a008c64128471608d1c8876b90de
cc737} has been referenced but does not exist, replaced by a fixed one


pdfTeX warning (dest): name{namespace_app_settings_a5bf47d579b373d8e4c5a3709f83
f2fd0} has been referenced but does not exist, replaced by a fixed one


pdfTeX warning (dest): name{namespace_app_palette_a9e865dd8b27759b8f9466d2cd3b6
a4f6} has been referenced but does not exist, replaced by a fixed one


pdfTeX warning (dest): name{namespace_app_palette_a12cfc3c823f1a7260007ebdb90a4
28ec} has been referenced but does not exist, replaced by a fixed one


pdfTeX warning (dest): name{namespace_app_icon_a234bb405a1754e83e3a8446b22dfd71
e} has been referenced but does not exist, replaced by a fixed one


pdfTeX warning (dest): name{namespace_app_icon_a42a425fc4295383f35b031bfe7a5fc9
f} has been referenced but does not exist, replaced by a fixed one


pdfTeX warning (dest): name{tutorialmanager_8h} has been referenced but does no
t exist, replaced by a fixed one


pdfTeX warning (dest): name{tutorialmanager_8cpp} has been referenced but does 
not exist, replaced by a fixed one


pdfTeX warning (dest): name{grammarview_8h} has been referenced but does not ex
ist, replaced by a fixed one


pdfTeX warning (dest): name{grammarview_8cpp} has been referenced but does not 
exist, replaced by a fixed one


pdfTeX warning (dest): name{customtextedit_8h} has been referenced but does not
 exist, replaced by a fixed one


pdfTeX warning (dest): name{customtextedit_8cpp} has been referenced but does n
ot exist, replaced by a fixed one


pdfTeX warning (dest): name{automatonview_8h} has been referenced but does not 
exist, replaced by a fixed one


pdfTeX warning (dest): name{automatonview_8cpp} has been referenced but does no
t exist, replaced by a fixed one


pdfTeX warning (dest): name{apptypography_8h} has been referenced but does not 
exist, replaced by a fixed one


pdfTeX warning (dest): name{apptextscale_8h} has been referenced but does not e
xist, replaced by a fixed one


pdfTeX warning (dest): name{appshortcuts_8h} has been referenced but does not e
xist, replaced by a fixed one


pdfTeX warning (dest): name{appsettings_8h} has been referenced but does not ex
ist, replaced by a fixed one


pdfTeX warning (dest): name{apppalette_8h} has been referenced but does not exi
st, replaced by a fixed one


pdfTeX warning (dest): name{applayout_8h} has been referenced but does not exis
t, replaced by a fixed one


pdfTeX warning (dest): name{appicon_8h} has been referenced but does not exist,
 replaced by a fixed one


pdfTeX warning (dest): name{appfonts_8h} has been referenced but does not exist
, replaced by a fixed one


pdfTeX warning (dest): name{_unique_queue_8h} has been referenced but does not 
exist, replaced by a fixed one


pdfTeX warning (dest): name{slrwizardpage_8h} has been referenced but does not 
exist, replaced by a fixed one


pdfTeX warning (dest): name{slrwizard_8h} has been referenced but does not exis
t, replaced by a fixed one


pdfTeX warning (dest): name{slrtutorwindow_8h} has been referenced but does not
 exist, replaced by a fixed one


pdfTeX warning (dest): name{slrtutorwindow_8cpp} has been referenced but does n
ot exist, replaced by a fixed one


pdfTeX warning (dest): name{slrtabledialog_8h} has been referenced but does not
 exist, replaced by a fixed one


pdfTeX warning (dest): name{slrtabledialog_8cpp} has been referenced but does n
ot exist, replaced by a fixed one


pdfTeX warning (dest): name{mainwindow_8h} has been referenced but does not exi
st, replaced by a fixed one


pdfTeX warning (dest): name{mainwindow_8cpp} has been referenced but does not e
xist, replaced by a fixed one


pdfTeX warning (dest): name{llwizardpage_8h} has been referenced but does not e
xist, replaced by a fixed one


pdfTeX warning (dest): name{llwizard_8h} has been referenced but does not exist
, replaced by a fixed one


pdfTeX warning (dest): name{lltutorwindow_8h} has been referenced but does not 
exist, replaced by a fixed one


pdfTeX warning (dest): name{lltutorwindow_8cpp} has been referenced but does no
t exist, replaced by a fixed one


pdfTeX warning (dest): name{lltabledialog_8h} has been referenced but does not 
exist, replaced by a fixed one


pdfTeX warning (dest): name{lltabledialog_8cpp} has been referenced but does no
t exist, replaced by a fixed one


pdfTeX warning (dest): name{grammareditordialog_8h} has been referenced but doe
s not exist, replaced by a fixed one


pdfTeX warning (dest): name{grammareditordialog_8cpp} has been referenced but d
oes not exist, replaced by a fixed one


pdfTeX warning (dest): name{examsession_8h} has been referenced but does not ex
ist, replaced by a fixed one


pdfTeX warning (dest): name{examreportdialog_8h} has been referenced but does n
ot exist, replaced by a fixed one


pdfTeX warning (dest): name{examreportdialog_8cpp} has been referenced but does
 not exist, replaced by a fixed one


pdfTeX warning (dest): name{conversationpdf_8h} has been referenced but does no
t exist, replaced by a fixed one


pdfTeX warning (dest): name{automatonviewerdialog_8h} has been referenced but d
oes not exist, replaced by a fixed one


pdfTeX warning (dest): name{automatonviewerdialog_8cpp} has been referenced but
 does not exist, replaced by a fixed one


pdfTeX warning (dest): name{symbol__table_8hpp} has been referenced but does no
t exist, replaced by a fixed one


pdfTeX warning (dest): name{symbol__table_8cpp} has been referenced but does no
t exist, replaced by a fixed one


pdfTeX warning (dest): name{state_8hpp} has been referenced but does not exist,
 replaced by a fixed one


pdfTeX warning (dest): name{slr1__parser_8hpp} has been referenced but does not
 exist, replaced by a fixed one


pdfTeX warning (dest): name{slr1__parser_8cpp} has been referenced but does not
 exist, replaced by a fixed one


pdfTeX warning (dest): name{lr0__item_8hpp} has been referenced but does not ex
ist, replaced by a fixed one


pdfTeX warning (dest): name{lr0__item_8cpp} has been referenced but does not ex
ist, replaced by a fixed one


pdfTeX warning (dest): name{ll1__parser_8hpp} has been referenced but does not 
exist, replaced by a fixed one


pdfTeX warning (dest): name{ll1__parser_8cpp} has been referenced but does not 
exist, replaced by a fixed one


pdfTeX warning (dest): name{grammar__parser_8hpp} has been referenced but does 
not exist, replaced by a fixed one


pdfTeX warning (dest): name{grammar__parser_8cpp} has been referenced but does 
not exist, replaced by a fixed one


pdfTeX warning (dest): name{grammar__factory_8hpp} has been referenced but does
 not exist, replaced by a fixed one


pdfTeX warning (dest): name{grammar__factory_8cpp} has been referenced but does
 not exist, replaced by a fixed one


pdfTeX warning (dest): name{grammar_8hpp} has been referenced but does not exis
t, replaced by a fixed one


pdfTeX warning (dest): name{grammar_8cpp} has been referenced but does not exis
t, replaced by a fixed one


pdfTeX warning (dest): name{main_8cpp} has been referenced but does not exist, 
replaced by a fixed one


pdfTeX warning (dest): name{appversion_8h} has been referenced but does not exi
st, replaced by a fixed one


pdfTeX warning (dest): name{class_unique_queue} has been referenced but does no
t exist, replaced by a fixed one


pdfTeX warning (dest): name{struct_tutorial_step} has been referenced but does 
not exist, replaced by a fixed one


pdfTeX warning (dest): name{class_tutorial_manager} has been referenced but doe
s not exist, replaced by a fixed one


pdfTeX warning (dest): name{struct_l_l_tutor_window_1_1_tree_node} has been ref
erenced but does not exist, replaced by a fixed one


pdfTeX warning (dest): name{struct_app_typography_1_1_token} has been reference
d but does not exist, replaced by a fixed one


pdfTeX warning (dest): name{struct_symbol_table} has been referenced but does n
ot exist, replaced by a fixed one


pdfTeX warning (dest): name{structstate} has been referenced but does not exist
, replaced by a fixed one


pdfTeX warning (dest): name{class_s_l_r_wizard_page} has been referenced but do
es not exist, replaced by a fixed one


pdfTeX warning (dest): name{class_s_l_r_wizard} has been referenced but does no
t exist, replaced by a fixed one


pdfTeX warning (dest): name{class_s_l_r_tutor_window} has been referenced but d
oes not exist, replaced by a fixed one


pdfTeX warning (dest): name{class_s_l_r_table_dialog} has been referenced but d
oes not exist, replaced by a fixed one


pdfTeX warning (dest): name{class_s_l_r1_parser} has been referenced but does n
ot exist, replaced by a fixed one


pdfTeX warning (dest): name{struct_s_l_r1_parser_1_1s__action} has been referen
ced but does not exist, replaced by a fixed one


pdfTeX warning (dest): name{struct_grammar_view_1_1_row} has been referenced bu
t does not exist, replaced by a fixed one


pdfTeX warning (dest): name{struct_conversation_pdf_1_1_message} has been refer
enced but does not exist, replaced by a fixed one


pdfTeX warning (dest): name{class_main_window} has been referenced but does not
 exist, replaced by a fixed one


pdfTeX warning (dest): name{struct_lr0_item} has been referenced but does not e
xist, replaced by a fixed one


pdfTeX warning (dest): name{class_l_l_wizard_page} has been referenced but does
 not exist, replaced by a fixed one


pdfTeX warning (dest): name{class_l_l_wizard} has been referenced but does not 
exist, replaced by a fixed one


pdfTeX warning (dest): name{class_l_l_tutor_window} has been referenced but doe
s not exist, replaced by a fixed one


pdfTeX warning (dest): name{class_l_l_table_dialog} has been referenced but doe
s not exist, replaced by a fixed one


pdfTeX warning (dest): name{class_l_l1_parser} has been referenced but does not
 exist, replaced by a fixed one


pdfTeX warning (dest): name{namespace_app_layout_a2e8c035ca5f53e09369c3b4fc366a
b99} has been referenced but does not exist, replaced by a fixed one


pdfTeX warning (dest): name{class_app_layout_1_1_height_for_width_keeper} has b
een referenced but does not exist, replaced by a fixed one


pdfTeX warning (dest): name{class_grammar_view} has been referenced but does no
t exist, replaced by a fixed one


pdfTeX warning (dest): name{class_grammar_syntax_highlighter} has been referenc
ed but does not exist, replaced by a fixed one


pdfTeX warning (dest): name{struct_grammar_parse_result} has been referenced bu
t does not exist, replaced by a fixed one


pdfTeX warning (dest): name{struct_grammar_parser} has been referenced but does
 not exist, replaced by a fixed one


pdfTeX warning (dest): name{struct_grammar_parse_error} has been referenced but
 does not exist, replaced by a fixed one


pdfTeX warning (dest): name{struct_grammar_factory} has been referenced but doe
s not exist, replaced by a fixed one


pdfTeX warning (dest): name{class_grammar_editor_dialog} has been referenced bu
t does not exist, replaced by a fixed one


pdfTeX warning (dest): name{struct_grammar} has been referenced but does not ex
ist, replaced by a fixed one


pdfTeX warning (dest): name{struct_grammar_factory_1_1_factory_item} has been r
eferenced but does not exist, replaced by a fixed one


pdfTeX warning (dest): name{class_exam_session} has been referenced but does no
t exist, replaced by a fixed one


pdfTeX warning (dest): name{class_exam_report_dialog} has been referenced but d
oes not exist, replaced by a fixed one


pdfTeX warning (dest): name{struct_exam_record} has been referenced but does no
t exist, replaced by a fixed one


pdfTeX warning (dest): name{class_custom_text_edit} has been referenced but doe
s not exist, replaced by a fixed one


pdfTeX warning (dest): name{class_conversation_pdf} has been referenced but doe
s not exist, replaced by a fixed one


pdfTeX warning (dest): name{class_center_align_delegate} has been referenced bu
t does not exist, replaced by a fixed one


pdfTeX warning (dest): name{class_automaton_viewer_dialog} has been referenced 
but does not exist, replaced by a fixed one


pdfTeX warning (dest): name{class_automaton_view} has been referenced but does 
not exist, replaced by a fixed one


pdfTeX warning (dest): name{struct_automaton_transition_info} has been referenc
ed but does not exist, replaced by a fixed one


pdfTeX warning (dest): name{struct_automaton_state_info} has been referenced bu
t does not exist, replaced by a fixed one


pdfTeX warning (dest): name{namespace_syntax_tutor_1_1_version} has been refere
nced but does not exist, replaced by a fixed one


pdfTeX warning (dest): name{namespace_app_typography} has been referenced but d
oes not exist, replaced by a fixed one


pdfTeX warning (dest): name{namespace_app_text_scale} has been referenced but d
oes not exist, replaced by a fixed one


pdfTeX warning (dest): name{namespace_app_shortcuts} has been referenced but do
es not exist, replaced by a fixed one


pdfTeX warning (dest): name{namespace_app_settings} has been referenced but doe
s not exist, replaced by a fixed one


pdfTeX warning (dest): name{namespace_app_palette} has been referenced but does
 not exist, replaced by a fixed one


pdfTeX warning (dest): name{namespace_app_layout} has been referenced but does 
not exist, replaced by a fixed one


pdfTeX warning (dest): name{namespace_app_icon} has been referenced but does no
t exist, replaced by a fixed one


pdfTeX warning (dest): name{namespace_syntax_tutor} has been referenced but doe
s not exist, replaced by a fixed one

</usr/local/texlive/2026/texmf-dist/fonts/type1/public/amsfonts/cm/cmmi10.pfb><
/usr/local/texlive/2026/texmf-dist/fonts/type1/public/amsfonts/cm/cmmi12.pfb></
usr/local/texlive/2026/texmf-dist/fonts/type1/public/amsfonts/cm/cmmi7.pfb></us
r/local/texlive/2026/texmf-dist/fonts/type1/public/amsfonts/cm/cmmi8.pfb></usr/
local/texlive/2026/texmf-dist/fonts/type1/public/amsfonts/cm/cmmi9.pfb></usr/lo
cal/texlive/2026/texmf-dist/fonts/type1/public/amsfonts/cm/cmr10.pfb></usr/loca
l/texlive/2026/texmf-dist/fonts/type1/public/amsfonts/cm/cmr9.pfb></usr/local/t
exlive/2026/texmf-dist/fonts/type1/public/amsfonts/cm/cmsy10.pfb></usr/local/te
xlive/2026/texmf-dist/fonts/type1/public/amsfonts/cm/cmsy7.pfb></usr/local/texl
ive/2026/texmf-dist/fonts/type1/public/amsfonts/cm/cmsy8.pfb></usr/local/texliv
e/2026/texmf-dist/fonts/type1/public/amsfonts/cm/cmsy9.pfb></usr/local/texlive/
2026/texmf-dist/fonts/type1/public/cm-super/sfss1000.pfb></usr/local/texlive/20
26/texmf-dist/fonts/type1/public/cm-super/sftt0800.pfb></usr/local/texlive/2026
/texmf-dist/fonts/type1/urw/courier/ucrb8a.pfb></usr/local/texlive/2026/texmf-d
ist/fonts/type1/urw/courier/ucrr8a.pfb></usr/local/texlive/2026/texmf-dist/font
s/type1/urw/courier/ucrro8a.pfb></usr/local/texlive/2026/texmf-dist/fonts/type1
/urw/helvetic/uhvb8a.pfb></usr/local/texlive/2026/texmf-dist/fonts/type1/urw/he
lvetic/uhvb8ac.pfb></usr/local/texlive/2026/texmf-dist/fonts/type1/urw/helvetic
/uhvr8a.pfb></usr/local/texlive/2026/texmf-dist/fonts/type1/urw/helvetic/uhvro8
a.pfb>
Output written on refman.pdf (341 pages, 4463841 bytes).
PDF statistics:
 16161 PDF objects out of 18468 (max. 8388607)
 12533 compressed objects within 126 object streams
 2733 named destinations out of 2984 (max. 500000)
 9669 words of extra memory for PDF output out of 10000 (max. 10000000)

