\BOOKMARK [0][-]{chapter.1}{\376\377\000S\000y\000n\000t\000a\000x\000T\000u\000t\000o\000r\000\040}{}% 1
\BOOKMARK [1][-]{section.1.1}{\376\377\000S\000y\000n\000t\000a\000x\000T\000u\000t\000o\000r\000:\000\040\000A\000n\000\040\000I\000n\000t\000e\000r\000a\000c\000t\000i\000v\000e\000\040\000T\000o\000o\000l\000\040\000f\000o\000r\000\040\000L\000e\000a\000r\000n\000i\000n\000g\000\040\000S\000y\000n\000t\000a\000x\000\040\000A\000n\000a\000l\000y\000s\000i\000s}{chapter.1}% 2
\BOOKMARK [2][-]{subsection.1.1.1}{\376\377\330\074\337\223\000\040\000A\000b\000o\000u\000t\000\040\000t\000h\000e\000\040\000P\000r\000o\000j\000e\000c\000t}{section.1.1}% 3
\BOOKMARK [2][-]{subsection.1.1.2}{\376\377\330\074\337\257\000\040\000K\000e\000y\000\040\000F\000e\000a\000t\000u\000r\000e\000s}{section.1.1}% 4
\BOOKMARK [2][-]{subsection.1.1.3}{\376\377\330\075\334\326\000\040\000U\000s\000e\000r\000\040\000M\000a\000n\000u\000a\000l}{section.1.1}% 5
\BOOKMARK [2][-]{subsection.1.1.4}{\376\377\330\075\335\274\376\017\000\040\000I\000n\000t\000e\000r\000f\000a\000c\000e\000\040\000S\000c\000r\000e\000e\000n\000s\000h\000o\000t\000s}{section.1.1}% 6
\BOOKMARK [3][-]{subsubsection.1.1.4.1}{\376\377\330\074\337\340\000\040\000H\000o\000m\000e}{subsection.1.1.4}% 7
\BOOKMARK [3][-]{subsubsection.1.1.4.2}{\376\377\330\075\334\330\000\040\000L\000L\000\050\0001\000\051\000\040\000T\000u\000t\000o\000r}{subsection.1.1.4}% 8
\BOOKMARK [3][-]{subsubsection.1.1.4.3}{\376\377\330\076\335\340\000\040\000S\000L\000R\000\050\0001\000\051\000\040\000T\000u\000t\000o\000r}{subsection.1.1.4}% 9
\BOOKMARK [3][-]{subsubsection.1.1.4.4}{\376\377\047\015\376\017\000\040\000Y\000o\000u\000r\000\040\000O\000w\000n\000\040\000G\000r\000a\000m\000m\000a\000r}{subsection.1.1.4}% 10
\BOOKMARK [3][-]{subsubsection.1.1.4.5}{\376\377\330\075\334\335\000\040\000E\000x\000a\000m\000\040\000M\000o\000d\000e}{subsection.1.1.4}% 11
\BOOKMARK [2][-]{subsection.1.1.5}{\376\377\330\075\336\340\376\017\000\040\000T\000e\000c\000h\000n\000o\000l\000o\000g\000i\000e\000s\000\040\000U\000s\000e\000d}{section.1.1}% 12
\BOOKMARK [2][-]{subsection.1.1.6}{\376\377\330\075\334\346\000\040\000D\000o\000w\000n\000l\000o\000a\000d\000s}{section.1.1}% 13
\BOOKMARK [2][-]{subsection.1.1.7}{\376\377\330\075\336\340\376\017\000\040\000B\000u\000i\000l\000d\000i\000n\000g\000\040\000f\000r\000o\000m\000\040\000S\000o\000u\000r\000c\000e}{section.1.1}% 14
\BOOKMARK [3][-]{subsubsection.1.1.7.1}{\376\377\330\075\334\332\000\040\000D\000o\000c\000u\000m\000e\000n\000t\000a\000t\000i\000o\000n}{subsection.1.1.7}% 15
\BOOKMARK [0][-]{chapter.2}{\376\377\000D\000i\000r\000e\000c\000t\000o\000r\000y\000\040\000H\000i\000e\000r\000a\000r\000c\000h\000y}{}% 16
\BOOKMARK [1][-]{section.2.1}{\376\377\000D\000i\000r\000e\000c\000t\000o\000r\000i\000e\000s}{chapter.2}% 17
\BOOKMARK [0][-]{chapter.3}{\376\377\000N\000a\000m\000e\000s\000p\000a\000c\000e\000\040\000I\000n\000d\000e\000x}{}% 18
\BOOKMARK [1][-]{section.3.1}{\376\377\000N\000a\000m\000e\000s\000p\000a\000c\000e\000\040\000L\000i\000s\000t}{chapter.3}% 19
\BOOKMARK [0][-]{chapter.4}{\376\377\000H\000i\000e\000r\000a\000r\000c\000h\000i\000c\000a\000l\000\040\000I\000n\000d\000e\000x}{}% 20
\BOOKMARK [1][-]{section.4.1}{\376\377\000C\000l\000a\000s\000s\000\040\000H\000i\000e\000r\000a\000r\000c\000h\000y}{chapter.4}% 21
\BOOKMARK [0][-]{chapter.5}{\376\377\000C\000l\000a\000s\000s\000\040\000I\000n\000d\000e\000x}{}% 22
\BOOKMARK [1][-]{section.5.1}{\376\377\000C\000l\000a\000s\000s\000\040\000L\000i\000s\000t}{chapter.5}% 23
\BOOKMARK [0][-]{chapter.6}{\376\377\000F\000i\000l\000e\000\040\000I\000n\000d\000e\000x}{}% 24
\BOOKMARK [1][-]{section.6.1}{\376\377\000F\000i\000l\000e\000\040\000L\000i\000s\000t}{chapter.6}% 25
\BOOKMARK [0][-]{chapter.7}{\376\377\000D\000i\000r\000e\000c\000t\000o\000r\000y\000\040\000D\000o\000c\000u\000m\000e\000n\000t\000a\000t\000i\000o\000n}{}% 26
\BOOKMARK [1][-]{section.7.1}{\376\377\000a\000p\000p\000\040\000D\000i\000r\000e\000c\000t\000o\000r\000y\000\040\000R\000e\000f\000e\000r\000e\000n\000c\000e}{chapter.7}% 27
\BOOKMARK [1][-]{section.7.2}{\376\377\000b\000a\000c\000k\000e\000n\000d\000\040\000D\000i\000r\000e\000c\000t\000o\000r\000y\000\040\000R\000e\000f\000e\000r\000e\000n\000c\000e}{chapter.7}% 28
\BOOKMARK [1][-]{section.7.3}{\376\377\000g\000u\000i\000\040\000D\000i\000r\000e\000c\000t\000o\000r\000y\000\040\000R\000e\000f\000e\000r\000e\000n\000c\000e}{chapter.7}% 29
\BOOKMARK [1][-]{section.7.4}{\376\377\000w\000i\000d\000g\000e\000t\000s\000\040\000D\000i\000r\000e\000c\000t\000o\000r\000y\000\040\000R\000e\000f\000e\000r\000e\000n\000c\000e}{chapter.7}% 30
\BOOKMARK [0][-]{chapter.8}{\376\377\000N\000a\000m\000e\000s\000p\000a\000c\000e\000\040\000D\000o\000c\000u\000m\000e\000n\000t\000a\000t\000i\000o\000n}{}% 31
\BOOKMARK [1][-]{section.8.1}{\376\377\000A\000p\000p\000I\000c\000o\000n\000\040\000N\000a\000m\000e\000s\000p\000a\000c\000e\000\040\000R\000e\000f\000e\000r\000e\000n\000c\000e}{chapter.8}% 32
\BOOKMARK [2][-]{subsection.8.1.1}{\376\377\000F\000u\000n\000c\000t\000i\000o\000n\000\040\000D\000o\000c\000u\000m\000e\000n\000t\000a\000t\000i\000o\000n}{section.8.1}% 33
\BOOKMARK [3][-]{subsubsection.8.1.1.1}{\376\377\000i\000c\000o\000n\000\050\000\051}{subsection.8.1.1}% 34
\BOOKMARK [2][-]{subsection.8.1.2}{\376\377\000V\000a\000r\000i\000a\000b\000l\000e\000\040\000D\000o\000c\000u\000m\000e\000n\000t\000a\000t\000i\000o\000n}{section.8.1}% 35
\BOOKMARK [3][-]{subsubsection.8.1.2.1}{\376\377\000k\000S\000i\000z\000e\000s}{subsection.8.1.2}% 36
\BOOKMARK [1][-]{section.8.2}{\376\377\000A\000p\000p\000L\000a\000y\000o\000u\000t\000\040\000N\000a\000m\000e\000s\000p\000a\000c\000e\000\040\000R\000e\000f\000e\000r\000e\000n\000c\000e}{chapter.8}% 37
\BOOKMARK [2][-]{subsection.8.2.1}{\376\377\000D\000e\000t\000a\000i\000l\000e\000d\000\040\000D\000e\000s\000c\000r\000i\000p\000t\000i\000o\000n}{section.8.2}% 38
\BOOKMARK [2][-]{subsection.8.2.2}{\376\377\000F\000u\000n\000c\000t\000i\000o\000n\000\040\000D\000o\000c\000u\000m\000e\000n\000t\000a\000t\000i\000o\000n}{section.8.2}% 39
\BOOKMARK [3][-]{subsubsection.8.2.2.1}{\376\377\000k\000e\000e\000p\000H\000e\000i\000g\000h\000t\000F\000o\000r\000W\000i\000d\000t\000h\000\050\000\051}{subsection.8.2.2}% 40
\BOOKMARK [1][-]{section.8.3}{\376\377\000A\000p\000p\000P\000a\000l\000e\000t\000t\000e\000\040\000N\000a\000m\000e\000s\000p\000a\000c\000e\000\040\000R\000e\000f\000e\000r\000e\000n\000c\000e}{chapter.8}% 41
\BOOKMARK [2][-]{subsection.8.3.1}{\376\377\000F\000u\000n\000c\000t\000i\000o\000n\000\040\000D\000o\000c\000u\000m\000e\000n\000t\000a\000t\000i\000o\000n}{section.8.3}% 42
\BOOKMARK [3][-]{subsubsection.8.3.1.1}{\376\377\000a\000p\000p\000l\000y\000\050\000\051}{subsection.8.3.1}% 43
\BOOKMARK [3][-]{subsubsection.8.3.1.2}{\376\377\000l\000i\000n\000k\000C\000o\000l\000o\000r\000\050\000\051}{subsection.8.3.1}% 44
\BOOKMARK [1][-]{section.8.4}{\376\377\000A\000p\000p\000S\000e\000t\000t\000i\000n\000g\000s\000\040\000N\000a\000m\000e\000s\000p\000a\000c\000e\000\040\000R\000e\000f\000e\000r\000e\000n\000c\000e}{chapter.8}% 45
\BOOKMARK [2][-]{subsection.8.4.1}{\376\377\000D\000e\000t\000a\000i\000l\000e\000d\000\040\000D\000e\000s\000c\000r\000i\000p\000t\000i\000o\000n}{section.8.4}% 46
\BOOKMARK [2][-]{subsection.8.4.2}{\376\377\000F\000u\000n\000c\000t\000i\000o\000n\000\040\000D\000o\000c\000u\000m\000e\000n\000t\000a\000t\000i\000o\000n}{section.8.4}% 47
\BOOKMARK [3][-]{subsubsection.8.4.2.1}{\376\377\000o\000p\000e\000n\000\050\000\051}{subsection.8.4.2}% 48
\BOOKMARK [3][-]{subsubsection.8.4.2.2}{\376\377\000r\000e\000g\000i\000s\000t\000e\000r\000I\000d\000e\000n\000t\000i\000t\000y\000\050\000\051}{subsection.8.4.2}% 49
\BOOKMARK [1][-]{section.8.5}{\376\377\000A\000p\000p\000S\000h\000o\000r\000t\000c\000u\000t\000s\000\040\000N\000a\000m\000e\000s\000p\000a\000c\000e\000\040\000R\000e\000f\000e\000r\000e\000n\000c\000e}{chapter.8}% 50
\BOOKMARK [2][-]{subsection.8.5.1}{\376\377\000F\000u\000n\000c\000t\000i\000o\000n\000\040\000D\000o\000c\000u\000m\000e\000n\000t\000a\000t\000i\000o\000n}{section.8.5}% 51
\BOOKMARK [3][-]{subsubsection.8.5.1.1}{\376\377\000p\000r\000i\000m\000a\000r\000y\000M\000o\000d\000i\000f\000i\000e\000r\000N\000a\000m\000e\000\050\000\051}{subsection.8.5.1}% 52
\BOOKMARK [1][-]{section.8.6}{\376\377\000A\000p\000p\000T\000e\000x\000t\000S\000c\000a\000l\000e\000\040\000N\000a\000m\000e\000s\000p\000a\000c\000e\000\040\000R\000e\000f\000e\000r\000e\000n\000c\000e}{chapter.8}% 53
\BOOKMARK [2][-]{subsection.8.6.1}{\376\377\000D\000e\000t\000a\000i\000l\000e\000d\000\040\000D\000e\000s\000c\000r\000i\000p\000t\000i\000o\000n}{section.8.6}% 54
\BOOKMARK [2][-]{subsection.8.6.2}{\376\377\000F\000u\000n\000c\000t\000i\000o\000n\000\040\000D\000o\000c\000u\000m\000e\000n\000t\000a\000t\000i\000o\000n}{section.8.6}% 55
\BOOKMARK [3][-]{subsubsection.8.6.2.1}{\376\377\000c\000l\000a\000m\000p\000P\000e\000r\000c\000e\000n\000t\000\050\000\051}{subsection.8.6.2}% 56
\BOOKMARK [3][-]{subsubsection.8.6.2.2}{\376\377\000c\000u\000r\000r\000e\000n\000t\000P\000e\000r\000c\000e\000n\000t\000\050\000\051}{subsection.8.6.2}% 57
\BOOKMARK [3][-]{subsubsection.8.6.2.3}{\376\377\000f\000a\000c\000t\000o\000r\000\050\000\051}{subsection.8.6.2}% 58
\BOOKMARK [3][-]{subsubsection.8.6.2.4}{\376\377\000l\000e\000g\000a\000c\000y\000S\000e\000t\000t\000i\000n\000g\000s\000K\000e\000y\000\050\000\051}{subsection.8.6.2}% 59
\BOOKMARK [3][-]{subsubsection.8.6.2.5}{\376\377\000p\000e\000r\000c\000e\000n\000t\000F\000r\000o\000m\000L\000e\000g\000a\000c\000y\000V\000a\000l\000u\000e\000\050\000\051}{subsection.8.6.2}% 60
\BOOKMARK [3][-]{subsubsection.8.6.2.6}{\376\377\000s\000e\000t\000t\000i\000n\000g\000s\000K\000e\000y\000\050\000\051}{subsection.8.6.2}% 61
\BOOKMARK [2][-]{subsection.8.6.3}{\376\377\000V\000a\000r\000i\000a\000b\000l\000e\000\040\000D\000o\000c\000u\000m\000e\000n\000t\000a\000t\000i\000o\000n}{section.8.6}% 62
\BOOKMARK [3][-]{subsubsection.8.6.3.1}{\376\377\000k\000D\000e\000f\000a\000u\000l\000t\000P\000e\000r\000c\000e\000n\000t}{subsection.8.6.3}% 63
\BOOKMARK [3][-]{subsubsection.8.6.3.2}{\376\377\000k\000M\000a\000x\000P\000e\000r\000c\000e\000n\000t}{subsection.8.6.3}% 64
\BOOKMARK [3][-]{subsubsection.8.6.3.3}{\376\377\000k\000M\000i\000n\000P\000e\000r\000c\000e\000n\000t}{subsection.8.6.3}% 65
\BOOKMARK [3][-]{subsubsection.8.6.3.4}{\376\377\000k\000P\000r\000e\000s\000e\000t\000P\000e\000r\000c\000e\000n\000t\000s}{subsection.8.6.3}% 66
\BOOKMARK [1][-]{section.8.7}{\376\377\000A\000p\000p\000T\000y\000p\000o\000g\000r\000a\000p\000h\000y\000\040\000N\000a\000m\000e\000s\000p\000a\000c\000e\000\040\000R\000e\000f\000e\000r\000e\000n\000c\000e}{chapter.8}% 67
\BOOKMARK [2][-]{subsection.8.7.1}{\376\377\000D\000e\000t\000a\000i\000l\000e\000d\000\040\000D\000e\000s\000c\000r\000i\000p\000t\000i\000o\000n}{section.8.7}% 68
\BOOKMARK [2][-]{subsection.8.7.2}{\376\377\000E\000n\000u\000m\000e\000r\000a\000t\000i\000o\000n\000\040\000T\000y\000p\000e\000\040\000D\000o\000c\000u\000m\000e\000n\000t\000a\000t\000i\000o\000n}{section.8.7}% 69
\BOOKMARK [3][-]{subsubsection.8.7.2.1}{\376\377\000R\000o\000l\000e}{subsection.8.7.2}% 70
\BOOKMARK [2][-]{subsection.8.7.3}{\376\377\000F\000u\000n\000c\000t\000i\000o\000n\000\040\000D\000o\000c\000u\000m\000e\000n\000t\000a\000t\000i\000o\000n}{section.8.7}% 71
\BOOKMARK [3][-]{subsubsection.8.7.3.1}{\376\377\000a\000p\000p\000l\000i\000c\000a\000t\000i\000o\000n\000F\000o\000n\000t\000\050\000\051}{subsection.8.7.3}% 72
\BOOKMARK [3][-]{subsubsection.8.7.3.2}{\376\377\000b\000a\000s\000e\000P\000o\000i\000n\000t\000s\000\050\000\051}{subsection.8.7.3}% 73
\BOOKMARK [3][-]{subsubsection.8.7.3.3}{\376\377\000c\000s\000s\000S\000i\000z\000e\000\050\000\051}{subsection.8.7.3}% 74
\BOOKMARK [3][-]{subsubsection.8.7.3.4}{\376\377\000f\000o\000n\000t\000\050\000\051}{subsection.8.7.3}% 75
\BOOKMARK [3][-]{subsubsection.8.7.3.5}{\376\377\000f\000o\000r\000m\000a\000t\000P\000o\000i\000n\000t\000s\000\050\000\051}{subsection.8.7.3}% 76
\BOOKMARK [3][-]{subsubsection.8.7.3.6}{\376\377\000l\000e\000n\000g\000t\000h\000F\000o\000r\000T\000e\000x\000t\000\050\000\051}{subsection.8.7.3}% 77
\BOOKMARK [3][-]{subsubsection.8.7.3.7}{\376\377\000l\000o\000a\000d\000S\000t\000y\000l\000e\000S\000h\000e\000e\000t\000\050\000\051}{subsection.8.7.3}% 78
\BOOKMARK [3][-]{subsubsection.8.7.3.8}{\376\377\000p\000o\000i\000n\000t\000s\000\050\000\051}{subsection.8.7.3}% 79
\BOOKMARK [3][-]{subsubsection.8.7.3.9}{\376\377\000r\000e\000s\000o\000l\000v\000e\000S\000t\000y\000l\000e\000S\000h\000e\000e\000t\000\050\000\051}{subsection.8.7.3}% 80
\BOOKMARK [3][-]{subsubsection.8.7.3.10}{\376\377\000s\000y\000s\000t\000e\000m\000F\000o\000n\000t\000\050\000\051}{subsection.8.7.3}% 81
\BOOKMARK [2][-]{subsection.8.7.4}{\376\377\000V\000a\000r\000i\000a\000b\000l\000e\000\040\000D\000o\000c\000u\000m\000e\000n\000t\000a\000t\000i\000o\000n}{section.8.7}% 82
\BOOKMARK [3][-]{subsubsection.8.7.4.1}{\376\377\000k\000T\000o\000k\000e\000n\000s}{subsection.8.7.4}% 83
\BOOKMARK [1][-]{section.8.8}{\376\377\000S\000y\000n\000t\000a\000x\000T\000u\000t\000o\000r\000\040\000N\000a\000m\000e\000s\000p\000a\000c\000e\000\040\000R\000e\000f\000e\000r\000e\000n\000c\000e}{chapter.8}% 84
\BOOKMARK [1][-]{section.8.9}{\376\377\000S\000y\000n\000t\000a\000x\000T\000u\000t\000o\000r\000:\000:\000V\000e\000r\000s\000i\000o\000n\000\040\000N\000a\000m\000e\000s\000p\000a\000c\000e\000\040\000R\000e\000f\000e\000r\000e\000n\000c\000e}{chapter.8}% 85
\BOOKMARK [2][-]{subsection.8.9.1}{\376\377\000F\000u\000n\000c\000t\000i\000o\000n\000\040\000D\000o\000c\000u\000m\000e\000n\000t\000a\000t\000i\000o\000n}{section.8.9}% 86
\BOOKMARK [3][-]{subsubsection.8.9.1.1}{\376\377\000c\000u\000r\000r\000e\000n\000t\000\050\000\051}{subsection.8.9.1}% 87
\BOOKMARK [3][-]{subsubsection.8.9.1.2}{\376\377\000r\000a\000w\000\050\000\051}{subsection.8.9.1}% 88
\BOOKMARK [0][-]{chapter.9}{\376\377\000C\000l\000a\000s\000s\000\040\000D\000o\000c\000u\000m\000e\000n\000t\000a\000t\000i\000o\000n}{}% 89
\BOOKMARK [1][-]{section.9.1}{\376\377\000A\000u\000t\000o\000m\000a\000t\000o\000n\000S\000t\000a\000t\000e\000I\000n\000f\000o\000\040\000S\000t\000r\000u\000c\000t\000\040\000R\000e\000f\000e\000r\000e\000n\000c\000e}{chapter.9}% 90
\BOOKMARK [2][-]{subsection.9.1.1}{\376\377\000D\000e\000t\000a\000i\000l\000e\000d\000\040\000D\000e\000s\000c\000r\000i\000p\000t\000i\000o\000n}{section.9.1}% 91
\BOOKMARK [2][-]{subsection.9.1.2}{\376\377\000M\000e\000m\000b\000e\000r\000\040\000D\000a\000t\000a\000\040\000D\000o\000c\000u\000m\000e\000n\000t\000a\000t\000i\000o\000n}{section.9.1}% 92
\BOOKMARK [3][-]{subsubsection.9.1.2.1}{\376\377\000i\000d}{subsection.9.1.2}% 93
\BOOKMARK [3][-]{subsubsection.9.1.2.2}{\376\377\000i\000t\000e\000m\000s\000T\000e\000x\000t}{subsection.9.1.2}% 94
\BOOKMARK [1][-]{section.9.2}{\376\377\000A\000u\000t\000o\000m\000a\000t\000o\000n\000T\000r\000a\000n\000s\000i\000t\000i\000o\000n\000I\000n\000f\000o\000\040\000S\000t\000r\000u\000c\000t\000\040\000R\000e\000f\000e\000r\000e\000n\000c\000e}{chapter.9}% 95
\BOOKMARK [2][-]{subsection.9.2.1}{\376\377\000D\000e\000t\000a\000i\000l\000e\000d\000\040\000D\000e\000s\000c\000r\000i\000p\000t\000i\000o\000n}{section.9.2}% 96
\BOOKMARK [2][-]{subsection.9.2.2}{\376\377\000M\000e\000m\000b\000e\000r\000\040\000D\000a\000t\000a\000\040\000D\000o\000c\000u\000m\000e\000n\000t\000a\000t\000i\000o\000n}{section.9.2}% 97
\BOOKMARK [3][-]{subsubsection.9.2.2.1}{\376\377\000f\000r\000o\000m}{subsection.9.2.2}% 98
\BOOKMARK [3][-]{subsubsection.9.2.2.2}{\376\377\000s\000y\000m\000b\000o\000l}{subsection.9.2.2}% 99
\BOOKMARK [3][-]{subsubsection.9.2.2.3}{\376\377\000t\000o}{subsection.9.2.2}% 100
\BOOKMARK [1][-]{section.9.3}{\376\377\000A\000u\000t\000o\000m\000a\000t\000o\000n\000V\000i\000e\000w\000\040\000C\000l\000a\000s\000s\000\040\000R\000e\000f\000e\000r\000e\000n\000c\000e}{chapter.9}% 101
\BOOKMARK [2][-]{subsection.9.3.1}{\376\377\000D\000e\000t\000a\000i\000l\000e\000d\000\040\000D\000e\000s\000c\000r\000i\000p\000t\000i\000o\000n}{section.9.3}% 102
\BOOKMARK [2][-]{subsection.9.3.2}{\376\377\000C\000o\000n\000s\000t\000r\000u\000c\000t\000o\000r\000\040\000\046\000\040\000D\000e\000s\000t\000r\000u\000c\000t\000o\000r\000\040\000D\000o\000c\000u\000m\000e\000n\000t\000a\000t\000i\000o\000n}{section.9.3}% 103
\BOOKMARK [3][-]{subsubsection.9.3.2.1}{\376\377\000A\000u\000t\000o\000m\000a\000t\000o\000n\000V\000i\000e\000w\000\050\000\051}{subsection.9.3.2}% 104
\BOOKMARK [2][-]{subsection.9.3.3}{\376\377\000M\000e\000m\000b\000e\000r\000\040\000F\000u\000n\000c\000t\000i\000o\000n\000\040\000D\000o\000c\000u\000m\000e\000n\000t\000a\000t\000i\000o\000n}{section.9.3}% 105
\BOOKMARK [3][-]{subsubsection.9.3.3.1}{\376\377\000c\000e\000n\000t\000e\000r\000O\000n\000C\000u\000r\000r\000e\000n\000t\000S\000t\000a\000t\000e\000\050\000\051}{subsection.9.3.3}% 106
\BOOKMARK [3][-]{subsubsection.9.3.3.2}{\376\377\000c\000l\000e\000a\000r\000S\000t\000a\000t\000e\000M\000a\000r\000k\000s\000\050\000\051}{subsection.9.3.3}% 107
\BOOKMARK [3][-]{subsubsection.9.3.3.3}{\376\377\000c\000o\000n\000f\000l\000i\000c\000t\000S\000t\000a\000t\000e\000s\000\050\000\051}{subsection.9.3.3}% 108
\BOOKMARK [3][-]{subsubsection.9.3.3.4}{\376\377\000c\000u\000r\000r\000e\000n\000t\000S\000t\000a\000t\000e\000I\000d\000\050\000\051}{subsection.9.3.3}% 109
\BOOKMARK [3][-]{subsubsection.9.3.3.5}{\376\377\000f\000i\000t\000T\000o\000V\000i\000e\000w\000\050\000\051}{subsection.9.3.3}% 110
\BOOKMARK [3][-]{subsubsection.9.3.3.6}{\376\377\000h\000i\000d\000e\000S\000t\000a\000t\000e\000D\000e\000t\000a\000i\000l\000s\000\050\000\051}{subsection.9.3.3}% 111
\BOOKMARK [3][-]{subsubsection.9.3.3.7}{\376\377\000i\000s\000F\000u\000l\000l\000y\000R\000e\000v\000e\000a\000l\000e\000d\000\050\000\051}{subsection.9.3.3}% 112
\BOOKMARK [3][-]{subsubsection.9.3.3.8}{\376\377\000i\000s\000S\000t\000a\000t\000e\000V\000i\000s\000i\000b\000l\000e\000\050\000\051}{subsection.9.3.3}% 113
\BOOKMARK [3][-]{subsubsection.9.3.3.9}{\376\377\000k\000e\000y\000P\000r\000e\000s\000s\000E\000v\000e\000n\000t\000\050\000\051}{subsection.9.3.3}% 114
\BOOKMARK [3][-]{subsubsection.9.3.3.10}{\376\377\000m\000o\000u\000s\000e\000P\000r\000e\000s\000s\000E\000v\000e\000n\000t\000\050\000\051}{subsection.9.3.3}% 115
\BOOKMARK [3][-]{subsubsection.9.3.3.11}{\376\377\000m\000o\000u\000s\000e\000R\000e\000l\000e\000a\000s\000e\000E\000v\000e\000n\000t\000\050\000\051}{subsection.9.3.3}% 116
\BOOKMARK [3][-]{subsubsection.9.3.3.12}{\376\377\000r\000e\000d\000u\000c\000e\000S\000t\000a\000t\000e\000s\000\050\000\051}{subsection.9.3.3}% 117
\BOOKMARK [3][-]{subsubsection.9.3.3.13}{\376\377\000r\000e\000v\000e\000a\000l\000A\000l\000l\000\050\000\051}{subsection.9.3.3}% 118
\BOOKMARK [3][-]{subsubsection.9.3.3.14}{\376\377\000r\000e\000v\000e\000a\000l\000S\000t\000a\000t\000e\000\050\000\051}{subsection.9.3.3}% 119
\BOOKMARK [3][-]{subsubsection.9.3.3.15}{\376\377\000r\000e\000v\000e\000a\000l\000T\000r\000a\000n\000s\000i\000t\000i\000o\000n\000\050\000\051}{subsection.9.3.3}% 120
\BOOKMARK [3][-]{subsubsection.9.3.3.16}{\376\377\000s\000e\000t\000A\000u\000t\000o\000m\000a\000t\000o\000n\000\050\000\051}{subsection.9.3.3}% 121
\BOOKMARK [3][-]{subsubsection.9.3.3.17}{\376\377\000s\000e\000t\000C\000o\000n\000f\000l\000i\000c\000t\000S\000t\000a\000t\000e\000s\000\050\000\051}{subsection.9.3.3}% 122
\BOOKMARK [3][-]{subsubsection.9.3.3.18}{\376\377\000s\000e\000t\000C\000u\000r\000r\000e\000n\000t\000S\000t\000a\000t\000e\000\050\000\051}{subsection.9.3.3}% 123
\BOOKMARK [3][-]{subsubsection.9.3.3.19}{\376\377\000s\000e\000t\000R\000e\000d\000u\000c\000e\000S\000t\000a\000t\000e\000s\000\050\000\051}{subsection.9.3.3}% 124
\BOOKMARK [3][-]{subsubsection.9.3.3.20}{\376\377\000s\000h\000o\000w\000n\000S\000t\000a\000t\000e\000I\000d\000\050\000\051}{subsection.9.3.3}% 125
\BOOKMARK [3][-]{subsubsection.9.3.3.21}{\376\377\000s\000h\000o\000w\000S\000t\000a\000t\000e\000D\000e\000t\000a\000i\000l\000s\000\050\000\051}{subsection.9.3.3}% 126
\BOOKMARK [3][-]{subsubsection.9.3.3.22}{\376\377\000t\000o\000t\000a\000l\000S\000t\000a\000t\000e\000C\000o\000u\000n\000t\000\050\000\051}{subsection.9.3.3}% 127
\BOOKMARK [3][-]{subsubsection.9.3.3.23}{\376\377\000v\000i\000s\000i\000b\000l\000e\000S\000t\000a\000t\000e\000C\000o\000u\000n\000t\000\050\000\051}{subsection.9.3.3}% 128
\BOOKMARK [3][-]{subsubsection.9.3.3.24}{\376\377\000v\000i\000s\000i\000b\000l\000e\000T\000r\000a\000n\000s\000i\000t\000i\000o\000n\000C\000o\000u\000n\000t\000\050\000\051}{subsection.9.3.3}% 129
\BOOKMARK [3][-]{subsubsection.9.3.3.25}{\376\377\000w\000h\000e\000e\000l\000E\000v\000e\000n\000t\000\050\000\051}{subsection.9.3.3}% 130
\BOOKMARK [3][-]{subsubsection.9.3.3.26}{\376\377\000z\000o\000o\000m\000I\000n\000\050\000\051}{subsection.9.3.3}% 131
\BOOKMARK [3][-]{subsubsection.9.3.3.27}{\376\377\000z\000o\000o\000m\000O\000u\000t\000\050\000\051}{subsection.9.3.3}% 132
\BOOKMARK [1][-]{section.9.4}{\376\377\000A\000u\000t\000o\000m\000a\000t\000o\000n\000V\000i\000e\000w\000e\000r\000D\000i\000a\000l\000o\000g\000\040\000C\000l\000a\000s\000s\000\040\000R\000e\000f\000e\000r\000e\000n\000c\000e}{chapter.9}% 133
\BOOKMARK [2][-]{subsection.9.4.1}{\376\377\000D\000e\000t\000a\000i\000l\000e\000d\000\040\000D\000e\000s\000c\000r\000i\000p\000t\000i\000o\000n}{section.9.4}% 134
\BOOKMARK [2][-]{subsection.9.4.2}{\376\377\000C\000o\000n\000s\000t\000r\000u\000c\000t\000o\000r\000\040\000\046\000\040\000D\000e\000s\000t\000r\000u\000c\000t\000o\000r\000\040\000D\000o\000c\000u\000m\000e\000n\000t\000a\000t\000i\000o\000n}{section.9.4}% 135
\BOOKMARK [3][-]{subsubsection.9.4.2.1}{\376\377\000A\000u\000t\000o\000m\000a\000t\000o\000n\000V\000i\000e\000w\000e\000r\000D\000i\000a\000l\000o\000g\000\050\000\051}{subsection.9.4.2}% 136
\BOOKMARK [3][-]{subsubsection.9.4.2.2}{\376\377\000~\000A\000u\000t\000o\000m\000a\000t\000o\000n\000V\000i\000e\000w\000e\000r\000D\000i\000a\000l\000o\000g\000\050\000\051}{subsection.9.4.2}% 137
\BOOKMARK [1][-]{section.9.5}{\376\377\000C\000e\000n\000t\000e\000r\000A\000l\000i\000g\000n\000D\000e\000l\000e\000g\000a\000t\000e\000\040\000C\000l\000a\000s\000s\000\040\000R\000e\000f\000e\000r\000e\000n\000c\000e}{chapter.9}% 138
\BOOKMARK [2][-]{subsection.9.5.1}{\376\377\000M\000e\000m\000b\000e\000r\000\040\000F\000u\000n\000c\000t\000i\000o\000n\000\040\000D\000o\000c\000u\000m\000e\000n\000t\000a\000t\000i\000o\000n}{section.9.5}% 139
\BOOKMARK [3][-]{subsubsection.9.5.1.1}{\376\377\000i\000n\000i\000t\000S\000t\000y\000l\000e\000O\000p\000t\000i\000o\000n\000\050\000\051\000\040\000[\0001\000/\0002\000]}{subsection.9.5.1}% 140
\BOOKMARK [3][-]{subsubsection.9.5.1.2}{\376\377\000i\000n\000i\000t\000S\000t\000y\000l\000e\000O\000p\000t\000i\000o\000n\000\050\000\051\000\040\000[\0002\000/\0002\000]}{subsection.9.5.1}% 141
\BOOKMARK [1][-]{section.9.6}{\376\377\000C\000o\000n\000v\000e\000r\000s\000a\000t\000i\000o\000n\000P\000d\000f\000\040\000C\000l\000a\000s\000s\000\040\000R\000e\000f\000e\000r\000e\000n\000c\000e}{chapter.9}% 142
\BOOKMARK [2][-]{subsection.9.6.1}{\376\377\000D\000e\000t\000a\000i\000l\000e\000d\000\040\000D\000e\000s\000c\000r\000i\000p\000t\000i\000o\000n}{section.9.6}% 143
\BOOKMARK [2][-]{subsection.9.6.2}{\376\377\000M\000e\000m\000b\000e\000r\000\040\000T\000y\000p\000e\000d\000e\000f\000\040\000D\000o\000c\000u\000m\000e\000n\000t\000a\000t\000i\000o\000n}{section.9.6}% 144
\BOOKMARK [3][-]{subsubsection.9.6.2.1}{\376\377\000R\000u\000l\000e}{subsection.9.6.2}% 145
\BOOKMARK [2][-]{subsection.9.6.3}{\376\377\000C\000o\000n\000s\000t\000r\000u\000c\000t\000o\000r\000\040\000\046\000\040\000D\000e\000s\000t\000r\000u\000c\000t\000o\000r\000\040\000D\000o\000c\000u\000m\000e\000n\000t\000a\000t\000i\000o\000n}{section.9.6}% 146
\BOOKMARK [3][-]{subsubsection.9.6.3.1}{\376\377\000C\000o\000n\000v\000e\000r\000s\000a\000t\000i\000o\000n\000P\000d\000f\000\050\000\051}{subsection.9.6.3}% 147
\BOOKMARK [2][-]{subsection.9.6.4}{\376\377\000M\000e\000m\000b\000e\000r\000\040\000F\000u\000n\000c\000t\000i\000o\000n\000\040\000D\000o\000c\000u\000m\000e\000n\000t\000a\000t\000i\000o\000n}{section.9.6}% 148
\BOOKMARK [3][-]{subsubsection.9.6.4.1}{\376\377\000a\000d\000d\000C\000o\000n\000v\000e\000r\000s\000a\000t\000i\000o\000n\000\050\000\051}{subsection.9.6.4}% 149
\BOOKMARK [3][-]{subsubsection.9.6.4.2}{\376\377\000a\000d\000d\000D\000e\000f\000i\000n\000i\000t\000i\000o\000n\000s\000\050\000\051}{subsection.9.6.4}% 150
\BOOKMARK [3][-]{subsubsection.9.6.4.3}{\376\377\000a\000d\000d\000G\000r\000a\000m\000m\000a\000r\000\050\000\051}{subsection.9.6.4}% 151
\BOOKMARK [3][-]{subsubsection.9.6.4.4}{\376\377\000a\000d\000d\000L\000i\000n\000e\000s\000\050\000\051}{subsection.9.6.4}% 152
\BOOKMARK [3][-]{subsubsection.9.6.4.5}{\376\377\000a\000d\000d\000R\000e\000s\000u\000l\000t\000\050\000\051}{subsection.9.6.4}% 153
\BOOKMARK [3][-]{subsubsection.9.6.4.6}{\376\377\000a\000d\000d\000R\000e\000v\000i\000e\000w\000\050\000\051}{subsection.9.6.4}% 154
\BOOKMARK [3][-]{subsubsection.9.6.4.7}{\376\377\000a\000d\000d\000S\000e\000c\000t\000i\000o\000n\000\050\000\051}{subsection.9.6.4}% 155
\BOOKMARK [3][-]{subsubsection.9.6.4.8}{\376\377\000a\000d\000d\000S\000u\000b\000h\000e\000a\000d\000i\000n\000g\000\050\000\051}{subsection.9.6.4}% 156
\BOOKMARK [3][-]{subsubsection.9.6.4.9}{\376\377\000a\000d\000d\000T\000a\000b\000l\000e\000\050\000\051}{subsection.9.6.4}% 157
\BOOKMARK [3][-]{subsubsection.9.6.4.10}{\376\377\000h\000t\000m\000l\000\050\000\051}{subsection.9.6.4}% 158
\BOOKMARK [3][-]{subsubsection.9.6.4.11}{\376\377\000p\000r\000i\000n\000t\000\050\000\051}{subsection.9.6.4}% 159
\BOOKMARK [2][-]{subsection.9.6.5}{\376\377\000M\000e\000m\000b\000e\000r\000\040\000D\000a\000t\000a\000\040\000D\000o\000c\000u\000m\000e\000n\000t\000a\000t\000i\000o\000n}{section.9.6}% 160
\BOOKMARK [3][-]{subsubsection.9.6.5.1}{\376\377\000k\000M\000a\000x\000T\000a\000b\000l\000e\000C\000o\000l\000u\000m\000n\000s}{subsection.9.6.5}% 161
\BOOKMARK [1][-]{section.9.7}{\376\377\000C\000u\000s\000t\000o\000m\000T\000e\000x\000t\000E\000d\000i\000t\000\040\000C\000l\000a\000s\000s\000\040\000R\000e\000f\000e\000r\000e\000n\000c\000e}{chapter.9}% 162
\BOOKMARK [2][-]{subsection.9.7.1}{\376\377\000C\000o\000n\000s\000t\000r\000u\000c\000t\000o\000r\000\040\000\046\000\040\000D\000e\000s\000t\000r\000u\000c\000t\000o\000r\000\040\000D\000o\000c\000u\000m\000e\000n\000t\000a\000t\000i\000o\000n}{section.9.7}% 163
\BOOKMARK [3][-]{subsubsection.9.7.1.1}{\376\377\000C\000u\000s\000t\000o\000m\000T\000e\000x\000t\000E\000d\000i\000t\000\050\000\051}{subsection.9.7.1}% 164
\BOOKMARK [2][-]{subsection.9.7.2}{\376\377\000M\000e\000m\000b\000e\000r\000\040\000F\000u\000n\000c\000t\000i\000o\000n\000\040\000D\000o\000c\000u\000m\000e\000n\000t\000a\000t\000i\000o\000n}{section.9.7}% 165
\BOOKMARK [3][-]{subsubsection.9.7.2.1}{\376\377\000c\000h\000a\000n\000g\000e\000E\000v\000e\000n\000t\000\050\000\051}{subsection.9.7.2}% 166
\BOOKMARK [3][-]{subsubsection.9.7.2.2}{\376\377\000k\000e\000y\000P\000r\000e\000s\000s\000E\000v\000e\000n\000t\000\050\000\051}{subsection.9.7.2}% 167
\BOOKMARK [3][-]{subsubsection.9.7.2.3}{\376\377\000m\000i\000n\000i\000m\000u\000m\000G\000r\000o\000w\000H\000e\000i\000g\000h\000t\000\050\000\051}{subsection.9.7.2}% 168
\BOOKMARK [3][-]{subsubsection.9.7.2.4}{\376\377\000m\000i\000n\000i\000m\000u\000m\000G\000r\000o\000w\000H\000e\000i\000g\000h\000t\000C\000h\000a\000n\000g\000e\000d}{subsection.9.7.2}% 169
\BOOKMARK [3][-]{subsubsection.9.7.2.5}{\376\377\000n\000e\000w\000l\000i\000n\000e\000S\000h\000o\000r\000t\000c\000u\000t\000T\000e\000x\000t\000\050\000\051}{subsection.9.7.2}% 170
\BOOKMARK [3][-]{subsubsection.9.7.2.6}{\376\377\000s\000e\000n\000d\000R\000e\000q\000u\000e\000s\000t\000e\000d}{subsection.9.7.2}% 171
\BOOKMARK [3][-]{subsubsection.9.7.2.7}{\376\377\000s\000e\000t\000A\000u\000t\000o\000G\000r\000o\000w\000L\000i\000n\000e\000s\000\050\000\051}{subsection.9.7.2}% 172
\BOOKMARK [3][-]{subsubsection.9.7.2.8}{\376\377\000s\000h\000o\000w\000E\000v\000e\000n\000t\000\050\000\051}{subsection.9.7.2}% 173
\BOOKMARK [2][-]{subsection.9.7.3}{\376\377\000P\000r\000o\000p\000e\000r\000t\000y\000\040\000D\000o\000c\000u\000m\000e\000n\000t\000a\000t\000i\000o\000n}{section.9.7}% 174
\BOOKMARK [3][-]{subsubsection.9.7.3.1}{\376\377\000g\000r\000o\000w\000H\000e\000i\000g\000h\000t}{subsection.9.7.3}% 175
\BOOKMARK [1][-]{section.9.8}{\376\377\000E\000x\000a\000m\000R\000e\000c\000o\000r\000d\000\040\000S\000t\000r\000u\000c\000t\000\040\000R\000e\000f\000e\000r\000e\000n\000c\000e}{chapter.9}% 176
\BOOKMARK [2][-]{subsection.9.8.1}{\376\377\000D\000e\000t\000a\000i\000l\000e\000d\000\040\000D\000e\000s\000c\000r\000i\000p\000t\000i\000o\000n}{section.9.8}% 177
\BOOKMARK [2][-]{subsection.9.8.2}{\376\377\000M\000e\000m\000b\000e\000r\000\040\000D\000a\000t\000a\000\040\000D\000o\000c\000u\000m\000e\000n\000t\000a\000t\000i\000o\000n}{section.9.8}% 178
\BOOKMARK [3][-]{subsubsection.9.8.2.1}{\376\377\000c\000o\000r\000r\000e\000c\000t}{subsection.9.8.2}% 179
\BOOKMARK [3][-]{subsubsection.9.8.2.2}{\376\377\000c\000o\000r\000r\000e\000c\000t\000A\000n\000s\000w\000e\000r}{subsection.9.8.2}% 180
\BOOKMARK [3][-]{subsubsection.9.8.2.3}{\376\377\000q\000u\000e\000s\000t\000i\000o\000n}{subsection.9.8.2}% 181
\BOOKMARK [3][-]{subsubsection.9.8.2.4}{\376\377\000u\000s\000e\000r\000A\000n\000s\000w\000e\000r}{subsection.9.8.2}% 182
\BOOKMARK [1][-]{section.9.9}{\376\377\000E\000x\000a\000m\000R\000e\000p\000o\000r\000t\000D\000i\000a\000l\000o\000g\000\040\000C\000l\000a\000s\000s\000\040\000R\000e\000f\000e\000r\000e\000n\000c\000e}{chapter.9}% 183
\BOOKMARK [2][-]{subsection.9.9.1}{\376\377\000D\000e\000t\000a\000i\000l\000e\000d\000\040\000D\000e\000s\000c\000r\000i\000p\000t\000i\000o\000n}{section.9.9}% 184
\BOOKMARK [2][-]{subsection.9.9.2}{\376\377\000C\000o\000n\000s\000t\000r\000u\000c\000t\000o\000r\000\040\000\046\000\040\000D\000e\000s\000t\000r\000u\000c\000t\000o\000r\000\040\000D\000o\000c\000u\000m\000e\000n\000t\000a\000t\000i\000o\000n}{section.9.9}% 185
\BOOKMARK [3][-]{subsubsection.9.9.2.1}{\376\377\000E\000x\000a\000m\000R\000e\000p\000o\000r\000t\000D\000i\000a\000l\000o\000g\000\050\000\051}{subsection.9.9.2}% 186
\BOOKMARK [2][-]{subsection.9.9.3}{\376\377\000M\000e\000m\000b\000e\000r\000\040\000F\000u\000n\000c\000t\000i\000o\000n\000\040\000D\000o\000c\000u\000m\000e\000n\000t\000a\000t\000i\000o\000n}{section.9.9}% 187
\BOOKMARK [3][-]{subsubsection.9.9.3.1}{\376\377\000e\000x\000p\000o\000r\000t\000R\000e\000q\000u\000e\000s\000t\000e\000d}{subsection.9.9.3}% 188
\BOOKMARK [3][-]{subsubsection.9.9.3.2}{\376\377\000p\000r\000i\000n\000t\000R\000e\000p\000o\000r\000t\000\050\000\051}{subsection.9.9.3}% 189
\BOOKMARK [1][-]{section.9.10}{\376\377\000E\000x\000a\000m\000S\000e\000s\000s\000i\000o\000n\000\040\000C\000l\000a\000s\000s\000\040\000R\000e\000f\000e\000r\000e\000n\000c\000e}{chapter.9}% 190
\BOOKMARK [2][-]{subsection.9.10.1}{\376\377\000D\000e\000t\000a\000i\000l\000e\000d\000\040\000D\000e\000s\000c\000r\000i\000p\000t\000i\000o\000n}{section.9.10}% 191
\BOOKMARK [2][-]{subsection.9.10.2}{\376\377\000M\000e\000m\000b\000e\000r\000\040\000F\000u\000n\000c\000t\000i\000o\000n\000\040\000D\000o\000c\000u\000m\000e\000n\000t\000a\000t\000i\000o\000n}{section.9.10}% 192
\BOOKMARK [3][-]{subsubsection.9.10.2.1}{\376\377\000g\000r\000a\000d\000e\000\050\000\051}{subsection.9.10.2}% 193
\BOOKMARK [3][-]{subsubsection.9.10.2.2}{\376\377\000r\000e\000c\000o\000r\000d\000\050\000\051}{subsection.9.10.2}% 194
\BOOKMARK [3][-]{subsubsection.9.10.2.3}{\376\377\000r\000e\000c\000o\000r\000d\000s\000\050\000\051}{subsection.9.10.2}% 195
\BOOKMARK [3][-]{subsubsection.9.10.2.4}{\376\377\000r\000i\000g\000h\000t\000\050\000\051}{subsection.9.10.2}% 196
\BOOKMARK [3][-]{subsubsection.9.10.2.5}{\376\377\000t\000o\000t\000a\000l\000\050\000\051}{subsection.9.10.2}% 197
\BOOKMARK [1][-]{section.9.11}{\376\377\000G\000r\000a\000m\000m\000a\000r\000F\000a\000c\000t\000o\000r\000y\000:\000:\000F\000a\000c\000t\000o\000r\000y\000I\000t\000e\000m\000\040\000S\000t\000r\000u\000c\000t\000\040\000R\000e\000f\000e\000r\000e\000n\000c\000e}{chapter.9}% 198
\BOOKMARK [2][-]{subsection.9.11.1}{\376\377\000D\000e\000t\000a\000i\000l\000e\000d\000\040\000D\000e\000s\000c\000r\000i\000p\000t\000i\000o\000n}{section.9.11}% 199
\BOOKMARK [2][-]{subsection.9.11.2}{\376\377\000C\000o\000n\000s\000t\000r\000u\000c\000t\000o\000r\000\040\000\046\000\040\000D\000e\000s\000t\000r\000u\000c\000t\000o\000r\000\040\000D\000o\000c\000u\000m\000e\000n\000t\000a\000t\000i\000o\000n}{section.9.11}% 200
\BOOKMARK [3][-]{subsubsection.9.11.2.1}{\376\377\000F\000a\000c\000t\000o\000r\000y\000I\000t\000e\000m\000\050\000\051}{subsection.9.11.2}% 201
\BOOKMARK [2][-]{subsection.9.11.3}{\376\377\000M\000e\000m\000b\000e\000r\000\040\000D\000a\000t\000a\000\040\000D\000o\000c\000u\000m\000e\000n\000t\000a\000t\000i\000o\000n}{section.9.11}% 202
\BOOKMARK [3][-]{subsubsection.9.11.3.1}{\376\377\000g\000\137}{subsection.9.11.3}% 203
\BOOKMARK [3][-]{subsubsection.9.11.3.2}{\376\377\000s\000t\000\137}{subsection.9.11.3}% 204
\BOOKMARK [1][-]{section.9.12}{\376\377\000G\000r\000a\000m\000m\000a\000r\000\040\000S\000t\000r\000u\000c\000t\000\040\000R\000e\000f\000e\000r\000e\000n\000c\000e}{chapter.9}% 205
\BOOKMARK [2][-]{subsection.9.12.1}{\376\377\000D\000e\000t\000a\000i\000l\000e\000d\000\040\000D\000e\000s\000c\000r\000i\000p\000t\000i\000o\000n}{section.9.12}% 206
\BOOKMARK [2][-]{subsection.9.12.2}{\376\377\000C\000o\000n\000s\000t\000r\000u\000c\000t\000o\000r\000\040\000\046\000\040\000D\000e\000s\000t\000r\000u\000c\000t\000o\000r\000\040\000D\000o\000c\000u\000m\000e\000n\000t\000a\000t\000i\000o\000n}{section.9.12}% 207
\BOOKMARK [3][-]{subsubsection.9.12.2.1}{\376\377\000G\000r\000a\000m\000m\000a\000r\000\050\000\051\000\040\000[\0001\000/\0002\000]}{subsection.9.12.2}% 208
\BOOKMARK [3][-]{subsubsection.9.12.2.2}{\376\377\000G\000r\000a\000m\000m\000a\000r\000\050\000\051\000\040\000[\0002\000/\0002\000]}{subsection.9.12.2}% 209
\BOOKMARK [2][-]{subsection.9.12.3}{\376\377\000M\000e\000m\000b\000e\000r\000\040\000F\000u\000n\000c\000t\000i\000o\000n\000\040\000D\000o\000c\000u\000m\000e\000n\000t\000a\000t\000i\000o\000n}{section.9.12}% 210
\BOOKMARK [3][-]{subsubsection.9.12.3.1}{\376\377\000A\000d\000d\000P\000r\000o\000d\000u\000c\000t\000i\000o\000n\000\050\000\051}{subsection.9.12.3}% 211
\BOOKMARK [3][-]{subsubsection.9.12.3.2}{\376\377\000D\000e\000b\000u\000g\000\050\000\051}{subsection.9.12.3}% 212
\BOOKMARK [3][-]{subsubsection.9.12.3.3}{\376\377\000F\000i\000l\000t\000e\000r\000R\000u\000l\000e\000s\000B\000y\000C\000o\000n\000s\000e\000q\000u\000e\000n\000t\000\050\000\051}{subsection.9.12.3}% 213
\BOOKMARK [3][-]{subsubsection.9.12.3.4}{\376\377\000H\000a\000s\000E\000m\000p\000t\000y\000P\000r\000o\000d\000u\000c\000t\000i\000o\000n\000\050\000\051}{subsection.9.12.3}% 214
\BOOKMARK [3][-]{subsubsection.9.12.3.5}{\376\377\000P\000r\000e\000s\000e\000n\000t\000a\000t\000i\000o\000n\000L\000e\000s\000s\000\050\000\051}{subsection.9.12.3}% 215
\BOOKMARK [3][-]{subsubsection.9.12.3.6}{\376\377\000P\000r\000e\000s\000e\000n\000t\000a\000t\000i\000o\000n\000O\000r\000d\000e\000r\000\050\000\051}{subsection.9.12.3}% 216
\BOOKMARK [3][-]{subsubsection.9.12.3.7}{\376\377\000P\000r\000e\000s\000e\000n\000t\000a\000t\000i\000o\000n\000R\000a\000n\000k\000\050\000\051}{subsection.9.12.3}% 217
\BOOKMARK [3][-]{subsubsection.9.12.3.8}{\376\377\000S\000e\000t\000A\000x\000i\000o\000m\000\050\000\051}{subsection.9.12.3}% 218
\BOOKMARK [3][-]{subsubsection.9.12.3.9}{\376\377\000S\000p\000l\000i\000t\000\050\000\051}{subsection.9.12.3}% 219
\BOOKMARK [2][-]{subsection.9.12.4}{\376\377\000M\000e\000m\000b\000e\000r\000\040\000D\000a\000t\000a\000\040\000D\000o\000c\000u\000m\000e\000n\000t\000a\000t\000i\000o\000n}{section.9.12}% 220
\BOOKMARK [3][-]{subsubsection.9.12.4.1}{\376\377\000a\000x\000i\000o\000m\000\137}{subsection.9.12.4}% 221
\BOOKMARK [3][-]{subsubsection.9.12.4.2}{\376\377\000g\000\137}{subsection.9.12.4}% 222
\BOOKMARK [3][-]{subsubsection.9.12.4.3}{\376\377\000l\000h\000s\000\137\000o\000r\000d\000e\000r\000\137}{subsection.9.12.4}% 223
\BOOKMARK [3][-]{subsubsection.9.12.4.4}{\376\377\000s\000t\000\137}{subsection.9.12.4}% 224
\BOOKMARK [1][-]{section.9.13}{\376\377\000G\000r\000a\000m\000m\000a\000r\000E\000d\000i\000t\000o\000r\000D\000i\000a\000l\000o\000g\000\040\000C\000l\000a\000s\000s\000\040\000R\000e\000f\000e\000r\000e\000n\000c\000e}{chapter.9}% 225
\BOOKMARK [2][-]{subsection.9.13.1}{\376\377\000D\000e\000t\000a\000i\000l\000e\000d\000\040\000D\000e\000s\000c\000r\000i\000p\000t\000i\000o\000n}{section.9.13}% 226
\BOOKMARK [2][-]{subsection.9.13.2}{\376\377\000M\000e\000m\000b\000e\000r\000\040\000E\000n\000u\000m\000e\000r\000a\000t\000i\000o\000n\000\040\000D\000o\000c\000u\000m\000e\000n\000t\000a\000t\000i\000o\000n}{section.9.13}% 227
\BOOKMARK [3][-]{subsubsection.9.13.2.1}{\376\377\000M\000o\000d\000e}{subsection.9.13.2}% 228
\BOOKMARK [2][-]{subsection.9.13.3}{\376\377\000C\000o\000n\000s\000t\000r\000u\000c\000t\000o\000r\000\040\000\046\000\040\000D\000e\000s\000t\000r\000u\000c\000t\000o\000r\000\040\000D\000o\000c\000u\000m\000e\000n\000t\000a\000t\000i\000o\000n}{section.9.13}% 229
\BOOKMARK [3][-]{subsubsection.9.13.3.1}{\376\377\000G\000r\000a\000m\000m\000a\000r\000E\000d\000i\000t\000o\000r\000D\000i\000a\000l\000o\000g\000\050\000\051}{subsection.9.13.3}% 230
\BOOKMARK [2][-]{subsection.9.13.4}{\376\377\000M\000e\000m\000b\000e\000r\000\040\000F\000u\000n\000c\000t\000i\000o\000n\000\040\000D\000o\000c\000u\000m\000e\000n\000t\000a\000t\000i\000o\000n}{section.9.13}% 231
\BOOKMARK [3][-]{subsubsection.9.13.4.1}{\376\377\000a\000c\000c\000e\000p\000t\000\050\000\051}{subsection.9.13.4}% 232
\BOOKMARK [3][-]{subsubsection.9.13.4.2}{\376\377\000g\000r\000a\000m\000m\000a\000r\000\050\000\051}{subsection.9.13.4}% 233
\BOOKMARK [1][-]{section.9.14}{\376\377\000G\000r\000a\000m\000m\000a\000r\000F\000a\000c\000t\000o\000r\000y\000\040\000S\000t\000r\000u\000c\000t\000\040\000R\000e\000f\000e\000r\000e\000n\000c\000e}{chapter.9}% 234
\BOOKMARK [2][-]{subsection.9.14.1}{\376\377\000D\000e\000t\000a\000i\000l\000e\000d\000\040\000D\000e\000s\000c\000r\000i\000p\000t\000i\000o\000n}{section.9.14}% 235
\BOOKMARK [2][-]{subsection.9.14.2}{\376\377\000M\000e\000m\000b\000e\000r\000\040\000F\000u\000n\000c\000t\000i\000o\000n\000\040\000D\000o\000c\000u\000m\000e\000n\000t\000a\000t\000i\000o\000n}{section.9.14}% 236
\BOOKMARK [3][-]{subsubsection.9.14.2.1}{\376\377\000A\000d\000j\000u\000s\000t\000T\000e\000r\000m\000i\000n\000a\000l\000s\000\050\000\051}{subsection.9.14.2}% 237
\BOOKMARK [3][-]{subsubsection.9.14.2.2}{\376\377\000C\000r\000e\000a\000t\000e\000L\000v\0002\000I\000t\000e\000m\000\050\000\051}{subsection.9.14.2}% 238
\BOOKMARK [3][-]{subsubsection.9.14.2.3}{\376\377\000G\000e\000n\000e\000r\000a\000t\000e\000N\000e\000w\000N\000o\000n\000T\000e\000r\000m\000i\000n\000a\000l\000\050\000\051}{subsection.9.14.2}% 239
\BOOKMARK [3][-]{subsubsection.9.14.2.4}{\376\377\000G\000e\000n\000L\000L\0001\000G\000r\000a\000m\000m\000a\000r\000\050\000\051}{subsection.9.14.2}% 240
\BOOKMARK [3][-]{subsubsection.9.14.2.5}{\376\377\000G\000e\000n\000S\000L\000R\0001\000G\000r\000a\000m\000m\000a\000r\000\050\000\051}{subsection.9.14.2}% 241
\BOOKMARK [3][-]{subsubsection.9.14.2.6}{\376\377\000H\000a\000s\000C\000y\000c\000l\000e\000\050\000\051}{subsection.9.14.2}% 242
\BOOKMARK [3][-]{subsubsection.9.14.2.7}{\376\377\000H\000a\000s\000D\000i\000r\000e\000c\000t\000L\000e\000f\000t\000R\000e\000c\000u\000r\000s\000i\000o\000n\000\050\000\051}{subsection.9.14.2}% 243
\BOOKMARK [3][-]{subsubsection.9.14.2.8}{\376\377\000H\000a\000s\000I\000n\000d\000i\000r\000e\000c\000t\000L\000e\000f\000t\000R\000e\000c\000u\000r\000s\000i\000o\000n\000\050\000\051}{subsection.9.14.2}% 244
\BOOKMARK [3][-]{subsubsection.9.14.2.9}{\376\377\000H\000a\000s\000U\000n\000r\000e\000a\000c\000h\000a\000b\000l\000e\000S\000y\000m\000b\000o\000l\000s\000\050\000\051}{subsection.9.14.2}% 245
\BOOKMARK [3][-]{subsubsection.9.14.2.10}{\376\377\000I\000n\000i\000t\000\050\000\051}{subsection.9.14.2}% 246
\BOOKMARK [3][-]{subsubsection.9.14.2.11}{\376\377\000I\000s\000I\000n\000f\000i\000n\000i\000t\000e\000\050\000\051}{subsection.9.14.2}% 247
\BOOKMARK [3][-]{subsubsection.9.14.2.12}{\376\377\000L\000e\000f\000t\000F\000a\000c\000t\000o\000r\000i\000z\000e\000\050\000\051}{subsection.9.14.2}% 248
\BOOKMARK [3][-]{subsubsection.9.14.2.13}{\376\377\000L\000o\000n\000g\000e\000s\000t\000C\000o\000m\000m\000o\000n\000P\000r\000e\000f\000i\000x\000\050\000\051}{subsection.9.14.2}% 249
\BOOKMARK [3][-]{subsubsection.9.14.2.14}{\376\377\000L\000v\0001\000\050\000\051}{subsection.9.14.2}% 250
\BOOKMARK [3][-]{subsubsection.9.14.2.15}{\376\377\000L\000v\0002\000\050\000\051}{subsection.9.14.2}% 251
\BOOKMARK [3][-]{subsubsection.9.14.2.16}{\376\377\000L\000v\0003\000\050\000\051}{subsection.9.14.2}% 252
\BOOKMARK [3][-]{subsubsection.9.14.2.17}{\376\377\000L\000v\0004\000\050\000\051}{subsection.9.14.2}% 253
\BOOKMARK [3][-]{subsubsection.9.14.2.18}{\376\377\000L\000v\0005\000\050\000\051}{subsection.9.14.2}% 254
\BOOKMARK [3][-]{subsubsection.9.14.2.19}{\376\377\000L\000v\0006\000\050\000\051}{subsection.9.14.2}% 255
\BOOKMARK [3][-]{subsubsection.9.14.2.20}{\376\377\000L\000v\0007\000\050\000\051}{subsection.9.14.2}% 256
\BOOKMARK [3][-]{subsubsection.9.14.2.21}{\376\377\000M\000e\000r\000g\000e\000\050\000\051}{subsection.9.14.2}% 257
\BOOKMARK [3][-]{subsubsection.9.14.2.22}{\376\377\000N\000o\000r\000m\000a\000l\000i\000z\000e\000N\000o\000n\000T\000e\000r\000m\000i\000n\000a\000l\000s\000\050\000\051}{subsection.9.14.2}% 258
\BOOKMARK [3][-]{subsubsection.9.14.2.23}{\376\377\000N\000u\000l\000l\000a\000b\000l\000e\000S\000y\000m\000b\000o\000l\000s\000\050\000\051}{subsection.9.14.2}% 259
\BOOKMARK [3][-]{subsubsection.9.14.2.24}{\376\377\000P\000i\000c\000k\000O\000n\000e\000\050\000\051}{subsection.9.14.2}% 260
\BOOKMARK [3][-]{subsubsection.9.14.2.25}{\376\377\000R\000e\000m\000o\000v\000e\000L\000e\000f\000t\000R\000e\000c\000u\000r\000s\000i\000o\000n\000\050\000\051}{subsection.9.14.2}% 261
\BOOKMARK [3][-]{subsubsection.9.14.2.26}{\376\377\000S\000t\000a\000r\000t\000s\000W\000i\000t\000h\000\050\000\051}{subsection.9.14.2}% 262
\BOOKMARK [2][-]{subsection.9.14.3}{\376\377\000M\000e\000m\000b\000e\000r\000\040\000D\000a\000t\000a\000\040\000D\000o\000c\000u\000m\000e\000n\000t\000a\000t\000i\000o\000n}{section.9.14}% 263
\BOOKMARK [3][-]{subsubsection.9.14.3.1}{\376\377\000i\000t\000e\000m\000s}{subsection.9.14.3}% 264
\BOOKMARK [3][-]{subsubsection.9.14.3.2}{\376\377\000n\000o\000n\000\137\000t\000e\000r\000m\000i\000n\000a\000l\000\137\000a\000l\000p\000h\000a\000b\000e\000t\000\137}{subsection.9.14.3}% 265
\BOOKMARK [3][-]{subsubsection.9.14.3.3}{\376\377\000t\000e\000r\000m\000i\000n\000a\000l\000\137\000a\000l\000p\000h\000a\000b\000e\000t\000\137}{subsection.9.14.3}% 266
\BOOKMARK [1][-]{section.9.15}{\376\377\000G\000r\000a\000m\000m\000a\000r\000P\000a\000r\000s\000e\000E\000r\000r\000o\000r\000\040\000S\000t\000r\000u\000c\000t\000\040\000R\000e\000f\000e\000r\000e\000n\000c\000e}{chapter.9}% 267
\BOOKMARK [2][-]{subsection.9.15.1}{\376\377\000D\000e\000t\000a\000i\000l\000e\000d\000\040\000D\000e\000s\000c\000r\000i\000p\000t\000i\000o\000n}{section.9.15}% 268
\BOOKMARK [2][-]{subsection.9.15.2}{\376\377\000M\000e\000m\000b\000e\000r\000\040\000E\000n\000u\000m\000e\000r\000a\000t\000i\000o\000n\000\040\000D\000o\000c\000u\000m\000e\000n\000t\000a\000t\000i\000o\000n}{section.9.15}% 269
\BOOKMARK [3][-]{subsubsection.9.15.2.1}{\376\377\000K\000i\000n\000d}{subsection.9.15.2}% 270
\BOOKMARK [2][-]{subsection.9.15.3}{\376\377\000M\000e\000m\000b\000e\000r\000\040\000D\000a\000t\000a\000\040\000D\000o\000c\000u\000m\000e\000n\000t\000a\000t\000i\000o\000n}{section.9.15}% 271
\BOOKMARK [3][-]{subsubsection.9.15.3.1}{\376\377\000d\000e\000t\000a\000i\000l}{subsection.9.15.3}% 272
\BOOKMARK [3][-]{subsubsection.9.15.3.2}{\376\377\000k\000i\000n\000d}{subsection.9.15.3}% 273
\BOOKMARK [3][-]{subsubsection.9.15.3.3}{\376\377\000l\000i\000n\000e}{subsection.9.15.3}% 274
\BOOKMARK [1][-]{section.9.16}{\376\377\000G\000r\000a\000m\000m\000a\000r\000P\000a\000r\000s\000e\000r\000\040\000S\000t\000r\000u\000c\000t\000\040\000R\000e\000f\000e\000r\000e\000n\000c\000e}{chapter.9}% 275
\BOOKMARK [2][-]{subsection.9.16.1}{\376\377\000D\000e\000t\000a\000i\000l\000e\000d\000\040\000D\000e\000s\000c\000r\000i\000p\000t\000i\000o\000n}{section.9.16}% 276
\BOOKMARK [2][-]{subsection.9.16.2}{\376\377\000M\000e\000m\000b\000e\000r\000\040\000F\000u\000n\000c\000t\000i\000o\000n\000\040\000D\000o\000c\000u\000m\000e\000n\000t\000a\000t\000i\000o\000n}{section.9.16}% 277
\BOOKMARK [3][-]{subsubsection.9.16.2.1}{\376\377\000I\000s\000R\000e\000s\000e\000r\000v\000e\000d\000T\000o\000k\000e\000n\000\050\000\051}{subsection.9.16.2}% 278
\BOOKMARK [3][-]{subsubsection.9.16.2.2}{\376\377\000P\000a\000r\000s\000e\000\050\000\051}{subsection.9.16.2}% 279
\BOOKMARK [1][-]{section.9.17}{\376\377\000G\000r\000a\000m\000m\000a\000r\000P\000a\000r\000s\000e\000R\000e\000s\000u\000l\000t\000\040\000S\000t\000r\000u\000c\000t\000\040\000R\000e\000f\000e\000r\000e\000n\000c\000e}{chapter.9}% 280
\BOOKMARK [2][-]{subsection.9.17.1}{\376\377\000D\000e\000t\000a\000i\000l\000e\000d\000\040\000D\000e\000s\000c\000r\000i\000p\000t\000i\000o\000n}{section.9.17}% 281
\BOOKMARK [2][-]{subsection.9.17.2}{\376\377\000M\000e\000m\000b\000e\000r\000\040\000F\000u\000n\000c\000t\000i\000o\000n\000\040\000D\000o\000c\000u\000m\000e\000n\000t\000a\000t\000i\000o\000n}{section.9.17}% 282
\BOOKMARK [3][-]{subsubsection.9.17.2.1}{\376\377\000O\000k\000\050\000\051}{subsection.9.17.2}% 283
\BOOKMARK [2][-]{subsection.9.17.3}{\376\377\000M\000e\000m\000b\000e\000r\000\040\000D\000a\000t\000a\000\040\000D\000o\000c\000u\000m\000e\000n\000t\000a\000t\000i\000o\000n}{section.9.17}% 284
\BOOKMARK [3][-]{subsubsection.9.17.3.1}{\376\377\000e\000r\000r\000o\000r\000s}{subsection.9.17.3}% 285
\BOOKMARK [3][-]{subsubsection.9.17.3.2}{\376\377\000g\000r\000a\000m\000m\000a\000r}{subsection.9.17.3}% 286
\BOOKMARK [1][-]{section.9.18}{\376\377\000G\000r\000a\000m\000m\000a\000r\000S\000y\000n\000t\000a\000x\000H\000i\000g\000h\000l\000i\000g\000h\000t\000e\000r\000\040\000C\000l\000a\000s\000s\000\040\000R\000e\000f\000e\000r\000e\000n\000c\000e}{chapter.9}% 287
\BOOKMARK [2][-]{subsection.9.18.1}{\376\377\000D\000e\000t\000a\000i\000l\000e\000d\000\040\000D\000e\000s\000c\000r\000i\000p\000t\000i\000o\000n}{section.9.18}% 288
\BOOKMARK [2][-]{subsection.9.18.2}{\376\377\000C\000o\000n\000s\000t\000r\000u\000c\000t\000o\000r\000\040\000\046\000\040\000D\000e\000s\000t\000r\000u\000c\000t\000o\000r\000\040\000D\000o\000c\000u\000m\000e\000n\000t\000a\000t\000i\000o\000n}{section.9.18}% 289
\BOOKMARK [3][-]{subsubsection.9.18.2.1}{\376\377\000G\000r\000a\000m\000m\000a\000r\000S\000y\000n\000t\000a\000x\000H\000i\000g\000h\000l\000i\000g\000h\000t\000e\000r\000\050\000\051}{subsection.9.18.2}% 290
\BOOKMARK [2][-]{subsection.9.18.3}{\376\377\000M\000e\000m\000b\000e\000r\000\040\000F\000u\000n\000c\000t\000i\000o\000n\000\040\000D\000o\000c\000u\000m\000e\000n\000t\000a\000t\000i\000o\000n}{section.9.18}% 291
\BOOKMARK [3][-]{subsubsection.9.18.3.1}{\376\377\000h\000i\000g\000h\000l\000i\000g\000h\000t\000B\000l\000o\000c\000k\000\050\000\051}{subsection.9.18.3}% 292
\BOOKMARK [3][-]{subsubsection.9.18.3.2}{\376\377\000s\000e\000t\000N\000o\000n\000T\000e\000r\000m\000i\000n\000a\000l\000s\000\050\000\051}{subsection.9.18.3}% 293
\BOOKMARK [1][-]{section.9.19}{\376\377\000G\000r\000a\000m\000m\000a\000r\000V\000i\000e\000w\000\040\000C\000l\000a\000s\000s\000\040\000R\000e\000f\000e\000r\000e\000n\000c\000e}{chapter.9}% 294
\BOOKMARK [2][-]{subsection.9.19.1}{\376\377\000C\000o\000n\000s\000t\000r\000u\000c\000t\000o\000r\000\040\000\046\000\040\000D\000e\000s\000t\000r\000u\000c\000t\000o\000r\000\040\000D\000o\000c\000u\000m\000e\000n\000t\000a\000t\000i\000o\000n}{section.9.19}% 295
\BOOKMARK [3][-]{subsubsection.9.19.1.1}{\376\377\000G\000r\000a\000m\000m\000a\000r\000V\000i\000e\000w\000\050\000\051}{subsection.9.19.1}% 296
\BOOKMARK [2][-]{subsection.9.19.2}{\376\377\000M\000e\000m\000b\000e\000r\000\040\000F\000u\000n\000c\000t\000i\000o\000n\000\040\000D\000o\000c\000u\000m\000e\000n\000t\000a\000t\000i\000o\000n}{section.9.19}% 297
\BOOKMARK [3][-]{subsubsection.9.19.2.1}{\376\377\000n\000a\000t\000u\000r\000a\000l\000W\000i\000d\000t\000h\000\050\000\051}{subsection.9.19.2}% 298
\BOOKMARK [3][-]{subsubsection.9.19.2.2}{\376\377\000r\000e\000f\000r\000e\000s\000h\000\050\000\051}{subsection.9.19.2}% 299
\BOOKMARK [3][-]{subsubsection.9.19.2.3}{\376\377\000s\000e\000t\000R\000o\000w\000s\000\050\000\051}{subsection.9.19.2}% 300
\BOOKMARK [1][-]{section.9.20}{\376\377\000A\000p\000p\000L\000a\000y\000o\000u\000t\000:\000:\000H\000e\000i\000g\000h\000t\000F\000o\000r\000W\000i\000d\000t\000h\000K\000e\000e\000p\000e\000r\000\040\000C\000l\000a\000s\000s\000\040\000R\000e\000f\000e\000r\000e\000n\000c\000e}{chapter.9}% 301
\BOOKMARK [2][-]{subsection.9.20.1}{\376\377\000D\000e\000t\000a\000i\000l\000e\000d\000\040\000D\000e\000s\000c\000r\000i\000p\000t\000i\000o\000n}{section.9.20}% 302
\BOOKMARK [2][-]{subsection.9.20.2}{\376\377\000C\000o\000n\000s\000t\000r\000u\000c\000t\000o\000r\000\040\000\046\000\040\000D\000e\000s\000t\000r\000u\000c\000t\000o\000r\000\040\000D\000o\000c\000u\000m\000e\000n\000t\000a\000t\000i\000o\000n}{section.9.20}% 303
\BOOKMARK [3][-]{subsubsection.9.20.2.1}{\376\377\000H\000e\000i\000g\000h\000t\000F\000o\000r\000W\000i\000d\000t\000h\000K\000e\000e\000p\000e\000r\000\050\000\051}{subsection.9.20.2}% 304
\BOOKMARK [2][-]{subsection.9.20.3}{\376\377\000M\000e\000m\000b\000e\000r\000\040\000F\000u\000n\000c\000t\000i\000o\000n\000\040\000D\000o\000c\000u\000m\000e\000n\000t\000a\000t\000i\000o\000n}{section.9.20}% 305
\BOOKMARK [3][-]{subsubsection.9.20.3.1}{\376\377\000e\000v\000e\000n\000t\000F\000i\000l\000t\000e\000r\000\050\000\051}{subsection.9.20.3}% 306
\BOOKMARK [1][-]{section.9.21}{\376\377\000L\000L\0001\000P\000a\000r\000s\000e\000r\000\040\000C\000l\000a\000s\000s\000\040\000R\000e\000f\000e\000r\000e\000n\000c\000e}{chapter.9}% 307
\BOOKMARK [2][-]{subsection.9.21.1}{\376\377\000C\000o\000n\000s\000t\000r\000u\000c\000t\000o\000r\000\040\000\046\000\040\000D\000e\000s\000t\000r\000u\000c\000t\000o\000r\000\040\000D\000o\000c\000u\000m\000e\000n\000t\000a\000t\000i\000o\000n}{section.9.21}% 308
\BOOKMARK [3][-]{subsubsection.9.21.1.1}{\376\377\000L\000L\0001\000P\000a\000r\000s\000e\000r\000\050\000\051\000\040\000[\0001\000/\0002\000]}{subsection.9.21.1}% 309
\BOOKMARK [3][-]{subsubsection.9.21.1.2}{\376\377\000L\000L\0001\000P\000a\000r\000s\000e\000r\000\050\000\051\000\040\000[\0002\000/\0002\000]}{subsection.9.21.1}% 310
\BOOKMARK [2][-]{subsection.9.21.2}{\376\377\000M\000e\000m\000b\000e\000r\000\040\000F\000u\000n\000c\000t\000i\000o\000n\000\040\000D\000o\000c\000u\000m\000e\000n\000t\000a\000t\000i\000o\000n}{section.9.21}% 311
\BOOKMARK [3][-]{subsubsection.9.21.2.1}{\376\377\000C\000o\000m\000p\000u\000t\000e\000F\000i\000r\000s\000t\000S\000e\000t\000s\000\050\000\051}{subsection.9.21.2}% 312
\BOOKMARK [3][-]{subsubsection.9.21.2.2}{\376\377\000C\000o\000m\000p\000u\000t\000e\000F\000o\000l\000l\000o\000w\000S\000e\000t\000s\000\050\000\051}{subsection.9.21.2}% 313
\BOOKMARK [3][-]{subsubsection.9.21.2.3}{\376\377\000C\000r\000e\000a\000t\000e\000L\000L\0001\000T\000a\000b\000l\000e\000\050\000\051}{subsection.9.21.2}% 314
\BOOKMARK [3][-]{subsubsection.9.21.2.4}{\376\377\000F\000i\000r\000s\000t\000\050\000\051}{subsection.9.21.2}% 315
\BOOKMARK [3][-]{subsubsection.9.21.2.5}{\376\377\000F\000o\000l\000l\000o\000w\000\050\000\051}{subsection.9.21.2}% 316
\BOOKMARK [3][-]{subsubsection.9.21.2.6}{\376\377\000P\000r\000e\000d\000i\000c\000t\000i\000o\000n\000S\000y\000m\000b\000o\000l\000s\000\050\000\051}{subsection.9.21.2}% 317
\BOOKMARK [2][-]{subsection.9.21.3}{\376\377\000M\000e\000m\000b\000e\000r\000\040\000D\000a\000t\000a\000\040\000D\000o\000c\000u\000m\000e\000n\000t\000a\000t\000i\000o\000n}{section.9.21}% 318
\BOOKMARK [3][-]{subsubsection.9.21.3.1}{\376\377\000f\000i\000r\000s\000t\000\137\000s\000e\000t\000s\000\137}{subsection.9.21.3}% 319
\BOOKMARK [3][-]{subsubsection.9.21.3.2}{\376\377\000f\000o\000l\000l\000o\000w\000\137\000s\000e\000t\000s\000\137}{subsection.9.21.3}% 320
\BOOKMARK [3][-]{subsubsection.9.21.3.3}{\376\377\000g\000r\000\137}{subsection.9.21.3}% 321
\BOOKMARK [3][-]{subsubsection.9.21.3.4}{\376\377\000l\000l\0001\000\137\000t\000\137}{subsection.9.21.3}% 322
\BOOKMARK [1][-]{section.9.22}{\376\377\000L\000L\000T\000a\000b\000l\000e\000D\000i\000a\000l\000o\000g\000\040\000C\000l\000a\000s\000s\000\040\000R\000e\000f\000e\000r\000e\000n\000c\000e}{chapter.9}% 323
\BOOKMARK [2][-]{subsection.9.22.1}{\376\377\000D\000e\000t\000a\000i\000l\000e\000d\000\040\000D\000e\000s\000c\000r\000i\000p\000t\000i\000o\000n}{section.9.22}% 324
\BOOKMARK [2][-]{subsection.9.22.2}{\376\377\000C\000o\000n\000s\000t\000r\000u\000c\000t\000o\000r\000\040\000\046\000\040\000D\000e\000s\000t\000r\000u\000c\000t\000o\000r\000\040\000D\000o\000c\000u\000m\000e\000n\000t\000a\000t\000i\000o\000n}{section.9.22}% 325
\BOOKMARK [3][-]{subsubsection.9.22.2.1}{\376\377\000L\000L\000T\000a\000b\000l\000e\000D\000i\000a\000l\000o\000g\000\050\000\051}{subsection.9.22.2}% 326
\BOOKMARK [2][-]{subsection.9.22.3}{\376\377\000M\000e\000m\000b\000e\000r\000\040\000F\000u\000n\000c\000t\000i\000o\000n\000\040\000D\000o\000c\000u\000m\000e\000n\000t\000a\000t\000i\000o\000n}{section.9.22}% 327
\BOOKMARK [3][-]{subsubsection.9.22.3.1}{\376\377\000g\000e\000t\000T\000a\000b\000l\000e\000D\000a\000t\000a\000\050\000\051}{subsection.9.22.3}% 328
\BOOKMARK [3][-]{subsubsection.9.22.3.2}{\376\377\000g\000u\000i\000d\000e\000d\000R\000e\000q\000u\000e\000s\000t\000e\000d}{subsection.9.22.3}% 329
\BOOKMARK [3][-]{subsubsection.9.22.3.3}{\376\377\000h\000i\000g\000h\000l\000i\000g\000h\000t\000I\000n\000c\000o\000r\000r\000e\000c\000t\000C\000e\000l\000l\000s\000\050\000\051}{subsection.9.22.3}% 330
\BOOKMARK [3][-]{subsubsection.9.22.3.4}{\376\377\000s\000e\000t\000G\000u\000i\000d\000e\000d\000B\000u\000t\000t\000o\000n\000V\000i\000s\000i\000b\000l\000e\000\050\000\051}{subsection.9.22.3}% 331
\BOOKMARK [3][-]{subsubsection.9.22.3.5}{\376\377\000s\000e\000t\000G\000u\000i\000d\000e\000d\000M\000o\000d\000e\000A\000c\000t\000i\000v\000e\000\050\000\051}{subsection.9.22.3}% 332
\BOOKMARK [3][-]{subsubsection.9.22.3.6}{\376\377\000s\000e\000t\000I\000n\000i\000t\000i\000a\000l\000D\000a\000t\000a\000\050\000\051}{subsection.9.22.3}% 333
\BOOKMARK [3][-]{subsubsection.9.22.3.7}{\376\377\000s\000u\000b\000m\000i\000t\000t\000e\000d}{subsection.9.22.3}% 334
\BOOKMARK [1][-]{section.9.23}{\376\377\000L\000L\000T\000u\000t\000o\000r\000W\000i\000n\000d\000o\000w\000\040\000C\000l\000a\000s\000s\000\040\000R\000e\000f\000e\000r\000e\000n\000c\000e}{chapter.9}% 335
\BOOKMARK [2][-]{subsection.9.23.1}{\376\377\000D\000e\000t\000a\000i\000l\000e\000d\000\040\000D\000e\000s\000c\000r\000i\000p\000t\000i\000o\000n}{section.9.23}% 336
\BOOKMARK [2][-]{subsection.9.23.2}{\376\377\000C\000o\000n\000s\000t\000r\000u\000c\000t\000o\000r\000\040\000\046\000\040\000D\000e\000s\000t\000r\000u\000c\000t\000o\000r\000\040\000D\000o\000c\000u\000m\000e\000n\000t\000a\000t\000i\000o\000n}{section.9.23}% 337
\BOOKMARK [3][-]{subsubsection.9.23.2.1}{\376\377\000L\000L\000T\000u\000t\000o\000r\000W\000i\000n\000d\000o\000w\000\050\000\051}{subsection.9.23.2}% 338
\BOOKMARK [3][-]{subsubsection.9.23.2.2}{\376\377\000~\000L\000L\000T\000u\000t\000o\000r\000W\000i\000n\000d\000o\000w\000\050\000\051}{subsection.9.23.2}% 339
\BOOKMARK [2][-]{subsection.9.23.3}{\376\377\000M\000e\000m\000b\000e\000r\000\040\000F\000u\000n\000c\000t\000i\000o\000n\000\040\000D\000o\000c\000u\000m\000e\000n\000t\000a\000t\000i\000o\000n}{section.9.23}% 340
\BOOKMARK [3][-]{subsubsection.9.23.3.1}{\376\377\000a\000d\000d\000G\000r\000a\000m\000m\000a\000r\000M\000e\000s\000s\000a\000g\000e\000\050\000\051}{subsection.9.23.3}% 341
\BOOKMARK [3][-]{subsubsection.9.23.3.2}{\376\377\000a\000d\000d\000M\000e\000s\000s\000a\000g\000e\000\050\000\051}{subsection.9.23.3}% 342
\BOOKMARK [3][-]{subsubsection.9.23.3.3}{\376\377\000a\000d\000d\000W\000i\000d\000g\000e\000t\000M\000e\000s\000s\000a\000g\000e\000\050\000\051}{subsection.9.23.3}% 343
\BOOKMARK [3][-]{subsubsection.9.23.3.4}{\376\377\000a\000n\000i\000m\000a\000t\000e\000L\000a\000b\000e\000l\000C\000o\000l\000o\000r\000\050\000\051}{subsection.9.23.3}% 344
\BOOKMARK [3][-]{subsubsection.9.23.3.5}{\376\377\000a\000n\000i\000m\000a\000t\000e\000L\000a\000b\000e\000l\000P\000o\000p\000\050\000\051}{subsection.9.23.3}% 345
\BOOKMARK [3][-]{subsubsection.9.23.3.6}{\376\377\000a\000p\000p\000l\000y\000T\000e\000x\000t\000S\000c\000a\000l\000e\000\050\000\051}{subsection.9.23.3}% 346
\BOOKMARK [3][-]{subsubsection.9.23.3.7}{\376\377\000b\000u\000i\000l\000d\000G\000r\000a\000m\000m\000a\000r\000R\000o\000w\000s\000\050\000\051}{subsection.9.23.3}% 347
\BOOKMARK [3][-]{subsubsection.9.23.3.8}{\376\377\000b\000u\000i\000l\000d\000T\000r\000e\000e\000N\000o\000d\000e\000\050\000\051}{subsection.9.23.3}% 348
\BOOKMARK [3][-]{subsubsection.9.23.3.9}{\376\377\000c\000l\000o\000s\000e\000E\000v\000e\000n\000t\000\050\000\051}{subsection.9.23.3}% 349
\BOOKMARK [3][-]{subsubsection.9.23.3.10}{\376\377\000c\000o\000m\000p\000u\000t\000e\000S\000u\000b\000t\000r\000e\000e\000W\000i\000d\000t\000h\000\050\000\051}{subsection.9.23.3}% 350
\BOOKMARK [3][-]{subsubsection.9.23.3.11}{\376\377\000c\000o\000n\000f\000i\000r\000m\000E\000x\000i\000t\000T\000o\000H\000o\000m\000e\000\050\000\051}{subsection.9.23.3}% 351
\BOOKMARK [3][-]{subsubsection.9.23.3.12}{\376\377\000c\000o\000n\000n\000e\000c\000t\000G\000u\000i\000d\000e\000d\000M\000o\000d\000e\000\050\000\051}{subsection.9.23.3}% 352
\BOOKMARK [3][-]{subsubsection.9.23.3.13}{\376\377\000d\000r\000a\000w\000T\000r\000e\000e\000\050\000\051}{subsection.9.23.3}% 353
\BOOKMARK [3][-]{subsubsection.9.23.3.14}{\376\377\000e\000v\000e\000n\000t\000F\000i\000l\000t\000e\000r\000\050\000\051}{subsection.9.23.3}% 354
\BOOKMARK [3][-]{subsubsection.9.23.3.15}{\376\377\000e\000x\000a\000m\000S\000o\000l\000u\000t\000i\000o\000n\000T\000e\000x\000t\000\050\000\051}{subsection.9.23.3}% 355
\BOOKMARK [3][-]{subsubsection.9.23.3.16}{\376\377\000e\000x\000i\000t\000R\000e\000q\000u\000e\000s\000t\000e\000d}{subsection.9.23.3}% 356
\BOOKMARK [3][-]{subsubsection.9.23.3.17}{\376\377\000e\000x\000p\000o\000r\000t\000C\000o\000n\000v\000e\000r\000s\000a\000t\000i\000o\000n\000T\000o\000P\000d\000f\000\050\000\051}{subsection.9.23.3}% 357
\BOOKMARK [3][-]{subsubsection.9.23.3.18}{\376\377\000f\000e\000e\000d\000b\000a\000c\000k\000\050\000\051}{subsection.9.23.3}% 358
\BOOKMARK [3][-]{subsubsection.9.23.3.19}{\376\377\000f\000e\000e\000d\000b\000a\000c\000k\000F\000o\000r\000A\000\050\000\051}{subsection.9.23.3}% 359
\BOOKMARK [3][-]{subsubsection.9.23.3.20}{\376\377\000f\000e\000e\000d\000b\000a\000c\000k\000F\000o\000r\000A\0001\000\050\000\051}{subsection.9.23.3}% 360
\BOOKMARK [3][-]{subsubsection.9.23.3.21}{\376\377\000f\000e\000e\000d\000b\000a\000c\000k\000F\000o\000r\000A\0002\000\050\000\051}{subsection.9.23.3}% 361
\BOOKMARK [3][-]{subsubsection.9.23.3.22}{\376\377\000f\000e\000e\000d\000b\000a\000c\000k\000F\000o\000r\000A\000P\000r\000i\000m\000e\000\050\000\051}{subsection.9.23.3}% 362
\BOOKMARK [3][-]{subsubsection.9.23.3.23}{\376\377\000f\000e\000e\000d\000b\000a\000c\000k\000F\000o\000r\000B\000\050\000\051}{subsection.9.23.3}% 363
\BOOKMARK [3][-]{subsubsection.9.23.3.24}{\376\377\000f\000e\000e\000d\000b\000a\000c\000k\000F\000o\000r\000B\0001\000\050\000\051}{subsection.9.23.3}% 364
\BOOKMARK [3][-]{subsubsection.9.23.3.25}{\376\377\000f\000e\000e\000d\000b\000a\000c\000k\000F\000o\000r\000B\0001\000T\000r\000e\000e\000G\000r\000a\000p\000h\000i\000c\000s\000\050\000\051}{subsection.9.23.3}% 365
\BOOKMARK [3][-]{subsubsection.9.23.3.26}{\376\377\000f\000e\000e\000d\000b\000a\000c\000k\000F\000o\000r\000B\0001\000T\000r\000e\000e\000W\000i\000d\000g\000e\000t\000\050\000\051}{subsection.9.23.3}% 366
\BOOKMARK [3][-]{subsubsection.9.23.3.27}{\376\377\000f\000e\000e\000d\000b\000a\000c\000k\000F\000o\000r\000B\0002\000\050\000\051}{subsection.9.23.3}% 367
\BOOKMARK [3][-]{subsubsection.9.23.3.28}{\376\377\000f\000e\000e\000d\000b\000a\000c\000k\000F\000o\000r\000B\000P\000r\000i\000m\000e\000\050\000\051}{subsection.9.23.3}% 368
\BOOKMARK [3][-]{subsubsection.9.23.3.29}{\376\377\000f\000e\000e\000d\000b\000a\000c\000k\000F\000o\000r\000C\000\050\000\051}{subsection.9.23.3}% 369
\BOOKMARK [3][-]{subsubsection.9.23.3.30}{\376\377\000f\000e\000e\000d\000b\000a\000c\000k\000F\000o\000r\000C\000P\000r\000i\000m\000e\000\050\000\051}{subsection.9.23.3}% 370
\BOOKMARK [3][-]{subsubsection.9.23.3.31}{\376\377\000F\000o\000r\000m\000a\000t\000G\000r\000a\000m\000m\000a\000r\000\050\000\051}{subsection.9.23.3}% 371
\BOOKMARK [3][-]{subsubsection.9.23.3.32}{\376\377\000g\000e\000n\000e\000r\000a\000t\000e\000Q\000u\000e\000s\000t\000i\000o\000n\000\050\000\051}{subsection.9.23.3}% 372
\BOOKMARK [3][-]{subsubsection.9.23.3.33}{\376\377\000h\000a\000n\000d\000l\000e\000T\000a\000b\000l\000e\000S\000u\000b\000m\000i\000s\000s\000i\000o\000n\000\050\000\051}{subsection.9.23.3}% 373
\BOOKMARK [3][-]{subsubsection.9.23.3.34}{\376\377\000m\000a\000r\000k\000L\000a\000s\000t\000U\000s\000e\000r\000I\000n\000c\000o\000r\000r\000e\000c\000t\000\050\000\051}{subsection.9.23.3}% 374
\BOOKMARK [3][-]{subsubsection.9.23.3.35}{\376\377\000p\000o\000s\000t\000Q\000u\000e\000s\000t\000i\000o\000n\000\050\000\051}{subsection.9.23.3}% 375
\BOOKMARK [3][-]{subsubsection.9.23.3.36}{\376\377\000p\000r\000o\000m\000p\000t\000E\000x\000p\000o\000r\000t\000F\000i\000l\000e\000P\000a\000t\000h\000\050\000\051}{subsection.9.23.3}% 376
\BOOKMARK [3][-]{subsubsection.9.23.3.37}{\376\377\000s\000c\000o\000r\000e\000E\000x\000a\000m\000T\000a\000b\000l\000e\000\050\000\051}{subsection.9.23.3}% 377
\BOOKMARK [3][-]{subsubsection.9.23.3.38}{\376\377\000s\000e\000s\000s\000i\000o\000n\000F\000i\000n\000i\000s\000h\000e\000d}{subsection.9.23.3}% 378
\BOOKMARK [3][-]{subsubsection.9.23.3.39}{\376\377\000s\000h\000o\000w\000E\000x\000a\000m\000R\000e\000p\000o\000r\000t\000\050\000\051}{subsection.9.23.3}% 379
\BOOKMARK [3][-]{subsubsection.9.23.3.40}{\376\377\000s\000h\000o\000w\000T\000a\000b\000l\000e\000\050\000\051}{subsection.9.23.3}% 380
\BOOKMARK [3][-]{subsubsection.9.23.3.41}{\376\377\000s\000h\000o\000w\000T\000a\000b\000l\000e\000F\000o\000r\000C\000P\000r\000i\000m\000e\000\050\000\051}{subsection.9.23.3}% 381
\BOOKMARK [3][-]{subsubsection.9.23.3.42}{\376\377\000s\000h\000o\000w\000T\000r\000e\000e\000G\000r\000a\000p\000h\000i\000c\000s\000\050\000\051}{subsection.9.23.3}% 382
\BOOKMARK [3][-]{subsubsection.9.23.3.43}{\376\377\000s\000o\000l\000u\000t\000i\000o\000n\000\050\000\051}{subsection.9.23.3}% 383
\BOOKMARK [3][-]{subsubsection.9.23.3.44}{\376\377\000s\000o\000l\000u\000t\000i\000o\000n\000F\000o\000r\000A\000\050\000\051}{subsection.9.23.3}% 384
\BOOKMARK [3][-]{subsubsection.9.23.3.45}{\376\377\000s\000o\000l\000u\000t\000i\000o\000n\000F\000o\000r\000A\0001\000\050\000\051}{subsection.9.23.3}% 385
\BOOKMARK [3][-]{subsubsection.9.23.3.46}{\376\377\000s\000o\000l\000u\000t\000i\000o\000n\000F\000o\000r\000A\0002\000\050\000\051}{subsection.9.23.3}% 386
\BOOKMARK [3][-]{subsubsection.9.23.3.47}{\376\377\000s\000o\000l\000u\000t\000i\000o\000n\000F\000o\000r\000B\000\050\000\051}{subsection.9.23.3}% 387
\BOOKMARK [3][-]{subsubsection.9.23.3.48}{\376\377\000s\000o\000l\000u\000t\000i\000o\000n\000F\000o\000r\000B\0001\000\050\000\051}{subsection.9.23.3}% 388
\BOOKMARK [3][-]{subsubsection.9.23.3.49}{\376\377\000s\000o\000l\000u\000t\000i\000o\000n\000F\000o\000r\000B\0002\000\050\000\051}{subsection.9.23.3}% 389
\BOOKMARK [3][-]{subsubsection.9.23.3.50}{\376\377\000T\000e\000a\000c\000h\000F\000i\000r\000s\000t\000T\000r\000e\000e\000\050\000\051}{subsection.9.23.3}% 390
\BOOKMARK [3][-]{subsubsection.9.23.3.51}{\376\377\000T\000e\000a\000c\000h\000F\000o\000l\000l\000o\000w\000\050\000\051}{subsection.9.23.3}% 391
\BOOKMARK [3][-]{subsubsection.9.23.3.52}{\376\377\000T\000e\000a\000c\000h\000L\000L\0001\000T\000a\000b\000l\000e\000\050\000\051}{subsection.9.23.3}% 392
\BOOKMARK [3][-]{subsubsection.9.23.3.53}{\376\377\000T\000e\000a\000c\000h\000P\000r\000e\000d\000i\000c\000t\000i\000o\000n\000S\000y\000m\000b\000o\000l\000s\000\050\000\051}{subsection.9.23.3}% 393
\BOOKMARK [3][-]{subsubsection.9.23.3.54}{\376\377\000u\000p\000d\000a\000t\000e\000P\000l\000a\000c\000e\000h\000o\000l\000d\000e\000r\000\050\000\051}{subsection.9.23.3}% 394
\BOOKMARK [3][-]{subsubsection.9.23.3.55}{\376\377\000u\000p\000d\000a\000t\000e\000P\000r\000o\000g\000r\000e\000s\000s\000P\000a\000n\000e\000l\000\050\000\051}{subsection.9.23.3}% 395
\BOOKMARK [3][-]{subsubsection.9.23.3.56}{\376\377\000u\000p\000d\000a\000t\000e\000S\000t\000a\000t\000e\000\050\000\051}{subsection.9.23.3}% 396
\BOOKMARK [3][-]{subsubsection.9.23.3.57}{\376\377\000v\000e\000r\000i\000f\000y\000R\000e\000s\000p\000o\000n\000s\000e\000\050\000\051}{subsection.9.23.3}% 397
\BOOKMARK [3][-]{subsubsection.9.23.3.58}{\376\377\000v\000e\000r\000i\000f\000y\000R\000e\000s\000p\000o\000n\000s\000e\000F\000o\000r\000A\000\050\000\051}{subsection.9.23.3}% 398
\BOOKMARK [3][-]{subsubsection.9.23.3.59}{\376\377\000v\000e\000r\000i\000f\000y\000R\000e\000s\000p\000o\000n\000s\000e\000F\000o\000r\000A\0001\000\050\000\051}{subsection.9.23.3}% 399
\BOOKMARK [3][-]{subsubsection.9.23.3.60}{\376\377\000v\000e\000r\000i\000f\000y\000R\000e\000s\000p\000o\000n\000s\000e\000F\000o\000r\000A\0002\000\050\000\051}{subsection.9.23.3}% 400
\BOOKMARK [3][-]{subsubsection.9.23.3.61}{\376\377\000v\000e\000r\000i\000f\000y\000R\000e\000s\000p\000o\000n\000s\000e\000F\000o\000r\000B\000\050\000\051}{subsection.9.23.3}% 401
\BOOKMARK [3][-]{subsubsection.9.23.3.62}{\376\377\000v\000e\000r\000i\000f\000y\000R\000e\000s\000p\000o\000n\000s\000e\000F\000o\000r\000B\0001\000\050\000\051}{subsection.9.23.3}% 402
\BOOKMARK [3][-]{subsubsection.9.23.3.63}{\376\377\000v\000e\000r\000i\000f\000y\000R\000e\000s\000p\000o\000n\000s\000e\000F\000o\000r\000B\0002\000\050\000\051}{subsection.9.23.3}% 403
\BOOKMARK [3][-]{subsubsection.9.23.3.64}{\376\377\000v\000e\000r\000i\000f\000y\000R\000e\000s\000p\000o\000n\000s\000e\000F\000o\000r\000C\000\050\000\051}{subsection.9.23.3}% 404
\BOOKMARK [3][-]{subsubsection.9.23.3.65}{\376\377\000w\000r\000o\000n\000g\000A\000n\000i\000m\000a\000t\000i\000o\000n\000\050\000\051}{subsection.9.23.3}% 405
\BOOKMARK [3][-]{subsubsection.9.23.3.66}{\376\377\000w\000r\000o\000n\000g\000U\000s\000e\000r\000R\000e\000s\000p\000o\000n\000s\000e\000A\000n\000i\000m\000a\000t\000i\000o\000n\000\050\000\051}{subsection.9.23.3}% 406
\BOOKMARK [1][-]{section.9.24}{\376\377\000L\000L\000W\000i\000z\000a\000r\000d\000\040\000C\000l\000a\000s\000s\000\040\000R\000e\000f\000e\000r\000e\000n\000c\000e}{chapter.9}% 407
\BOOKMARK [2][-]{subsection.9.24.1}{\376\377\000D\000e\000t\000a\000i\000l\000e\000d\000\040\000D\000e\000s\000c\000r\000i\000p\000t\000i\000o\000n}{section.9.24}% 408
\BOOKMARK [2][-]{subsection.9.24.2}{\376\377\000C\000o\000n\000s\000t\000r\000u\000c\000t\000o\000r\000\040\000\046\000\040\000D\000e\000s\000t\000r\000u\000c\000t\000o\000r\000\040\000D\000o\000c\000u\000m\000e\000n\000t\000a\000t\000i\000o\000n}{section.9.24}% 409
\BOOKMARK [3][-]{subsubsection.9.24.2.1}{\376\377\000L\000L\000W\000i\000z\000a\000r\000d\000\050\000\051}{subsection.9.24.2}% 410
\BOOKMARK [2][-]{subsection.9.24.3}{\376\377\000M\000e\000m\000b\000e\000r\000\040\000F\000u\000n\000c\000t\000i\000o\000n\000\040\000D\000o\000c\000u\000m\000e\000n\000t\000a\000t\000i\000o\000n}{section.9.24}% 411
\BOOKMARK [3][-]{subsubsection.9.24.3.1}{\376\377\000c\000l\000o\000s\000e\000B\000u\000t\000t\000o\000n\000\050\000\051}{subsection.9.24.3}% 412
\BOOKMARK [3][-]{subsubsection.9.24.3.2}{\376\377\000c\000u\000r\000r\000e\000n\000t\000P\000a\000g\000e\000\050\000\051}{subsection.9.24.3}% 413
\BOOKMARK [3][-]{subsubsection.9.24.3.3}{\376\377\000i\000s\000O\000n\000L\000a\000s\000t\000P\000a\000g\000e\000\050\000\051}{subsection.9.24.3}% 414
\BOOKMARK [3][-]{subsubsection.9.24.3.4}{\376\377\000n\000e\000x\000t\000B\000u\000t\000t\000o\000n\000\050\000\051}{subsection.9.24.3}% 415
\BOOKMARK [1][-]{section.9.25}{\376\377\000L\000L\000W\000i\000z\000a\000r\000d\000P\000a\000g\000e\000\040\000C\000l\000a\000s\000s\000\040\000R\000e\000f\000e\000r\000e\000n\000c\000e}{chapter.9}% 416
\BOOKMARK [2][-]{subsection.9.25.1}{\376\377\000D\000e\000t\000a\000i\000l\000e\000d\000\040\000D\000e\000s\000c\000r\000i\000p\000t\000i\000o\000n}{section.9.25}% 417
\BOOKMARK [2][-]{subsection.9.25.2}{\376\377\000C\000o\000n\000s\000t\000r\000u\000c\000t\000o\000r\000\040\000\046\000\040\000D\000e\000s\000t\000r\000u\000c\000t\000o\000r\000\040\000D\000o\000c\000u\000m\000e\000n\000t\000a\000t\000i\000o\000n}{section.9.25}% 418
\BOOKMARK [3][-]{subsubsection.9.25.2.1}{\376\377\000L\000L\000W\000i\000z\000a\000r\000d\000P\000a\000g\000e\000\050\000\051}{subsection.9.25.2}% 419
\BOOKMARK [2][-]{subsection.9.25.3}{\376\377\000M\000e\000m\000b\000e\000r\000\040\000F\000u\000n\000c\000t\000i\000o\000n\000\040\000D\000o\000c\000u\000m\000e\000n\000t\000a\000t\000i\000o\000n}{section.9.25}% 420
\BOOKMARK [3][-]{subsubsection.9.25.3.1}{\376\377\000c\000o\000m\000p\000l\000e\000t\000i\000o\000n\000C\000h\000a\000n\000g\000e\000d}{subsection.9.25.3}% 421
\BOOKMARK [3][-]{subsubsection.9.25.3.2}{\376\377\000f\000o\000c\000u\000s\000A\000n\000s\000w\000e\000r\000F\000i\000e\000l\000d\000\050\000\051}{subsection.9.25.3}% 422
\BOOKMARK [3][-]{subsubsection.9.25.3.3}{\376\377\000i\000s\000C\000o\000m\000p\000l\000e\000t\000e\000\050\000\051}{subsection.9.25.3}% 423
\BOOKMARK [3][-]{subsubsection.9.25.3.4}{\376\377\000r\000e\000s\000i\000z\000e\000E\000v\000e\000n\000t\000\050\000\051}{subsection.9.25.3}% 424
\BOOKMARK [3][-]{subsubsection.9.25.3.5}{\376\377\000s\000u\000b\000m\000i\000t\000R\000e\000q\000u\000e\000s\000t\000e\000d}{subsection.9.25.3}% 425
\BOOKMARK [3][-]{subsubsection.9.25.3.6}{\376\377\000t\000i\000t\000l\000e\000T\000e\000x\000t\000\050\000\051}{subsection.9.25.3}% 426
\BOOKMARK [1][-]{section.9.26}{\376\377\000L\000r\0000\000I\000t\000e\000m\000\040\000S\000t\000r\000u\000c\000t\000\040\000R\000e\000f\000e\000r\000e\000n\000c\000e}{chapter.9}% 427
\BOOKMARK [2][-]{subsection.9.26.1}{\376\377\000D\000e\000t\000a\000i\000l\000e\000d\000\040\000D\000e\000s\000c\000r\000i\000p\000t\000i\000o\000n}{section.9.26}% 428
\BOOKMARK [2][-]{subsection.9.26.2}{\376\377\000C\000o\000n\000s\000t\000r\000u\000c\000t\000o\000r\000\040\000\046\000\040\000D\000e\000s\000t\000r\000u\000c\000t\000o\000r\000\040\000D\000o\000c\000u\000m\000e\000n\000t\000a\000t\000i\000o\000n}{section.9.26}% 429
\BOOKMARK [3][-]{subsubsection.9.26.2.1}{\376\377\000L\000r\0000\000I\000t\000e\000m\000\050\000\051\000\040\000[\0001\000/\0002\000]}{subsection.9.26.2}% 430
\BOOKMARK [3][-]{subsubsection.9.26.2.2}{\376\377\000L\000r\0000\000I\000t\000e\000m\000\050\000\051\000\040\000[\0002\000/\0002\000]}{subsection.9.26.2}% 431
\BOOKMARK [2][-]{subsection.9.26.3}{\376\377\000M\000e\000m\000b\000e\000r\000\040\000F\000u\000n\000c\000t\000i\000o\000n\000\040\000D\000o\000c\000u\000m\000e\000n\000t\000a\000t\000i\000o\000n}{section.9.26}% 432
\BOOKMARK [3][-]{subsubsection.9.26.3.1}{\376\377\000A\000d\000v\000a\000n\000c\000e\000D\000o\000t\000\050\000\051}{subsection.9.26.3}% 433
\BOOKMARK [3][-]{subsubsection.9.26.3.2}{\376\377\000I\000s\000C\000o\000m\000p\000l\000e\000t\000e\000\050\000\051}{subsection.9.26.3}% 434
\BOOKMARK [3][-]{subsubsection.9.26.3.3}{\376\377\000N\000e\000x\000t\000T\000o\000D\000o\000t\000\050\000\051}{subsection.9.26.3}% 435
\BOOKMARK [3][-]{subsubsection.9.26.3.4}{\376\377\000o\000p\000e\000r\000a\000t\000o\000r\000=\000=\000\050\000\051}{subsection.9.26.3}% 436
\BOOKMARK [3][-]{subsubsection.9.26.3.5}{\376\377\000P\000r\000i\000n\000t\000I\000t\000e\000m\000\050\000\051}{subsection.9.26.3}% 437
\BOOKMARK [3][-]{subsubsection.9.26.3.6}{\376\377\000T\000o\000S\000t\000r\000i\000n\000g\000\050\000\051}{subsection.9.26.3}% 438
\BOOKMARK [2][-]{subsection.9.26.4}{\376\377\000M\000e\000m\000b\000e\000r\000\040\000D\000a\000t\000a\000\040\000D\000o\000c\000u\000m\000e\000n\000t\000a\000t\000i\000o\000n}{section.9.26}% 439
\BOOKMARK [3][-]{subsubsection.9.26.4.1}{\376\377\000a\000n\000t\000e\000c\000e\000d\000e\000n\000t\000\137}{subsection.9.26.4}% 440
\BOOKMARK [3][-]{subsubsection.9.26.4.2}{\376\377\000c\000o\000n\000s\000e\000q\000u\000e\000n\000t\000\137}{subsection.9.26.4}% 441
\BOOKMARK [3][-]{subsubsection.9.26.4.3}{\376\377\000d\000o\000t\000\137}{subsection.9.26.4}% 442
\BOOKMARK [3][-]{subsubsection.9.26.4.4}{\376\377\000e\000o\000l\000\137}{subsection.9.26.4}% 443
\BOOKMARK [3][-]{subsubsection.9.26.4.5}{\376\377\000e\000p\000s\000i\000l\000o\000n\000\137}{subsection.9.26.4}% 444
\BOOKMARK [1][-]{section.9.27}{\376\377\000M\000a\000i\000n\000W\000i\000n\000d\000o\000w\000\040\000C\000l\000a\000s\000s\000\040\000R\000e\000f\000e\000r\000e\000n\000c\000e}{chapter.9}% 445
\BOOKMARK [2][-]{subsection.9.27.1}{\376\377\000D\000e\000t\000a\000i\000l\000e\000d\000\040\000D\000e\000s\000c\000r\000i\000p\000t\000i\000o\000n}{section.9.27}% 446
\BOOKMARK [2][-]{subsection.9.27.2}{\376\377\000C\000o\000n\000s\000t\000r\000u\000c\000t\000o\000r\000\040\000\046\000\040\000D\000e\000s\000t\000r\000u\000c\000t\000o\000r\000\040\000D\000o\000c\000u\000m\000e\000n\000t\000a\000t\000i\000o\000n}{section.9.27}% 447
\BOOKMARK [3][-]{subsubsection.9.27.2.1}{\376\377\000M\000a\000i\000n\000W\000i\000n\000d\000o\000w\000\050\000\051}{subsection.9.27.2}% 448
\BOOKMARK [3][-]{subsubsection.9.27.2.2}{\376\377\000~\000M\000a\000i\000n\000W\000i\000n\000d\000o\000w\000\050\000\051}{subsection.9.27.2}% 449
\BOOKMARK [2][-]{subsection.9.27.3}{\376\377\000M\000e\000m\000b\000e\000r\000\040\000F\000u\000n\000c\000t\000i\000o\000n\000\040\000D\000o\000c\000u\000m\000e\000n\000t\000a\000t\000i\000o\000n}{section.9.27}% 450
\BOOKMARK [3][-]{subsubsection.9.27.3.1}{\376\377\000s\000e\000t\000U\000s\000e\000r\000L\000e\000v\000e\000l\000\050\000\051}{subsection.9.27.3}% 451
\BOOKMARK [3][-]{subsubsection.9.27.3.2}{\376\377\000t\000h\000r\000e\000s\000h\000o\000l\000d\000F\000o\000r\000\050\000\051}{subsection.9.27.3}% 452
\BOOKMARK [3][-]{subsubsection.9.27.3.3}{\376\377\000u\000s\000e\000r\000L\000e\000v\000e\000l\000\050\000\051}{subsection.9.27.3}% 453
\BOOKMARK [3][-]{subsubsection.9.27.3.4}{\376\377\000u\000s\000e\000r\000L\000e\000v\000e\000l\000C\000h\000a\000n\000g\000e\000d}{subsection.9.27.3}% 454
\BOOKMARK [3][-]{subsubsection.9.27.3.5}{\376\377\000u\000s\000e\000r\000L\000e\000v\000e\000l\000U\000p}{subsection.9.27.3}% 455
\BOOKMARK [2][-]{subsection.9.27.4}{\376\377\000P\000r\000o\000p\000e\000r\000t\000y\000\040\000D\000o\000c\000u\000m\000e\000n\000t\000a\000t\000i\000o\000n}{section.9.27}% 456
\BOOKMARK [3][-]{subsubsection.9.27.4.1}{\376\377\000u\000s\000e\000r\000L\000e\000v\000e\000l}{subsection.9.27.4}% 457
\BOOKMARK [1][-]{section.9.28}{\376\377\000C\000o\000n\000v\000e\000r\000s\000a\000t\000i\000o\000n\000P\000d\000f\000:\000:\000M\000e\000s\000s\000a\000g\000e\000\040\000S\000t\000r\000u\000c\000t\000\040\000R\000e\000f\000e\000r\000e\000n\000c\000e}{chapter.9}% 458
\BOOKMARK [2][-]{subsection.9.28.1}{\376\377\000D\000e\000t\000a\000i\000l\000e\000d\000\040\000D\000e\000s\000c\000r\000i\000p\000t\000i\000o\000n}{section.9.28}% 459
\BOOKMARK [2][-]{subsection.9.28.2}{\376\377\000M\000e\000m\000b\000e\000r\000\040\000D\000a\000t\000a\000\040\000D\000o\000c\000u\000m\000e\000n\000t\000a\000t\000i\000o\000n}{section.9.28}% 460
\BOOKMARK [3][-]{subsubsection.9.28.2.1}{\376\377\000c\000o\000r\000r\000e\000c\000t}{subsection.9.28.2}% 461
\BOOKMARK [3][-]{subsubsection.9.28.2.2}{\376\377\000f\000r\000o\000m\000S\000t\000u\000d\000e\000n\000t}{subsection.9.28.2}% 462
\BOOKMARK [3][-]{subsubsection.9.28.2.3}{\376\377\000t\000e\000x\000t}{subsection.9.28.2}% 463
\BOOKMARK [1][-]{section.9.29}{\376\377\000G\000r\000a\000m\000m\000a\000r\000V\000i\000e\000w\000:\000:\000R\000o\000w\000\040\000S\000t\000r\000u\000c\000t\000\040\000R\000e\000f\000e\000r\000e\000n\000c\000e}{chapter.9}% 464
\BOOKMARK [2][-]{subsection.9.29.1}{\376\377\000M\000e\000m\000b\000e\000r\000\040\000D\000a\000t\000a\000\040\000D\000o\000c\000u\000m\000e\000n\000t\000a\000t\000i\000o\000n}{section.9.29}% 465
\BOOKMARK [3][-]{subsubsection.9.29.1.1}{\376\377\000i\000n\000d\000e\000x}{subsection.9.29.1}% 466
\BOOKMARK [3][-]{subsubsection.9.29.1.2}{\376\377\000l\000h\000s}{subsection.9.29.1}% 467
\BOOKMARK [3][-]{subsubsection.9.29.1.3}{\376\377\000m\000a\000r\000k\000e\000r}{subsection.9.29.1}% 468
\BOOKMARK [3][-]{subsubsection.9.29.1.4}{\376\377\000r\000h\000s}{subsection.9.29.1}% 469
\BOOKMARK [1][-]{section.9.30}{\376\377\000S\000L\000R\0001\000P\000a\000r\000s\000e\000r\000:\000:\000s\000\137\000a\000c\000t\000i\000o\000n\000\040\000S\000t\000r\000u\000c\000t\000\040\000R\000e\000f\000e\000r\000e\000n\000c\000e}{chapter.9}% 470
\BOOKMARK [2][-]{subsection.9.30.1}{\376\377\000M\000e\000m\000b\000e\000r\000\040\000D\000a\000t\000a\000\040\000D\000o\000c\000u\000m\000e\000n\000t\000a\000t\000i\000o\000n}{section.9.30}% 471
\BOOKMARK [3][-]{subsubsection.9.30.1.1}{\376\377\000a\000c\000t\000i\000o\000n}{subsection.9.30.1}% 472
\BOOKMARK [3][-]{subsubsection.9.30.1.2}{\376\377\000i\000t\000e\000m}{subsection.9.30.1}% 473
\BOOKMARK [1][-]{section.9.31}{\376\377\000S\000L\000R\0001\000P\000a\000r\000s\000e\000r\000\040\000C\000l\000a\000s\000s\000\040\000R\000e\000f\000e\000r\000e\000n\000c\000e}{chapter.9}% 474
\BOOKMARK [2][-]{subsection.9.31.1}{\376\377\000D\000e\000t\000a\000i\000l\000e\000d\000\040\000D\000e\000s\000c\000r\000i\000p\000t\000i\000o\000n}{section.9.31}% 475
\BOOKMARK [2][-]{subsection.9.31.2}{\376\377\000M\000e\000m\000b\000e\000r\000\040\000T\000y\000p\000e\000d\000e\000f\000\040\000D\000o\000c\000u\000m\000e\000n\000t\000a\000t\000i\000o\000n}{section.9.31}% 476
\BOOKMARK [3][-]{subsubsection.9.31.2.1}{\376\377\000a\000c\000t\000i\000o\000n\000\137\000t\000a\000b\000l\000e}{subsection.9.31.2}% 477
\BOOKMARK [3][-]{subsubsection.9.31.2.2}{\376\377\000t\000r\000a\000n\000s\000i\000t\000i\000o\000n\000\137\000t\000a\000b\000l\000e}{subsection.9.31.2}% 478
\BOOKMARK [2][-]{subsection.9.31.3}{\376\377\000M\000e\000m\000b\000e\000r\000\040\000E\000n\000u\000m\000e\000r\000a\000t\000i\000o\000n\000\040\000D\000o\000c\000u\000m\000e\000n\000t\000a\000t\000i\000o\000n}{section.9.31}% 479
\BOOKMARK [3][-]{subsubsection.9.31.3.1}{\376\377\000A\000c\000t\000i\000o\000n}{subsection.9.31.3}% 480
\BOOKMARK [2][-]{subsection.9.31.4}{\376\377\000C\000o\000n\000s\000t\000r\000u\000c\000t\000o\000r\000\040\000\046\000\040\000D\000e\000s\000t\000r\000u\000c\000t\000o\000r\000\040\000D\000o\000c\000u\000m\000e\000n\000t\000a\000t\000i\000o\000n}{section.9.31}% 481
\BOOKMARK [3][-]{subsubsection.9.31.4.1}{\376\377\000S\000L\000R\0001\000P\000a\000r\000s\000e\000r\000\050\000\051\000\040\000[\0001\000/\0002\000]}{subsection.9.31.4}% 482
\BOOKMARK [3][-]{subsubsection.9.31.4.2}{\376\377\000S\000L\000R\0001\000P\000a\000r\000s\000e\000r\000\050\000\051\000\040\000[\0002\000/\0002\000]}{subsection.9.31.4}% 483
\BOOKMARK [2][-]{subsection.9.31.5}{\376\377\000M\000e\000m\000b\000e\000r\000\040\000F\000u\000n\000c\000t\000i\000o\000n\000\040\000D\000o\000c\000u\000m\000e\000n\000t\000a\000t\000i\000o\000n}{section.9.31}% 484
\BOOKMARK [3][-]{subsubsection.9.31.5.1}{\376\377\000A\000l\000l\000I\000t\000e\000m\000s\000\050\000\051}{subsection.9.31.5}% 485
\BOOKMARK [3][-]{subsubsection.9.31.5.2}{\376\377\000C\000l\000o\000s\000u\000r\000e\000\050\000\051}{subsection.9.31.5}% 486
\BOOKMARK [3][-]{subsubsection.9.31.5.3}{\376\377\000C\000l\000o\000s\000u\000r\000e\000U\000t\000i\000l\000\050\000\051}{subsection.9.31.5}% 487
\BOOKMARK [3][-]{subsubsection.9.31.5.4}{\376\377\000C\000o\000m\000p\000u\000t\000e\000F\000i\000r\000s\000t\000S\000e\000t\000s\000\050\000\051}{subsection.9.31.5}% 488
\BOOKMARK [3][-]{subsubsection.9.31.5.5}{\376\377\000C\000o\000m\000p\000u\000t\000e\000F\000o\000l\000l\000o\000w\000S\000e\000t\000s\000\050\000\051}{subsection.9.31.5}% 489
\BOOKMARK [3][-]{subsubsection.9.31.5.6}{\376\377\000D\000e\000l\000t\000a\000\050\000\051}{subsection.9.31.5}% 490
\BOOKMARK [3][-]{subsubsection.9.31.5.7}{\376\377\000F\000i\000r\000s\000t\000\050\000\051}{subsection.9.31.5}% 491
\BOOKMARK [3][-]{subsubsection.9.31.5.8}{\376\377\000F\000o\000l\000l\000o\000w\000\050\000\051}{subsection.9.31.5}% 492
\BOOKMARK [3][-]{subsubsection.9.31.5.9}{\376\377\000M\000a\000k\000e\000I\000n\000i\000t\000i\000a\000l\000S\000t\000a\000t\000e\000\050\000\051}{subsection.9.31.5}% 493
\BOOKMARK [3][-]{subsubsection.9.31.5.10}{\376\377\000M\000a\000k\000e\000P\000a\000r\000s\000e\000r\000\050\000\051}{subsection.9.31.5}% 494
\BOOKMARK [3][-]{subsubsection.9.31.5.11}{\376\377\000P\000r\000i\000n\000t\000I\000t\000e\000m\000s\000\050\000\051}{subsection.9.31.5}% 495
\BOOKMARK [3][-]{subsubsection.9.31.5.12}{\376\377\000S\000o\000l\000v\000e\000L\000R\000C\000o\000n\000f\000l\000i\000c\000t\000s\000\050\000\051}{subsection.9.31.5}% 496
\BOOKMARK [2][-]{subsection.9.31.6}{\376\377\000M\000e\000m\000b\000e\000r\000\040\000D\000a\000t\000a\000\040\000D\000o\000c\000u\000m\000e\000n\000t\000a\000t\000i\000o\000n}{section.9.31}% 497
\BOOKMARK [3][-]{subsubsection.9.31.6.1}{\376\377\000a\000c\000t\000i\000o\000n\000s\000\137}{subsection.9.31.6}% 498
\BOOKMARK [3][-]{subsubsection.9.31.6.2}{\376\377\000f\000i\000r\000s\000t\000\137\000s\000e\000t\000s\000\137}{subsection.9.31.6}% 499
\BOOKMARK [3][-]{subsubsection.9.31.6.3}{\376\377\000f\000o\000l\000l\000o\000w\000\137\000s\000e\000t\000s\000\137}{subsection.9.31.6}% 500
\BOOKMARK [3][-]{subsubsection.9.31.6.4}{\376\377\000g\000r\000\137}{subsection.9.31.6}% 501
\BOOKMARK [3][-]{subsubsection.9.31.6.5}{\376\377\000s\000t\000a\000t\000e\000s\000\137}{subsection.9.31.6}% 502
\BOOKMARK [3][-]{subsubsection.9.31.6.6}{\376\377\000t\000r\000a\000n\000s\000i\000t\000i\000o\000n\000s\000\137}{subsection.9.31.6}% 503
\BOOKMARK [1][-]{section.9.32}{\376\377\000S\000L\000R\000T\000a\000b\000l\000e\000D\000i\000a\000l\000o\000g\000\040\000C\000l\000a\000s\000s\000\040\000R\000e\000f\000e\000r\000e\000n\000c\000e}{chapter.9}% 504
\BOOKMARK [2][-]{subsection.9.32.1}{\376\377\000D\000e\000t\000a\000i\000l\000e\000d\000\040\000D\000e\000s\000c\000r\000i\000p\000t\000i\000o\000n}{section.9.32}% 505
\BOOKMARK [2][-]{subsection.9.32.2}{\376\377\000C\000o\000n\000s\000t\000r\000u\000c\000t\000o\000r\000\040\000\046\000\040\000D\000e\000s\000t\000r\000u\000c\000t\000o\000r\000\040\000D\000o\000c\000u\000m\000e\000n\000t\000a\000t\000i\000o\000n}{section.9.32}% 506
\BOOKMARK [3][-]{subsubsection.9.32.2.1}{\376\377\000S\000L\000R\000T\000a\000b\000l\000e\000D\000i\000a\000l\000o\000g\000\050\000\051}{subsection.9.32.2}% 507
\BOOKMARK [2][-]{subsection.9.32.3}{\376\377\000M\000e\000m\000b\000e\000r\000\040\000F\000u\000n\000c\000t\000i\000o\000n\000\040\000D\000o\000c\000u\000m\000e\000n\000t\000a\000t\000i\000o\000n}{section.9.32}% 508
\BOOKMARK [3][-]{subsubsection.9.32.3.1}{\376\377\000g\000e\000t\000T\000a\000b\000l\000e\000D\000a\000t\000a\000\050\000\051}{subsection.9.32.3}% 509
\BOOKMARK [3][-]{subsubsection.9.32.3.2}{\376\377\000g\000u\000i\000d\000e\000d\000R\000e\000q\000u\000e\000s\000t\000e\000d}{subsection.9.32.3}% 510
\BOOKMARK [3][-]{subsubsection.9.32.3.3}{\376\377\000h\000i\000g\000h\000l\000i\000g\000h\000t\000I\000n\000c\000o\000r\000r\000e\000c\000t\000C\000e\000l\000l\000s\000\050\000\051}{subsection.9.32.3}% 511
\BOOKMARK [3][-]{subsubsection.9.32.3.4}{\376\377\000h\000i\000g\000h\000l\000i\000g\000h\000t\000I\000n\000v\000a\000l\000i\000d\000C\000e\000l\000l\000s\000\050\000\051}{subsection.9.32.3}% 512
\BOOKMARK [3][-]{subsubsection.9.32.3.5}{\376\377\000s\000e\000t\000G\000u\000i\000d\000e\000d\000B\000u\000t\000t\000o\000n\000V\000i\000s\000i\000b\000l\000e\000\050\000\051}{subsection.9.32.3}% 513
\BOOKMARK [3][-]{subsubsection.9.32.3.6}{\376\377\000s\000e\000t\000G\000u\000i\000d\000e\000d\000M\000o\000d\000e\000A\000c\000t\000i\000v\000e\000\050\000\051}{subsection.9.32.3}% 514
\BOOKMARK [3][-]{subsubsection.9.32.3.7}{\376\377\000s\000e\000t\000I\000n\000i\000t\000i\000a\000l\000D\000a\000t\000a\000\050\000\051}{subsection.9.32.3}% 515
\BOOKMARK [3][-]{subsubsection.9.32.3.8}{\376\377\000s\000u\000b\000m\000i\000t\000t\000e\000d}{subsection.9.32.3}% 516
\BOOKMARK [1][-]{section.9.33}{\376\377\000S\000L\000R\000T\000u\000t\000o\000r\000W\000i\000n\000d\000o\000w\000\040\000C\000l\000a\000s\000s\000\040\000R\000e\000f\000e\000r\000e\000n\000c\000e}{chapter.9}% 517
\BOOKMARK [2][-]{subsection.9.33.1}{\376\377\000D\000e\000t\000a\000i\000l\000e\000d\000\040\000D\000e\000s\000c\000r\000i\000p\000t\000i\000o\000n}{section.9.33}% 518
\BOOKMARK [2][-]{subsection.9.33.2}{\376\377\000C\000o\000n\000s\000t\000r\000u\000c\000t\000o\000r\000\040\000\046\000\040\000D\000e\000s\000t\000r\000u\000c\000t\000o\000r\000\040\000D\000o\000c\000u\000m\000e\000n\000t\000a\000t\000i\000o\000n}{section.9.33}% 519
\BOOKMARK [3][-]{subsubsection.9.33.2.1}{\376\377\000S\000L\000R\000T\000u\000t\000o\000r\000W\000i\000n\000d\000o\000w\000\050\000\051}{subsection.9.33.2}% 520
\BOOKMARK [3][-]{subsubsection.9.33.2.2}{\376\377\000~\000S\000L\000R\000T\000u\000t\000o\000r\000W\000i\000n\000d\000o\000w\000\050\000\051}{subsection.9.33.2}% 521
\BOOKMARK [2][-]{subsection.9.33.3}{\376\377\000M\000e\000m\000b\000e\000r\000\040\000F\000u\000n\000c\000t\000i\000o\000n\000\040\000D\000o\000c\000u\000m\000e\000n\000t\000a\000t\000i\000o\000n}{section.9.33}% 522
\BOOKMARK [3][-]{subsubsection.9.33.3.1}{\376\377\000a\000d\000d\000G\000r\000a\000m\000m\000a\000r\000M\000e\000s\000s\000a\000g\000e\000\050\000\051}{subsection.9.33.3}% 523
\BOOKMARK [3][-]{subsubsection.9.33.3.2}{\376\377\000a\000d\000d\000M\000e\000s\000s\000a\000g\000e\000\050\000\051}{subsection.9.33.3}% 524
\BOOKMARK [3][-]{subsubsection.9.33.3.3}{\376\377\000a\000d\000d\000U\000s\000e\000r\000S\000t\000a\000t\000e\000\050\000\051}{subsection.9.33.3}% 525
\BOOKMARK [3][-]{subsubsection.9.33.3.4}{\376\377\000a\000d\000d\000U\000s\000e\000r\000T\000r\000a\000n\000s\000i\000t\000i\000o\000n\000\050\000\051}{subsection.9.33.3}% 526
\BOOKMARK [3][-]{subsubsection.9.33.3.5}{\376\377\000a\000d\000d\000W\000i\000d\000g\000e\000t\000M\000e\000s\000s\000a\000g\000e\000\050\000\051}{subsection.9.33.3}% 527
\BOOKMARK [3][-]{subsubsection.9.33.3.6}{\376\377\000a\000n\000i\000m\000a\000t\000e\000L\000a\000b\000e\000l\000C\000o\000l\000o\000r\000\050\000\051}{subsection.9.33.3}% 528
\BOOKMARK [3][-]{subsubsection.9.33.3.7}{\376\377\000a\000n\000i\000m\000a\000t\000e\000L\000a\000b\000e\000l\000P\000o\000p\000\050\000\051}{subsection.9.33.3}% 529
\BOOKMARK [3][-]{subsubsection.9.33.3.8}{\376\377\000a\000p\000p\000l\000y\000T\000e\000x\000t\000S\000c\000a\000l\000e\000\050\000\051}{subsection.9.33.3}% 530
\BOOKMARK [3][-]{subsubsection.9.33.3.9}{\376\377\000b\000u\000i\000l\000d\000G\000r\000a\000m\000m\000a\000r\000R\000o\000w\000s\000\050\000\051}{subsection.9.33.3}% 531
\BOOKMARK [3][-]{subsubsection.9.33.3.10}{\376\377\000c\000l\000o\000s\000e\000E\000v\000e\000n\000t\000\050\000\051}{subsection.9.33.3}% 532
\BOOKMARK [3][-]{subsubsection.9.33.3.11}{\376\377\000c\000o\000n\000f\000i\000r\000m\000E\000x\000i\000t\000T\000o\000H\000o\000m\000e\000\050\000\051}{subsection.9.33.3}% 533
\BOOKMARK [3][-]{subsubsection.9.33.3.12}{\376\377\000e\000v\000e\000n\000t\000F\000i\000l\000t\000e\000r\000\050\000\051}{subsection.9.33.3}% 534
\BOOKMARK [3][-]{subsubsection.9.33.3.13}{\376\377\000e\000x\000a\000m\000S\000o\000l\000u\000t\000i\000o\000n\000T\000e\000x\000t\000\050\000\051}{subsection.9.33.3}% 535
\BOOKMARK [3][-]{subsubsection.9.33.3.14}{\376\377\000e\000x\000i\000t\000R\000e\000q\000u\000e\000s\000t\000e\000d}{subsection.9.33.3}% 536
\BOOKMARK [3][-]{subsubsection.9.33.3.15}{\376\377\000e\000x\000p\000o\000r\000t\000C\000o\000n\000v\000e\000r\000s\000a\000t\000i\000o\000n\000T\000o\000P\000d\000f\000\050\000\051}{subsection.9.33.3}% 537
\BOOKMARK [3][-]{subsubsection.9.33.3.16}{\376\377\000f\000e\000e\000d\000b\000a\000c\000k\000\050\000\051}{subsection.9.33.3}% 538
\BOOKMARK [3][-]{subsubsection.9.33.3.17}{\376\377\000f\000e\000e\000d\000b\000a\000c\000k\000F\000o\000r\000A\000\050\000\051}{subsection.9.33.3}% 539
\BOOKMARK [3][-]{subsubsection.9.33.3.18}{\376\377\000f\000e\000e\000d\000b\000a\000c\000k\000F\000o\000r\000A\0001\000\050\000\051}{subsection.9.33.3}% 540
\BOOKMARK [3][-]{subsubsection.9.33.3.19}{\376\377\000f\000e\000e\000d\000b\000a\000c\000k\000F\000o\000r\000A\0002\000\050\000\051}{subsection.9.33.3}% 541
\BOOKMARK [3][-]{subsubsection.9.33.3.20}{\376\377\000f\000e\000e\000d\000b\000a\000c\000k\000F\000o\000r\000A\0003\000\050\000\051}{subsection.9.33.3}% 542
\BOOKMARK [3][-]{subsubsection.9.33.3.21}{\376\377\000f\000e\000e\000d\000b\000a\000c\000k\000F\000o\000r\000A\0004\000\050\000\051}{subsection.9.33.3}% 543
\BOOKMARK [3][-]{subsubsection.9.33.3.22}{\376\377\000f\000e\000e\000d\000b\000a\000c\000k\000F\000o\000r\000A\000P\000r\000i\000m\000e\000\050\000\051}{subsection.9.33.3}% 544
\BOOKMARK [3][-]{subsubsection.9.33.3.23}{\376\377\000f\000e\000e\000d\000b\000a\000c\000k\000F\000o\000r\000B\000\050\000\051}{subsection.9.33.3}% 545
\BOOKMARK [3][-]{subsubsection.9.33.3.24}{\376\377\000f\000e\000e\000d\000b\000a\000c\000k\000F\000o\000r\000B\0001\000\050\000\051}{subsection.9.33.3}% 546
\BOOKMARK [3][-]{subsubsection.9.33.3.25}{\376\377\000f\000e\000e\000d\000b\000a\000c\000k\000F\000o\000r\000B\0002\000\050\000\051}{subsection.9.33.3}% 547
\BOOKMARK [3][-]{subsubsection.9.33.3.26}{\376\377\000f\000e\000e\000d\000b\000a\000c\000k\000F\000o\000r\000B\000P\000r\000i\000m\000e\000\050\000\051}{subsection.9.33.3}% 548
\BOOKMARK [3][-]{subsubsection.9.33.3.27}{\376\377\000f\000e\000e\000d\000b\000a\000c\000k\000F\000o\000r\000C\000\050\000\051}{subsection.9.33.3}% 549
\BOOKMARK [3][-]{subsubsection.9.33.3.28}{\376\377\000f\000e\000e\000d\000b\000a\000c\000k\000F\000o\000r\000C\000A\000\050\000\051}{subsection.9.33.3}% 550
\BOOKMARK [3][-]{subsubsection.9.33.3.29}{\376\377\000f\000e\000e\000d\000b\000a\000c\000k\000F\000o\000r\000C\000B\000\050\000\051}{subsection.9.33.3}% 551
\BOOKMARK [3][-]{subsubsection.9.33.3.30}{\376\377\000f\000e\000e\000d\000b\000a\000c\000k\000F\000o\000r\000D\000\050\000\051}{subsection.9.33.3}% 552
\BOOKMARK [3][-]{subsubsection.9.33.3.31}{\376\377\000f\000e\000e\000d\000b\000a\000c\000k\000F\000o\000r\000D\0001\000\050\000\051}{subsection.9.33.3}% 553
\BOOKMARK [3][-]{subsubsection.9.33.3.32}{\376\377\000f\000e\000e\000d\000b\000a\000c\000k\000F\000o\000r\000D\0002\000\050\000\051}{subsection.9.33.3}% 554
\BOOKMARK [3][-]{subsubsection.9.33.3.33}{\376\377\000f\000e\000e\000d\000b\000a\000c\000k\000F\000o\000r\000D\000P\000r\000i\000m\000e\000\050\000\051}{subsection.9.33.3}% 555
\BOOKMARK [3][-]{subsubsection.9.33.3.34}{\376\377\000f\000e\000e\000d\000b\000a\000c\000k\000F\000o\000r\000E\000\050\000\051}{subsection.9.33.3}% 556
\BOOKMARK [3][-]{subsubsection.9.33.3.35}{\376\377\000f\000e\000e\000d\000b\000a\000c\000k\000F\000o\000r\000E\0001\000\050\000\051}{subsection.9.33.3}% 557
\BOOKMARK [3][-]{subsubsection.9.33.3.36}{\376\377\000f\000e\000e\000d\000b\000a\000c\000k\000F\000o\000r\000E\0002\000\050\000\051}{subsection.9.33.3}% 558
\BOOKMARK [3][-]{subsubsection.9.33.3.37}{\376\377\000f\000e\000e\000d\000b\000a\000c\000k\000F\000o\000r\000F\000\050\000\051}{subsection.9.33.3}% 559
\BOOKMARK [3][-]{subsubsection.9.33.3.38}{\376\377\000f\000e\000e\000d\000b\000a\000c\000k\000F\000o\000r\000F\000A\000\050\000\051}{subsection.9.33.3}% 560
\BOOKMARK [3][-]{subsubsection.9.33.3.39}{\376\377\000f\000e\000e\000d\000b\000a\000c\000k\000F\000o\000r\000G\000\050\000\051}{subsection.9.33.3}% 561
\BOOKMARK [3][-]{subsubsection.9.33.3.40}{\376\377\000f\000i\000l\000l\000S\000o\000r\000t\000e\000d\000G\000r\000a\000m\000m\000a\000r\000\050\000\051}{subsection.9.33.3}% 562
\BOOKMARK [3][-]{subsubsection.9.33.3.41}{\376\377\000F\000o\000r\000m\000a\000t\000G\000r\000a\000m\000m\000a\000r\000\050\000\051}{subsection.9.33.3}% 563
\BOOKMARK [3][-]{subsubsection.9.33.3.42}{\376\377\000g\000e\000n\000e\000r\000a\000t\000e\000Q\000u\000e\000s\000t\000i\000o\000n\000\050\000\051}{subsection.9.33.3}% 564
\BOOKMARK [3][-]{subsubsection.9.33.3.43}{\376\377\000i\000n\000i\000t\000i\000a\000l\000I\000t\000e\000m\000T\000e\000x\000t\000\050\000\051}{subsection.9.33.3}% 565
\BOOKMARK [3][-]{subsubsection.9.33.3.44}{\376\377\000i\000s\000R\000e\000d\000u\000c\000t\000i\000o\000n\000\050\000\051}{subsection.9.33.3}% 566
\BOOKMARK [3][-]{subsubsection.9.33.3.45}{\376\377\000l\000a\000u\000n\000c\000h\000S\000L\000R\000W\000i\000z\000a\000r\000d\000\050\000\051}{subsection.9.33.3}% 567
\BOOKMARK [3][-]{subsubsection.9.33.3.46}{\376\377\000m\000a\000r\000k\000L\000a\000s\000t\000U\000s\000e\000r\000I\000n\000c\000o\000r\000r\000e\000c\000t\000\050\000\051}{subsection.9.33.3}% 568
\BOOKMARK [3][-]{subsubsection.9.33.3.47}{\376\377\000o\000p\000e\000n\000A\000u\000t\000o\000m\000a\000t\000o\000n\000V\000i\000e\000w\000e\000r\000\050\000\051}{subsection.9.33.3}% 569
\BOOKMARK [3][-]{subsubsection.9.33.3.48}{\376\377\000p\000o\000s\000t\000Q\000u\000e\000s\000t\000i\000o\000n\000\050\000\051}{subsection.9.33.3}% 570
\BOOKMARK [3][-]{subsubsection.9.33.3.49}{\376\377\000p\000r\000o\000m\000p\000t\000E\000x\000p\000o\000r\000t\000F\000i\000l\000e\000P\000a\000t\000h\000\050\000\051}{subsection.9.33.3}% 571
\BOOKMARK [3][-]{subsubsection.9.33.3.50}{\376\377\000s\000c\000o\000r\000e\000E\000x\000a\000m\000T\000a\000b\000l\000e\000\050\000\051}{subsection.9.33.3}% 572
\BOOKMARK [3][-]{subsubsection.9.33.3.51}{\376\377\000s\000e\000s\000s\000i\000o\000n\000F\000i\000n\000i\000s\000h\000e\000d}{subsection.9.33.3}% 573
\BOOKMARK [3][-]{subsubsection.9.33.3.52}{\376\377\000s\000e\000t\000u\000p\000A\000u\000t\000o\000m\000a\000t\000o\000n\000P\000a\000n\000e\000l\000\050\000\051}{subsection.9.33.3}% 574
\BOOKMARK [3][-]{subsubsection.9.33.3.53}{\376\377\000s\000h\000o\000w\000E\000x\000a\000m\000R\000e\000p\000o\000r\000t\000\050\000\051}{subsection.9.33.3}% 575
\BOOKMARK [3][-]{subsubsection.9.33.3.54}{\376\377\000s\000h\000o\000w\000T\000a\000b\000l\000e\000\050\000\051}{subsection.9.33.3}% 576
\BOOKMARK [3][-]{subsubsection.9.33.3.55}{\376\377\000s\000o\000l\000u\000t\000i\000o\000n\000\050\000\051}{subsection.9.33.3}% 577
\BOOKMARK [3][-]{subsubsection.9.33.3.56}{\376\377\000s\000o\000l\000u\000t\000i\000o\000n\000C\000e\000l\000l\000\050\000\051}{subsection.9.33.3}% 578
\BOOKMARK [3][-]{subsubsection.9.33.3.57}{\376\377\000s\000o\000l\000u\000t\000i\000o\000n\000F\000o\000r\000A\000\050\000\051}{subsection.9.33.3}% 579
\BOOKMARK [3][-]{subsubsection.9.33.3.58}{\376\377\000s\000o\000l\000u\000t\000i\000o\000n\000F\000o\000r\000A\0001\000\050\000\051}{subsection.9.33.3}% 580
\BOOKMARK [3][-]{subsubsection.9.33.3.59}{\376\377\000s\000o\000l\000u\000t\000i\000o\000n\000F\000o\000r\000A\0002\000\050\000\051}{subsection.9.33.3}% 581
\BOOKMARK [3][-]{subsubsection.9.33.3.60}{\376\377\000s\000o\000l\000u\000t\000i\000o\000n\000F\000o\000r\000A\0003\000\050\000\051}{subsection.9.33.3}% 582
\BOOKMARK [3][-]{subsubsection.9.33.3.61}{\376\377\000s\000o\000l\000u\000t\000i\000o\000n\000F\000o\000r\000A\0004\000\050\000\051}{subsection.9.33.3}% 583
\BOOKMARK [3][-]{subsubsection.9.33.3.62}{\376\377\000s\000o\000l\000u\000t\000i\000o\000n\000F\000o\000r\000B\000\050\000\051}{subsection.9.33.3}% 584
\BOOKMARK [3][-]{subsubsection.9.33.3.63}{\376\377\000s\000o\000l\000u\000t\000i\000o\000n\000F\000o\000r\000C\000\050\000\051}{subsection.9.33.3}% 585
\BOOKMARK [3][-]{subsubsection.9.33.3.64}{\376\377\000s\000o\000l\000u\000t\000i\000o\000n\000F\000o\000r\000C\000A\000\050\000\051}{subsection.9.33.3}% 586
\BOOKMARK [3][-]{subsubsection.9.33.3.65}{\376\377\000s\000o\000l\000u\000t\000i\000o\000n\000F\000o\000r\000C\000B\000\050\000\051}{subsection.9.33.3}% 587
\BOOKMARK [3][-]{subsubsection.9.33.3.66}{\376\377\000s\000o\000l\000u\000t\000i\000o\000n\000F\000o\000r\000D\000\050\000\051}{subsection.9.33.3}% 588
\BOOKMARK [3][-]{subsubsection.9.33.3.67}{\376\377\000s\000o\000l\000u\000t\000i\000o\000n\000F\000o\000r\000D\0001\000\050\000\051}{subsection.9.33.3}% 589
\BOOKMARK [3][-]{subsubsection.9.33.3.68}{\376\377\000s\000o\000l\000u\000t\000i\000o\000n\000F\000o\000r\000D\0002\000\050\000\051}{subsection.9.33.3}% 590
\BOOKMARK [3][-]{subsubsection.9.33.3.69}{\376\377\000s\000o\000l\000u\000t\000i\000o\000n\000F\000o\000r\000E\000\050\000\051}{subsection.9.33.3}% 591
\BOOKMARK [3][-]{subsubsection.9.33.3.70}{\376\377\000s\000o\000l\000u\000t\000i\000o\000n\000F\000o\000r\000E\0001\000\050\000\051}{subsection.9.33.3}% 592
\BOOKMARK [3][-]{subsubsection.9.33.3.71}{\376\377\000s\000o\000l\000u\000t\000i\000o\000n\000F\000o\000r\000E\0002\000\050\000\051}{subsection.9.33.3}% 593
\BOOKMARK [3][-]{subsubsection.9.33.3.72}{\376\377\000s\000o\000l\000u\000t\000i\000o\000n\000F\000o\000r\000F\000\050\000\051}{subsection.9.33.3}% 594
\BOOKMARK [3][-]{subsubsection.9.33.3.73}{\376\377\000s\000o\000l\000u\000t\000i\000o\000n\000F\000o\000r\000F\000A\000\050\000\051}{subsection.9.33.3}% 595
\BOOKMARK [3][-]{subsubsection.9.33.3.74}{\376\377\000s\000o\000l\000u\000t\000i\000o\000n\000F\000o\000r\000G\000\050\000\051}{subsection.9.33.3}% 596
\BOOKMARK [3][-]{subsubsection.9.33.3.75}{\376\377\000t\000a\000b\000l\000e\000C\000o\000l\000u\000m\000n\000s\000\050\000\051}{subsection.9.33.3}% 597
\BOOKMARK [3][-]{subsubsection.9.33.3.76}{\376\377\000T\000e\000a\000c\000h\000C\000l\000o\000s\000u\000r\000e\000\050\000\051}{subsection.9.33.3}% 598
\BOOKMARK [3][-]{subsubsection.9.33.3.77}{\376\377\000T\000e\000a\000c\000h\000C\000l\000o\000s\000u\000r\000e\000S\000t\000e\000p\000\050\000\051}{subsection.9.33.3}% 599
\BOOKMARK [3][-]{subsubsection.9.33.3.78}{\376\377\000T\000e\000a\000c\000h\000D\000e\000l\000t\000a\000F\000u\000n\000c\000t\000i\000o\000n\000\050\000\051}{subsection.9.33.3}% 600
\BOOKMARK [3][-]{subsubsection.9.33.3.79}{\376\377\000u\000p\000d\000a\000t\000e\000A\000u\000t\000o\000m\000a\000t\000o\000n\000B\000u\000t\000t\000o\000n\000\050\000\051}{subsection.9.33.3}% 601
\BOOKMARK [3][-]{subsubsection.9.33.3.80}{\376\377\000u\000p\000d\000a\000t\000e\000A\000u\000t\000o\000m\000a\000t\000o\000n\000P\000a\000n\000e\000l\000\050\000\051}{subsection.9.33.3}% 602
\BOOKMARK [3][-]{subsubsection.9.33.3.81}{\376\377\000u\000p\000d\000a\000t\000e\000P\000l\000a\000c\000e\000h\000o\000l\000d\000e\000r\000\050\000\051}{subsection.9.33.3}% 603
\BOOKMARK [3][-]{subsubsection.9.33.3.82}{\376\377\000u\000p\000d\000a\000t\000e\000P\000r\000o\000g\000r\000e\000s\000s\000P\000a\000n\000e\000l\000\050\000\051}{subsection.9.33.3}% 604
\BOOKMARK [3][-]{subsubsection.9.33.3.83}{\376\377\000u\000p\000d\000a\000t\000e\000S\000t\000a\000t\000e\000\050\000\051}{subsection.9.33.3}% 605
\BOOKMARK [3][-]{subsubsection.9.33.3.84}{\376\377\000v\000e\000r\000i\000f\000y\000R\000e\000s\000p\000o\000n\000s\000e\000\050\000\051}{subsection.9.33.3}% 606
\BOOKMARK [3][-]{subsubsection.9.33.3.85}{\376\377\000v\000e\000r\000i\000f\000y\000R\000e\000s\000p\000o\000n\000s\000e\000F\000o\000r\000A\000\050\000\051}{subsection.9.33.3}% 607
\BOOKMARK [3][-]{subsubsection.9.33.3.86}{\376\377\000v\000e\000r\000i\000f\000y\000R\000e\000s\000p\000o\000n\000s\000e\000F\000o\000r\000A\0001\000\050\000\051}{subsection.9.33.3}% 608
\BOOKMARK [3][-]{subsubsection.9.33.3.87}{\376\377\000v\000e\000r\000i\000f\000y\000R\000e\000s\000p\000o\000n\000s\000e\000F\000o\000r\000A\0002\000\050\000\051}{subsection.9.33.3}% 609
\BOOKMARK [3][-]{subsubsection.9.33.3.88}{\376\377\000v\000e\000r\000i\000f\000y\000R\000e\000s\000p\000o\000n\000s\000e\000F\000o\000r\000A\0003\000\050\000\051}{subsection.9.33.3}% 610
\BOOKMARK [3][-]{subsubsection.9.33.3.89}{\376\377\000v\000e\000r\000i\000f\000y\000R\000e\000s\000p\000o\000n\000s\000e\000F\000o\000r\000A\0004\000\050\000\051}{subsection.9.33.3}% 611
\BOOKMARK [3][-]{subsubsection.9.33.3.90}{\376\377\000v\000e\000r\000i\000f\000y\000R\000e\000s\000p\000o\000n\000s\000e\000F\000o\000r\000B\000\050\000\051}{subsection.9.33.3}% 612
\BOOKMARK [3][-]{subsubsection.9.33.3.91}{\376\377\000v\000e\000r\000i\000f\000y\000R\000e\000s\000p\000o\000n\000s\000e\000F\000o\000r\000C\000\050\000\051}{subsection.9.33.3}% 613
\BOOKMARK [3][-]{subsubsection.9.33.3.92}{\376\377\000v\000e\000r\000i\000f\000y\000R\000e\000s\000p\000o\000n\000s\000e\000F\000o\000r\000C\000A\000\050\000\051}{subsection.9.33.3}% 614
\BOOKMARK [3][-]{subsubsection.9.33.3.93}{\376\377\000v\000e\000r\000i\000f\000y\000R\000e\000s\000p\000o\000n\000s\000e\000F\000o\000r\000C\000B\000\050\000\051}{subsection.9.33.3}% 615
\BOOKMARK [3][-]{subsubsection.9.33.3.94}{\376\377\000v\000e\000r\000i\000f\000y\000R\000e\000s\000p\000o\000n\000s\000e\000F\000o\000r\000D\000\050\000\051}{subsection.9.33.3}% 616
\BOOKMARK [3][-]{subsubsection.9.33.3.95}{\376\377\000v\000e\000r\000i\000f\000y\000R\000e\000s\000p\000o\000n\000s\000e\000F\000o\000r\000D\0001\000\050\000\051}{subsection.9.33.3}% 617
\BOOKMARK [3][-]{subsubsection.9.33.3.96}{\376\377\000v\000e\000r\000i\000f\000y\000R\000e\000s\000p\000o\000n\000s\000e\000F\000o\000r\000D\0002\000\050\000\051}{subsection.9.33.3}% 618
\BOOKMARK [3][-]{subsubsection.9.33.3.97}{\376\377\000v\000e\000r\000i\000f\000y\000R\000e\000s\000p\000o\000n\000s\000e\000F\000o\000r\000E\000\050\000\051}{subsection.9.33.3}% 619
\BOOKMARK [3][-]{subsubsection.9.33.3.98}{\376\377\000v\000e\000r\000i\000f\000y\000R\000e\000s\000p\000o\000n\000s\000e\000F\000o\000r\000E\0001\000\050\000\051}{subsection.9.33.3}% 620
\BOOKMARK [3][-]{subsubsection.9.33.3.99}{\376\377\000v\000e\000r\000i\000f\000y\000R\000e\000s\000p\000o\000n\000s\000e\000F\000o\000r\000E\0002\000\050\000\051}{subsection.9.33.3}% 621
\BOOKMARK [3][-]{subsubsection.9.33.3.100}{\376\377\000v\000e\000r\000i\000f\000y\000R\000e\000s\000p\000o\000n\000s\000e\000F\000o\000r\000F\000\050\000\051}{subsection.9.33.3}% 622
\BOOKMARK [3][-]{subsubsection.9.33.3.101}{\376\377\000v\000e\000r\000i\000f\000y\000R\000e\000s\000p\000o\000n\000s\000e\000F\000o\000r\000F\000A\000\050\000\051}{subsection.9.33.3}% 623
\BOOKMARK [3][-]{subsubsection.9.33.3.102}{\376\377\000v\000e\000r\000i\000f\000y\000R\000e\000s\000p\000o\000n\000s\000e\000F\000o\000r\000G\000\050\000\051}{subsection.9.33.3}% 624
\BOOKMARK [3][-]{subsubsection.9.33.3.103}{\376\377\000v\000e\000r\000i\000f\000y\000R\000e\000s\000p\000o\000n\000s\000e\000F\000o\000r\000H\000\050\000\051}{subsection.9.33.3}% 625
\BOOKMARK [3][-]{subsubsection.9.33.3.104}{\376\377\000w\000r\000o\000n\000g\000A\000n\000i\000m\000a\000t\000i\000o\000n\000\050\000\051}{subsection.9.33.3}% 626
\BOOKMARK [3][-]{subsubsection.9.33.3.105}{\376\377\000w\000r\000o\000n\000g\000U\000s\000e\000r\000R\000e\000s\000p\000o\000n\000s\000e\000A\000n\000i\000m\000a\000t\000i\000o\000n\000\050\000\051}{subsection.9.33.3}% 627
\BOOKMARK [1][-]{section.9.34}{\376\377\000S\000L\000R\000W\000i\000z\000a\000r\000d\000\040\000C\000l\000a\000s\000s\000\040\000R\000e\000f\000e\000r\000e\000n\000c\000e}{chapter.9}% 628
\BOOKMARK [2][-]{subsection.9.34.1}{\376\377\000D\000e\000t\000a\000i\000l\000e\000d\000\040\000D\000e\000s\000c\000r\000i\000p\000t\000i\000o\000n}{section.9.34}% 629
\BOOKMARK [2][-]{subsection.9.34.2}{\376\377\000C\000o\000n\000s\000t\000r\000u\000c\000t\000o\000r\000\040\000\046\000\040\000D\000e\000s\000t\000r\000u\000c\000t\000o\000r\000\040\000D\000o\000c\000u\000m\000e\000n\000t\000a\000t\000i\000o\000n}{section.9.34}% 630
\BOOKMARK [3][-]{subsubsection.9.34.2.1}{\376\377\000S\000L\000R\000W\000i\000z\000a\000r\000d\000\050\000\051}{subsection.9.34.2}% 631
\BOOKMARK [2][-]{subsection.9.34.3}{\376\377\000M\000e\000m\000b\000e\000r\000\040\000F\000u\000n\000c\000t\000i\000o\000n\000\040\000D\000o\000c\000u\000m\000e\000n\000t\000a\000t\000i\000o\000n}{section.9.34}% 632
\BOOKMARK [3][-]{subsubsection.9.34.3.1}{\376\377\000c\000l\000o\000s\000e\000B\000u\000t\000t\000o\000n\000\050\000\051}{subsection.9.34.3}% 633
\BOOKMARK [3][-]{subsubsection.9.34.3.2}{\376\377\000c\000u\000r\000r\000e\000n\000t\000P\000a\000g\000e\000\050\000\051}{subsection.9.34.3}% 634
\BOOKMARK [3][-]{subsubsection.9.34.3.3}{\376\377\000i\000s\000O\000n\000L\000a\000s\000t\000P\000a\000g\000e\000\050\000\051}{subsection.9.34.3}% 635
\BOOKMARK [3][-]{subsubsection.9.34.3.4}{\376\377\000n\000e\000x\000t\000B\000u\000t\000t\000o\000n\000\050\000\051}{subsection.9.34.3}% 636
\BOOKMARK [3][-]{subsubsection.9.34.3.5}{\376\377\000s\000t\000d\000V\000e\000c\000t\000o\000r\000T\000o\000Q\000V\000e\000c\000t\000o\000r\000\050\000\051}{subsection.9.34.3}% 637
\BOOKMARK [1][-]{section.9.35}{\376\377\000S\000L\000R\000W\000i\000z\000a\000r\000d\000P\000a\000g\000e\000\040\000C\000l\000a\000s\000s\000\040\000R\000e\000f\000e\000r\000e\000n\000c\000e}{chapter.9}% 638
\BOOKMARK [2][-]{subsection.9.35.1}{\376\377\000D\000e\000t\000a\000i\000l\000e\000d\000\040\000D\000e\000s\000c\000r\000i\000p\000t\000i\000o\000n}{section.9.35}% 639
\BOOKMARK [2][-]{subsection.9.35.2}{\376\377\000C\000o\000n\000s\000t\000r\000u\000c\000t\000o\000r\000\040\000\046\000\040\000D\000e\000s\000t\000r\000u\000c\000t\000o\000r\000\040\000D\000o\000c\000u\000m\000e\000n\000t\000a\000t\000i\000o\000n}{section.9.35}% 640
\BOOKMARK [3][-]{subsubsection.9.35.2.1}{\376\377\000S\000L\000R\000W\000i\000z\000a\000r\000d\000P\000a\000g\000e\000\050\000\051}{subsection.9.35.2}% 641
\BOOKMARK [2][-]{subsection.9.35.3}{\376\377\000M\000e\000m\000b\000e\000r\000\040\000F\000u\000n\000c\000t\000i\000o\000n\000\040\000D\000o\000c\000u\000m\000e\000n\000t\000a\000t\000i\000o\000n}{section.9.35}% 642
\BOOKMARK [3][-]{subsubsection.9.35.3.1}{\376\377\000c\000o\000m\000p\000l\000e\000t\000i\000o\000n\000C\000h\000a\000n\000g\000e\000d}{subsection.9.35.3}% 643
\BOOKMARK [3][-]{subsubsection.9.35.3.2}{\376\377\000f\000o\000c\000u\000s\000A\000n\000s\000w\000e\000r\000F\000i\000e\000l\000d\000\050\000\051}{subsection.9.35.3}% 644
\BOOKMARK [3][-]{subsubsection.9.35.3.3}{\376\377\000i\000s\000C\000o\000m\000p\000l\000e\000t\000e\000\050\000\051}{subsection.9.35.3}% 645
\BOOKMARK [3][-]{subsubsection.9.35.3.4}{\376\377\000r\000e\000s\000i\000z\000e\000E\000v\000e\000n\000t\000\050\000\051}{subsection.9.35.3}% 646
\BOOKMARK [3][-]{subsubsection.9.35.3.5}{\376\377\000s\000u\000b\000m\000i\000t\000R\000e\000q\000u\000e\000s\000t\000e\000d}{subsection.9.35.3}% 647
\BOOKMARK [3][-]{subsubsection.9.35.3.6}{\376\377\000t\000i\000t\000l\000e\000T\000e\000x\000t\000\050\000\051}{subsection.9.35.3}% 648
\BOOKMARK [1][-]{section.9.36}{\376\377\000s\000t\000a\000t\000e\000\040\000S\000t\000r\000u\000c\000t\000\040\000R\000e\000f\000e\000r\000e\000n\000c\000e}{chapter.9}% 649
\BOOKMARK [2][-]{subsection.9.36.1}{\376\377\000D\000e\000t\000a\000i\000l\000e\000d\000\040\000D\000e\000s\000c\000r\000i\000p\000t\000i\000o\000n}{section.9.36}% 650
\BOOKMARK [2][-]{subsection.9.36.2}{\376\377\000M\000e\000m\000b\000e\000r\000\040\000F\000u\000n\000c\000t\000i\000o\000n\000\040\000D\000o\000c\000u\000m\000e\000n\000t\000a\000t\000i\000o\000n}{section.9.36}% 651
\BOOKMARK [3][-]{subsubsection.9.36.2.1}{\376\377\000o\000p\000e\000r\000a\000t\000o\000r\000=\000=\000\050\000\051}{subsection.9.36.2}% 652
\BOOKMARK [2][-]{subsection.9.36.3}{\376\377\000M\000e\000m\000b\000e\000r\000\040\000D\000a\000t\000a\000\040\000D\000o\000c\000u\000m\000e\000n\000t\000a\000t\000i\000o\000n}{section.9.36}% 653
\BOOKMARK [3][-]{subsubsection.9.36.3.1}{\376\377\000i\000d\000\137}{subsection.9.36.3}% 654
\BOOKMARK [3][-]{subsubsection.9.36.3.2}{\376\377\000i\000t\000e\000m\000s\000\137}{subsection.9.36.3}% 655
\BOOKMARK [1][-]{section.9.37}{\376\377\000S\000y\000m\000b\000o\000l\000T\000a\000b\000l\000e\000\040\000S\000t\000r\000u\000c\000t\000\040\000R\000e\000f\000e\000r\000e\000n\000c\000e}{chapter.9}% 656
\BOOKMARK [2][-]{subsection.9.37.1}{\376\377\000D\000e\000t\000a\000i\000l\000e\000d\000\040\000D\000e\000s\000c\000r\000i\000p\000t\000i\000o\000n}{section.9.37}% 657
\BOOKMARK [2][-]{subsection.9.37.2}{\376\377\000M\000e\000m\000b\000e\000r\000\040\000F\000u\000n\000c\000t\000i\000o\000n\000\040\000D\000o\000c\000u\000m\000e\000n\000t\000a\000t\000i\000o\000n}{section.9.37}% 658
\BOOKMARK [3][-]{subsubsection.9.37.2.1}{\376\377\000I\000n\000\050\000\051}{subsection.9.37.2}% 659
\BOOKMARK [3][-]{subsubsection.9.37.2.2}{\376\377\000I\000s\000M\000e\000t\000a\000\050\000\051}{subsection.9.37.2}% 660
\BOOKMARK [3][-]{subsubsection.9.37.2.3}{\376\377\000I\000s\000N\000o\000n\000T\000e\000r\000m\000i\000n\000a\000l\000\050\000\051}{subsection.9.37.2}% 661
\BOOKMARK [3][-]{subsubsection.9.37.2.4}{\376\377\000I\000s\000T\000e\000r\000m\000i\000n\000a\000l\000\050\000\051}{subsection.9.37.2}% 662
\BOOKMARK [3][-]{subsubsection.9.37.2.5}{\376\377\000I\000s\000T\000e\000r\000m\000i\000n\000a\000l\000W\000t\000h\000o\000E\000o\000l\000\050\000\051}{subsection.9.37.2}% 663
\BOOKMARK [3][-]{subsubsection.9.37.2.6}{\376\377\000P\000u\000t\000S\000y\000m\000b\000o\000l\000\050\000\051}{subsection.9.37.2}% 664
\BOOKMARK [2][-]{subsection.9.37.3}{\376\377\000M\000e\000m\000b\000e\000r\000\040\000D\000a\000t\000a\000\040\000D\000o\000c\000u\000m\000e\000n\000t\000a\000t\000i\000o\000n}{section.9.37}% 665
\BOOKMARK [3][-]{subsubsection.9.37.3.1}{\376\377\000E\000O\000L\000\137}{subsection.9.37.3}% 666
\BOOKMARK [3][-]{subsubsection.9.37.3.2}{\376\377\000E\000P\000S\000I\000L\000O\000N\000\137}{subsection.9.37.3}% 667
\BOOKMARK [3][-]{subsubsection.9.37.3.3}{\376\377\000m\000e\000t\000a\000\137\000s\000y\000m\000b\000o\000l\000s\000\137}{subsection.9.37.3}% 668
\BOOKMARK [3][-]{subsubsection.9.37.3.4}{\376\377\000n\000o\000n\000\137\000t\000e\000r\000m\000i\000n\000a\000l\000s\000\137}{subsection.9.37.3}% 669
\BOOKMARK [3][-]{subsubsection.9.37.3.5}{\376\377\000s\000t\000\137}{subsection.9.37.3}% 670
\BOOKMARK [3][-]{subsubsection.9.37.3.6}{\376\377\000t\000e\000r\000m\000i\000n\000a\000l\000s\000\137}{subsection.9.37.3}% 671
\BOOKMARK [3][-]{subsubsection.9.37.3.7}{\376\377\000t\000e\000r\000m\000i\000n\000a\000l\000s\000\137\000w\000t\000h\000o\000\137\000e\000o\000l\000\137}{subsection.9.37.3}% 672
\BOOKMARK [1][-]{section.9.38}{\376\377\000A\000p\000p\000T\000y\000p\000o\000g\000r\000a\000p\000h\000y\000:\000:\000T\000o\000k\000e\000n\000\040\000S\000t\000r\000u\000c\000t\000\040\000R\000e\000f\000e\000r\000e\000n\000c\000e}{chapter.9}% 673
\BOOKMARK [2][-]{subsection.9.38.1}{\376\377\000D\000e\000t\000a\000i\000l\000e\000d\000\040\000D\000e\000s\000c\000r\000i\000p\000t\000i\000o\000n}{section.9.38}% 674
\BOOKMARK [2][-]{subsection.9.38.2}{\376\377\000M\000e\000m\000b\000e\000r\000\040\000D\000a\000t\000a\000\040\000D\000o\000c\000u\000m\000e\000n\000t\000a\000t\000i\000o\000n}{section.9.38}% 675
\BOOKMARK [3][-]{subsubsection.9.38.2.1}{\376\377\000n\000a\000m\000e}{subsection.9.38.2}% 676
\BOOKMARK [3][-]{subsubsection.9.38.2.2}{\376\377\000p\000o\000i\000n\000t\000s}{subsection.9.38.2}% 677
\BOOKMARK [3][-]{subsubsection.9.38.2.3}{\376\377\000r\000o\000l\000e}{subsection.9.38.2}% 678
\BOOKMARK [1][-]{section.9.39}{\376\377\000L\000L\000T\000u\000t\000o\000r\000W\000i\000n\000d\000o\000w\000:\000:\000T\000r\000e\000e\000N\000o\000d\000e\000\040\000S\000t\000r\000u\000c\000t\000\040\000R\000e\000f\000e\000r\000e\000n\000c\000e}{chapter.9}% 679
\BOOKMARK [2][-]{subsection.9.39.1}{\376\377\000D\000e\000t\000a\000i\000l\000e\000d\000\040\000D\000e\000s\000c\000r\000i\000p\000t\000i\000o\000n}{section.9.39}% 680
\BOOKMARK [2][-]{subsection.9.39.2}{\376\377\000M\000e\000m\000b\000e\000r\000\040\000D\000a\000t\000a\000\040\000D\000o\000c\000u\000m\000e\000n\000t\000a\000t\000i\000o\000n}{section.9.39}% 681
\BOOKMARK [3][-]{subsubsection.9.39.2.1}{\376\377\000c\000h\000i\000l\000d\000r\000e\000n}{subsection.9.39.2}% 682
\BOOKMARK [3][-]{subsubsection.9.39.2.2}{\376\377\000l\000a\000b\000e\000l}{subsection.9.39.2}% 683
\BOOKMARK [1][-]{section.9.40}{\376\377\000T\000u\000t\000o\000r\000i\000a\000l\000M\000a\000n\000a\000g\000e\000r\000\040\000C\000l\000a\000s\000s\000\040\000R\000e\000f\000e\000r\000e\000n\000c\000e}{chapter.9}% 684
\BOOKMARK [2][-]{subsection.9.40.1}{\376\377\000D\000e\000t\000a\000i\000l\000e\000d\000\040\000D\000e\000s\000c\000r\000i\000p\000t\000i\000o\000n}{section.9.40}% 685
\BOOKMARK [2][-]{subsection.9.40.2}{\376\377\000C\000o\000n\000s\000t\000r\000u\000c\000t\000o\000r\000\040\000\046\000\040\000D\000e\000s\000t\000r\000u\000c\000t\000o\000r\000\040\000D\000o\000c\000u\000m\000e\000n\000t\000a\000t\000i\000o\000n}{section.9.40}% 686
\BOOKMARK [3][-]{subsubsection.9.40.2.1}{\376\377\000T\000u\000t\000o\000r\000i\000a\000l\000M\000a\000n\000a\000g\000e\000r\000\050\000\051}{subsection.9.40.2}% 687
\BOOKMARK [2][-]{subsection.9.40.3}{\376\377\000M\000e\000m\000b\000e\000r\000\040\000F\000u\000n\000c\000t\000i\000o\000n\000\040\000D\000o\000c\000u\000m\000e\000n\000t\000a\000t\000i\000o\000n}{section.9.40}% 688
\BOOKMARK [3][-]{subsubsection.9.40.3.1}{\376\377\000a\000d\000d\000S\000t\000e\000p\000\050\000\051}{subsection.9.40.3}% 689
\BOOKMARK [3][-]{subsubsection.9.40.3.2}{\376\377\000c\000l\000e\000a\000r\000S\000t\000e\000p\000s\000\050\000\051}{subsection.9.40.3}% 690
\BOOKMARK [3][-]{subsubsection.9.40.3.3}{\376\377\000e\000v\000e\000n\000t\000F\000i\000l\000t\000e\000r\000\050\000\051}{subsection.9.40.3}% 691
\BOOKMARK [3][-]{subsubsection.9.40.3.4}{\376\377\000f\000i\000n\000i\000s\000h\000L\000L\0001\000\050\000\051}{subsection.9.40.3}% 692
\BOOKMARK [3][-]{subsubsection.9.40.3.5}{\376\377\000f\000i\000n\000i\000s\000h\000S\000L\000R\0001\000\050\000\051}{subsection.9.40.3}% 693
\BOOKMARK [3][-]{subsubsection.9.40.3.6}{\376\377\000h\000i\000d\000e\000O\000v\000e\000r\000l\000a\000y\000\050\000\051}{subsection.9.40.3}% 694
\BOOKMARK [3][-]{subsubsection.9.40.3.7}{\376\377\000l\000l\0001\000F\000i\000n\000i\000s\000h\000e\000d}{subsection.9.40.3}% 695
\BOOKMARK [3][-]{subsubsection.9.40.3.8}{\376\377\000n\000e\000x\000t\000S\000t\000e\000p}{subsection.9.40.3}% 696
\BOOKMARK [3][-]{subsubsection.9.40.3.9}{\376\377\000s\000e\000t\000R\000o\000o\000t\000W\000i\000n\000d\000o\000w\000\050\000\051}{subsection.9.40.3}% 697
\BOOKMARK [3][-]{subsubsection.9.40.3.10}{\376\377\000s\000l\000r\0001\000F\000i\000n\000i\000s\000h\000e\000d}{subsection.9.40.3}% 698
\BOOKMARK [3][-]{subsubsection.9.40.3.11}{\376\377\000s\000t\000a\000r\000t\000\050\000\051}{subsection.9.40.3}% 699
\BOOKMARK [3][-]{subsubsection.9.40.3.12}{\376\377\000s\000t\000e\000p\000S\000t\000a\000r\000t\000e\000d}{subsection.9.40.3}% 700
\BOOKMARK [3][-]{subsubsection.9.40.3.13}{\376\377\000t\000u\000t\000o\000r\000i\000a\000l\000F\000i\000n\000i\000s\000h\000e\000d}{subsection.9.40.3}% 701
\BOOKMARK [1][-]{section.9.41}{\376\377\000T\000u\000t\000o\000r\000i\000a\000l\000S\000t\000e\000p\000\040\000S\000t\000r\000u\000c\000t\000\040\000R\000e\000f\000e\000r\000e\000n\000c\000e}{chapter.9}% 702
\BOOKMARK [2][-]{subsection.9.41.1}{\376\377\000D\000e\000t\000a\000i\000l\000e\000d\000\040\000D\000e\000s\000c\000r\000i\000p\000t\000i\000o\000n}{section.9.41}% 703
\BOOKMARK [2][-]{subsection.9.41.2}{\376\377\000M\000e\000m\000b\000e\000r\000\040\000D\000a\000t\000a\000\040\000D\000o\000c\000u\000m\000e\000n\000t\000a\000t\000i\000o\000n}{section.9.41}% 704
\BOOKMARK [3][-]{subsubsection.9.41.2.1}{\376\377\000h\000t\000m\000l\000T\000e\000x\000t}{subsection.9.41.2}% 705
\BOOKMARK [3][-]{subsubsection.9.41.2.2}{\376\377\000t\000a\000r\000g\000e\000t}{subsection.9.41.2}% 706
\BOOKMARK [1][-]{section.9.42}{\376\377\000U\000n\000i\000q\000u\000e\000Q\000u\000e\000u\000e\000<\000\040\000T\000\040\000>\000\040\000C\000l\000a\000s\000s\000\040\000T\000e\000m\000p\000l\000a\000t\000e\000\040\000R\000e\000f\000e\000r\000e\000n\000c\000e}{chapter.9}% 707
\BOOKMARK [2][-]{subsection.9.42.1}{\376\377\000D\000e\000t\000a\000i\000l\000e\000d\000\040\000D\000e\000s\000c\000r\000i\000p\000t\000i\000o\000n}{section.9.42}% 708
\BOOKMARK [2][-]{subsection.9.42.2}{\376\377\000M\000e\000m\000b\000e\000r\000\040\000F\000u\000n\000c\000t\000i\000o\000n\000\040\000D\000o\000c\000u\000m\000e\000n\000t\000a\000t\000i\000o\000n}{section.9.42}% 709
\BOOKMARK [3][-]{subsubsection.9.42.2.1}{\376\377\000c\000l\000e\000a\000r\000\050\000\051}{subsection.9.42.2}% 710
\BOOKMARK [3][-]{subsubsection.9.42.2.2}{\376\377\000e\000m\000p\000t\000y\000\050\000\051}{subsection.9.42.2}% 711
\BOOKMARK [3][-]{subsubsection.9.42.2.3}{\376\377\000f\000r\000o\000n\000t\000\050\000\051}{subsection.9.42.2}% 712
\BOOKMARK [3][-]{subsubsection.9.42.2.4}{\376\377\000p\000o\000p\000\050\000\051}{subsection.9.42.2}% 713
\BOOKMARK [3][-]{subsubsection.9.42.2.5}{\376\377\000p\000u\000s\000h\000\050\000\051}{subsection.9.42.2}% 714
\BOOKMARK [0][-]{chapter.10}{\376\377\000F\000i\000l\000e\000\040\000D\000o\000c\000u\000m\000e\000n\000t\000a\000t\000i\000o\000n}{}% 715
\BOOKMARK [1][-]{section.10.1}{\376\377\000/\000U\000s\000e\000r\000s\000/\000j\000o\000s\000e\000/\000D\000o\000c\000u\000m\000e\000n\000t\000s\000/\000c\000p\000p\000/\000S\000y\000n\000t\000a\000x\000T\000u\000t\000o\000r\000/\000R\000E\000A\000D\000M\000E\000.\000m\000d\000\040\000F\000i\000l\000e\000\040\000R\000e\000f\000e\000r\000e\000n\000c\000e}{chapter.10}% 716
\BOOKMARK [1][-]{section.10.2}{\376\377\000a\000p\000p\000/\000m\000a\000i\000n\000.\000c\000p\000p\000\040\000F\000i\000l\000e\000\040\000R\000e\000f\000e\000r\000e\000n\000c\000e}{chapter.10}% 717
\BOOKMARK [2][-]{subsection.10.2.1}{\376\377\000F\000u\000n\000c\000t\000i\000o\000n\000\040\000D\000o\000c\000u\000m\000e\000n\000t\000a\000t\000i\000o\000n}{section.10.2}% 718
\BOOKMARK [3][-]{subsubsection.10.2.1.1}{\376\377\000a\000p\000p\000l\000y\000A\000p\000p\000S\000t\000y\000l\000e\000\050\000\051}{subsection.10.2.1}% 719
\BOOKMARK [3][-]{subsubsection.10.2.1.2}{\376\377\000m\000a\000i\000n\000\050\000\051}{subsection.10.2.1}% 720
\BOOKMARK [1][-]{section.10.3}{\376\377\000a\000p\000p\000v\000e\000r\000s\000i\000o\000n\000.\000h\000\040\000F\000i\000l\000e\000\040\000R\000e\000f\000e\000r\000e\000n\000c\000e}{chapter.10}% 721
\BOOKMARK [1][-]{section.10.4}{\376\377\000a\000p\000p\000v\000e\000r\000s\000i\000o\000n\000.\000h}{chapter.10}% 722
\BOOKMARK [1][-]{section.10.5}{\376\377\000b\000a\000c\000k\000e\000n\000d\000/\000g\000r\000a\000m\000m\000a\000r\000.\000c\000p\000p\000\040\000F\000i\000l\000e\000\040\000R\000e\000f\000e\000r\000e\000n\000c\000e}{chapter.10}% 723
\BOOKMARK [1][-]{section.10.6}{\376\377\000b\000a\000c\000k\000e\000n\000d\000/\000g\000r\000a\000m\000m\000a\000r\000.\000h\000p\000p\000\040\000F\000i\000l\000e\000\040\000R\000e\000f\000e\000r\000e\000n\000c\000e}{chapter.10}% 724
\BOOKMARK [2][-]{subsection.10.6.1}{\376\377\000T\000y\000p\000e\000d\000e\000f\000\040\000D\000o\000c\000u\000m\000e\000n\000t\000a\000t\000i\000o\000n}{section.10.6}% 725
\BOOKMARK [3][-]{subsubsection.10.6.1.1}{\376\377\000p\000r\000o\000d\000u\000c\000t\000i\000o\000n}{subsection.10.6.1}% 726
\BOOKMARK [1][-]{section.10.7}{\376\377\000g\000r\000a\000m\000m\000a\000r\000.\000h\000p\000p}{chapter.10}% 727
\BOOKMARK [1][-]{section.10.8}{\376\377\000b\000a\000c\000k\000e\000n\000d\000/\000g\000r\000a\000m\000m\000a\000r\000\137\000f\000a\000c\000t\000o\000r\000y\000.\000c\000p\000p\000\040\000F\000i\000l\000e\000\040\000R\000e\000f\000e\000r\000e\000n\000c\000e}{chapter.10}% 728
\BOOKMARK [1][-]{section.10.9}{\376\377\000b\000a\000c\000k\000e\000n\000d\000/\000g\000r\000a\000m\000m\000a\000r\000\137\000f\000a\000c\000t\000o\000r\000y\000.\000h\000p\000p\000\040\000F\000i\000l\000e\000\040\000R\000e\000f\000e\000r\000e\000n\000c\000e}{chapter.10}% 729
\BOOKMARK [1][-]{section.10.10}{\376\377\000g\000r\000a\000m\000m\000a\000r\000\137\000f\000a\000c\000t\000o\000r\000y\000.\000h\000p\000p}{chapter.10}% 730
\BOOKMARK [1][-]{section.10.11}{\376\377\000b\000a\000c\000k\000e\000n\000d\000/\000g\000r\000a\000m\000m\000a\000r\000\137\000p\000a\000r\000s\000e\000r\000.\000c\000p\000p\000\040\000F\000i\000l\000e\000\040\000R\000e\000f\000e\000r\000e\000n\000c\000e}{chapter.10}% 731
\BOOKMARK [1][-]{section.10.12}{\376\377\000b\000a\000c\000k\000e\000n\000d\000/\000g\000r\000a\000m\000m\000a\000r\000\137\000p\000a\000r\000s\000e\000r\000.\000h\000p\000p\000\040\000F\000i\000l\000e\000\040\000R\000e\000f\000e\000r\000e\000n\000c\000e}{chapter.10}% 732
\BOOKMARK [1][-]{section.10.13}{\376\377\000g\000r\000a\000m\000m\000a\000r\000\137\000p\000a\000r\000s\000e\000r\000.\000h\000p\000p}{chapter.10}% 733
\BOOKMARK [1][-]{section.10.14}{\376\377\000b\000a\000c\000k\000e\000n\000d\000/\000l\000l\0001\000\137\000p\000a\000r\000s\000e\000r\000.\000c\000p\000p\000\040\000F\000i\000l\000e\000\040\000R\000e\000f\000e\000r\000e\000n\000c\000e}{chapter.10}% 734
\BOOKMARK [1][-]{section.10.15}{\376\377\000b\000a\000c\000k\000e\000n\000d\000/\000l\000l\0001\000\137\000p\000a\000r\000s\000e\000r\000.\000h\000p\000p\000\040\000F\000i\000l\000e\000\040\000R\000e\000f\000e\000r\000e\000n\000c\000e}{chapter.10}% 735
\BOOKMARK [1][-]{section.10.16}{\376\377\000l\000l\0001\000\137\000p\000a\000r\000s\000e\000r\000.\000h\000p\000p}{chapter.10}% 736
\BOOKMARK [1][-]{section.10.17}{\376\377\000b\000a\000c\000k\000e\000n\000d\000/\000l\000r\0000\000\137\000i\000t\000e\000m\000.\000c\000p\000p\000\040\000F\000i\000l\000e\000\040\000R\000e\000f\000e\000r\000e\000n\000c\000e}{chapter.10}% 737
\BOOKMARK [1][-]{section.10.18}{\376\377\000b\000a\000c\000k\000e\000n\000d\000/\000l\000r\0000\000\137\000i\000t\000e\000m\000.\000h\000p\000p\000\040\000F\000i\000l\000e\000\040\000R\000e\000f\000e\000r\000e\000n\000c\000e}{chapter.10}% 738
\BOOKMARK [1][-]{section.10.19}{\376\377\000l\000r\0000\000\137\000i\000t\000e\000m\000.\000h\000p\000p}{chapter.10}% 739
\BOOKMARK [1][-]{section.10.20}{\376\377\000b\000a\000c\000k\000e\000n\000d\000/\000s\000l\000r\0001\000\137\000p\000a\000r\000s\000e\000r\000.\000c\000p\000p\000\040\000F\000i\000l\000e\000\040\000R\000e\000f\000e\000r\000e\000n\000c\000e}{chapter.10}% 740
\BOOKMARK [1][-]{section.10.21}{\376\377\000b\000a\000c\000k\000e\000n\000d\000/\000s\000l\000r\0001\000\137\000p\000a\000r\000s\000e\000r\000.\000h\000p\000p\000\040\000F\000i\000l\000e\000\040\000R\000e\000f\000e\000r\000e\000n\000c\000e}{chapter.10}% 741
\BOOKMARK [1][-]{section.10.22}{\376\377\000s\000l\000r\0001\000\137\000p\000a\000r\000s\000e\000r\000.\000h\000p\000p}{chapter.10}% 742
\BOOKMARK [1][-]{section.10.23}{\376\377\000b\000a\000c\000k\000e\000n\000d\000/\000s\000t\000a\000t\000e\000.\000h\000p\000p\000\040\000F\000i\000l\000e\000\040\000R\000e\000f\000e\000r\000e\000n\000c\000e}{chapter.10}% 743
\BOOKMARK [1][-]{section.10.24}{\376\377\000s\000t\000a\000t\000e\000.\000h\000p\000p}{chapter.10}% 744
\BOOKMARK [1][-]{section.10.25}{\376\377\000b\000a\000c\000k\000e\000n\000d\000/\000s\000y\000m\000b\000o\000l\000\137\000t\000a\000b\000l\000e\000.\000c\000p\000p\000\040\000F\000i\000l\000e\000\040\000R\000e\000f\000e\000r\000e\000n\000c\000e}{chapter.10}% 745
\BOOKMARK [1][-]{section.10.26}{\376\377\000b\000a\000c\000k\000e\000n\000d\000/\000s\000y\000m\000b\000o\000l\000\137\000t\000a\000b\000l\000e\000.\000h\000p\000p\000\040\000F\000i\000l\000e\000\040\000R\000e\000f\000e\000r\000e\000n\000c\000e}{chapter.10}% 746
\BOOKMARK [2][-]{subsection.10.26.1}{\376\377\000E\000n\000u\000m\000e\000r\000a\000t\000i\000o\000n\000\040\000T\000y\000p\000e\000\040\000D\000o\000c\000u\000m\000e\000n\000t\000a\000t\000i\000o\000n}{section.10.26}% 747
\BOOKMARK [3][-]{subsubsection.10.26.1.1}{\376\377\000s\000y\000m\000b\000o\000l\000\137\000t\000y\000p\000e}{subsection.10.26.1}% 748
\BOOKMARK [1][-]{section.10.27}{\376\377\000s\000y\000m\000b\000o\000l\000\137\000t\000a\000b\000l\000e\000.\000h\000p\000p}{chapter.10}% 749
\BOOKMARK [1][-]{section.10.28}{\376\377\000g\000u\000i\000/\000a\000u\000t\000o\000m\000a\000t\000o\000n\000v\000i\000e\000w\000e\000r\000d\000i\000a\000l\000o\000g\000.\000c\000p\000p\000\040\000F\000i\000l\000e\000\040\000R\000e\000f\000e\000r\000e\000n\000c\000e}{chapter.10}% 750
\BOOKMARK [1][-]{section.10.29}{\376\377\000g\000u\000i\000/\000a\000u\000t\000o\000m\000a\000t\000o\000n\000v\000i\000e\000w\000e\000r\000d\000i\000a\000l\000o\000g\000.\000h\000\040\000F\000i\000l\000e\000\040\000R\000e\000f\000e\000r\000e\000n\000c\000e}{chapter.10}% 751
\BOOKMARK [1][-]{section.10.30}{\376\377\000a\000u\000t\000o\000m\000a\000t\000o\000n\000v\000i\000e\000w\000e\000r\000d\000i\000a\000l\000o\000g\000.\000h}{chapter.10}% 752
\BOOKMARK [1][-]{section.10.31}{\376\377\000g\000u\000i\000/\000c\000o\000n\000v\000e\000r\000s\000a\000t\000i\000o\000n\000p\000d\000f\000.\000h\000\040\000F\000i\000l\000e\000\040\000R\000e\000f\000e\000r\000e\000n\000c\000e}{chapter.10}% 753
\BOOKMARK [1][-]{section.10.32}{\376\377\000c\000o\000n\000v\000e\000r\000s\000a\000t\000i\000o\000n\000p\000d\000f\000.\000h}{chapter.10}% 754
\BOOKMARK [1][-]{section.10.33}{\376\377\000g\000u\000i\000/\000e\000x\000a\000m\000r\000e\000p\000o\000r\000t\000d\000i\000a\000l\000o\000g\000.\000c\000p\000p\000\040\000F\000i\000l\000e\000\040\000R\000e\000f\000e\000r\000e\000n\000c\000e}{chapter.10}% 755
\BOOKMARK [1][-]{section.10.34}{\376\377\000g\000u\000i\000/\000e\000x\000a\000m\000r\000e\000p\000o\000r\000t\000d\000i\000a\000l\000o\000g\000.\000h\000\040\000F\000i\000l\000e\000\040\000R\000e\000f\000e\000r\000e\000n\000c\000e}{chapter.10}% 756
\BOOKMARK [1][-]{section.10.35}{\376\377\000e\000x\000a\000m\000r\000e\000p\000o\000r\000t\000d\000i\000a\000l\000o\000g\000.\000h}{chapter.10}% 757
\BOOKMARK [1][-]{section.10.36}{\376\377\000g\000u\000i\000/\000e\000x\000a\000m\000s\000e\000s\000s\000i\000o\000n\000.\000h\000\040\000F\000i\000l\000e\000\040\000R\000e\000f\000e\000r\000e\000n\000c\000e}{chapter.10}% 758
\BOOKMARK [1][-]{section.10.37}{\376\377\000e\000x\000a\000m\000s\000e\000s\000s\000i\000o\000n\000.\000h}{chapter.10}% 759
\BOOKMARK [1][-]{section.10.38}{\376\377\000g\000u\000i\000/\000g\000r\000a\000m\000m\000a\000r\000e\000d\000i\000t\000o\000r\000d\000i\000a\000l\000o\000g\000.\000c\000p\000p\000\040\000F\000i\000l\000e\000\040\000R\000e\000f\000e\000r\000e\000n\000c\000e}{chapter.10}% 760
\BOOKMARK [1][-]{section.10.39}{\376\377\000g\000u\000i\000/\000g\000r\000a\000m\000m\000a\000r\000e\000d\000i\000t\000o\000r\000d\000i\000a\000l\000o\000g\000.\000h\000\040\000F\000i\000l\000e\000\040\000R\000e\000f\000e\000r\000e\000n\000c\000e}{chapter.10}% 761
\BOOKMARK [1][-]{section.10.40}{\376\377\000g\000r\000a\000m\000m\000a\000r\000e\000d\000i\000t\000o\000r\000d\000i\000a\000l\000o\000g\000.\000h}{chapter.10}% 762
\BOOKMARK [1][-]{section.10.41}{\376\377\000g\000u\000i\000/\000l\000l\000t\000a\000b\000l\000e\000d\000i\000a\000l\000o\000g\000.\000c\000p\000p\000\040\000F\000i\000l\000e\000\040\000R\000e\000f\000e\000r\000e\000n\000c\000e}{chapter.10}% 763
\BOOKMARK [1][-]{section.10.42}{\376\377\000g\000u\000i\000/\000l\000l\000t\000a\000b\000l\000e\000d\000i\000a\000l\000o\000g\000.\000h\000\040\000F\000i\000l\000e\000\040\000R\000e\000f\000e\000r\000e\000n\000c\000e}{chapter.10}% 764
\BOOKMARK [1][-]{section.10.43}{\376\377\000l\000l\000t\000a\000b\000l\000e\000d\000i\000a\000l\000o\000g\000.\000h}{chapter.10}% 765
\BOOKMARK [1][-]{section.10.44}{\376\377\000g\000u\000i\000/\000l\000l\000t\000u\000t\000o\000r\000w\000i\000n\000d\000o\000w\000.\000c\000p\000p\000\040\000F\000i\000l\000e\000\040\000R\000e\000f\000e\000r\000e\000n\000c\000e}{chapter.10}% 766
\BOOKMARK [1][-]{section.10.45}{\376\377\000g\000u\000i\000/\000l\000l\000t\000u\000t\000o\000r\000w\000i\000n\000d\000o\000w\000.\000h\000\040\000F\000i\000l\000e\000\040\000R\000e\000f\000e\000r\000e\000n\000c\000e}{chapter.10}% 767
\BOOKMARK [2][-]{subsection.10.45.1}{\376\377\000E\000n\000u\000m\000e\000r\000a\000t\000i\000o\000n\000\040\000T\000y\000p\000e\000\040\000D\000o\000c\000u\000m\000e\000n\000t\000a\000t\000i\000o\000n}{section.10.45}% 768
\BOOKMARK [3][-]{subsubsection.10.45.1.1}{\376\377\000S\000t\000a\000t\000e}{subsection.10.45.1}% 769
\BOOKMARK [1][-]{section.10.46}{\376\377\000l\000l\000t\000u\000t\000o\000r\000w\000i\000n\000d\000o\000w\000.\000h}{chapter.10}% 770
\BOOKMARK [1][-]{section.10.47}{\376\377\000g\000u\000i\000/\000l\000l\000w\000i\000z\000a\000r\000d\000.\000h\000\040\000F\000i\000l\000e\000\040\000R\000e\000f\000e\000r\000e\000n\000c\000e}{chapter.10}% 771
\BOOKMARK [1][-]{section.10.48}{\376\377\000l\000l\000w\000i\000z\000a\000r\000d\000.\000h}{chapter.10}% 772
\BOOKMARK [1][-]{section.10.49}{\376\377\000g\000u\000i\000/\000l\000l\000w\000i\000z\000a\000r\000d\000p\000a\000g\000e\000.\000h\000\040\000F\000i\000l\000e\000\040\000R\000e\000f\000e\000r\000e\000n\000c\000e}{chapter.10}% 773
\BOOKMARK [1][-]{section.10.50}{\376\377\000l\000l\000w\000i\000z\000a\000r\000d\000p\000a\000g\000e\000.\000h}{chapter.10}% 774
\BOOKMARK [1][-]{section.10.51}{\376\377\000g\000u\000i\000/\000m\000a\000i\000n\000w\000i\000n\000d\000o\000w\000.\000c\000p\000p\000\040\000F\000i\000l\000e\000\040\000R\000e\000f\000e\000r\000e\000n\000c\000e}{chapter.10}% 775
\BOOKMARK [1][-]{section.10.52}{\376\377\000g\000u\000i\000/\000m\000a\000i\000n\000w\000i\000n\000d\000o\000w\000.\000h\000\040\000F\000i\000l\000e\000\040\000R\000e\000f\000e\000r\000e\000n\000c\000e}{chapter.10}% 776
\BOOKMARK [1][-]{section.10.53}{\376\377\000m\000a\000i\000n\000w\000i\000n\000d\000o\000w\000.\000h}{chapter.10}% 777
\BOOKMARK [1][-]{section.10.54}{\376\377\000g\000u\000i\000/\000s\000l\000r\000t\000a\000b\000l\000e\000d\000i\000a\000l\000o\000g\000.\000c\000p\000p\000\040\000F\000i\000l\000e\000\040\000R\000e\000f\000e\000r\000e\000n\000c\000e}{chapter.10}% 778
\BOOKMARK [1][-]{section.10.55}{\376\377\000g\000u\000i\000/\000s\000l\000r\000t\000a\000b\000l\000e\000d\000i\000a\000l\000o\000g\000.\000h\000\040\000F\000i\000l\000e\000\040\000R\000e\000f\000e\000r\000e\000n\000c\000e}{chapter.10}% 779
\BOOKMARK [1][-]{section.10.56}{\376\377\000s\000l\000r\000t\000a\000b\000l\000e\000d\000i\000a\000l\000o\000g\000.\000h}{chapter.10}% 780
\BOOKMARK [1][-]{section.10.57}{\376\377\000g\000u\000i\000/\000s\000l\000r\000t\000u\000t\000o\000r\000w\000i\000n\000d\000o\000w\000.\000c\000p\000p\000\040\000F\000i\000l\000e\000\040\000R\000e\000f\000e\000r\000e\000n\000c\000e}{chapter.10}% 781
\BOOKMARK [1][-]{section.10.58}{\376\377\000g\000u\000i\000/\000s\000l\000r\000t\000u\000t\000o\000r\000w\000i\000n\000d\000o\000w\000.\000h\000\040\000F\000i\000l\000e\000\040\000R\000e\000f\000e\000r\000e\000n\000c\000e}{chapter.10}% 782
\BOOKMARK [2][-]{subsection.10.58.1}{\376\377\000E\000n\000u\000m\000e\000r\000a\000t\000i\000o\000n\000\040\000T\000y\000p\000e\000\040\000D\000o\000c\000u\000m\000e\000n\000t\000a\000t\000i\000o\000n}{section.10.58}% 783
\BOOKMARK [3][-]{subsubsection.10.58.1.1}{\376\377\000S\000t\000a\000t\000e\000S\000l\000r}{subsection.10.58.1}% 784
\BOOKMARK [1][-]{section.10.59}{\376\377\000s\000l\000r\000t\000u\000t\000o\000r\000w\000i\000n\000d\000o\000w\000.\000h}{chapter.10}% 785
\BOOKMARK [1][-]{section.10.60}{\376\377\000g\000u\000i\000/\000s\000l\000r\000w\000i\000z\000a\000r\000d\000.\000h\000\040\000F\000i\000l\000e\000\040\000R\000e\000f\000e\000r\000e\000n\000c\000e}{chapter.10}% 786
\BOOKMARK [1][-]{section.10.61}{\376\377\000s\000l\000r\000w\000i\000z\000a\000r\000d\000.\000h}{chapter.10}% 787
\BOOKMARK [1][-]{section.10.62}{\376\377\000g\000u\000i\000/\000s\000l\000r\000w\000i\000z\000a\000r\000d\000p\000a\000g\000e\000.\000h\000\040\000F\000i\000l\000e\000\040\000R\000e\000f\000e\000r\000e\000n\000c\000e}{chapter.10}% 788
\BOOKMARK [1][-]{section.10.63}{\376\377\000s\000l\000r\000w\000i\000z\000a\000r\000d\000p\000a\000g\000e\000.\000h}{chapter.10}% 789
\BOOKMARK [1][-]{section.10.64}{\376\377\000g\000u\000i\000/\000U\000n\000i\000q\000u\000e\000Q\000u\000e\000u\000e\000.\000h\000\040\000F\000i\000l\000e\000\040\000R\000e\000f\000e\000r\000e\000n\000c\000e}{chapter.10}% 790
\BOOKMARK [1][-]{section.10.65}{\376\377\000U\000n\000i\000q\000u\000e\000Q\000u\000e\000u\000e\000.\000h}{chapter.10}% 791
\BOOKMARK [1][-]{section.10.66}{\376\377\000w\000i\000d\000g\000e\000t\000s\000/\000a\000p\000p\000f\000o\000n\000t\000s\000.\000h\000\040\000F\000i\000l\000e\000\040\000R\000e\000f\000e\000r\000e\000n\000c\000e}{chapter.10}% 792
\BOOKMARK [2][-]{subsection.10.66.1}{\376\377\000F\000u\000n\000c\000t\000i\000o\000n\000\040\000D\000o\000c\000u\000m\000e\000n\000t\000a\000t\000i\000o\000n}{section.10.66}% 793
\BOOKMARK [3][-]{subsubsection.10.66.1.1}{\376\377\000a\000p\000p\000M\000o\000n\000o\000s\000p\000a\000c\000e\000F\000o\000n\000t\000\050\000\051}{subsection.10.66.1}% 794
\BOOKMARK [1][-]{section.10.67}{\376\377\000a\000p\000p\000f\000o\000n\000t\000s\000.\000h}{chapter.10}% 795
\BOOKMARK [1][-]{section.10.68}{\376\377\000w\000i\000d\000g\000e\000t\000s\000/\000a\000p\000p\000i\000c\000o\000n\000.\000h\000\040\000F\000i\000l\000e\000\040\000R\000e\000f\000e\000r\000e\000n\000c\000e}{chapter.10}% 796
\BOOKMARK [1][-]{section.10.69}{\376\377\000a\000p\000p\000i\000c\000o\000n\000.\000h}{chapter.10}% 797
\BOOKMARK [1][-]{section.10.70}{\376\377\000w\000i\000d\000g\000e\000t\000s\000/\000a\000p\000p\000l\000a\000y\000o\000u\000t\000.\000h\000\040\000F\000i\000l\000e\000\040\000R\000e\000f\000e\000r\000e\000n\000c\000e}{chapter.10}% 798
\BOOKMARK [1][-]{section.10.71}{\376\377\000a\000p\000p\000l\000a\000y\000o\000u\000t\000.\000h}{chapter.10}% 799
\BOOKMARK [1][-]{section.10.72}{\376\377\000w\000i\000d\000g\000e\000t\000s\000/\000a\000p\000p\000p\000a\000l\000e\000t\000t\000e\000.\000h\000\040\000F\000i\000l\000e\000\040\000R\000e\000f\000e\000r\000e\000n\000c\000e}{chapter.10}% 800
\BOOKMARK [1][-]{section.10.73}{\376\377\000a\000p\000p\000p\000a\000l\000e\000t\000t\000e\000.\000h}{chapter.10}% 801
\BOOKMARK [1][-]{section.10.74}{\376\377\000w\000i\000d\000g\000e\000t\000s\000/\000a\000p\000p\000s\000e\000t\000t\000i\000n\000g\000s\000.\000h\000\040\000F\000i\000l\000e\000\040\000R\000e\000f\000e\000r\000e\000n\000c\000e}{chapter.10}% 802
\BOOKMARK [1][-]{section.10.75}{\376\377\000a\000p\000p\000s\000e\000t\000t\000i\000n\000g\000s\000.\000h}{chapter.10}% 803
\BOOKMARK [1][-]{section.10.76}{\376\377\000w\000i\000d\000g\000e\000t\000s\000/\000a\000p\000p\000s\000h\000o\000r\000t\000c\000u\000t\000s\000.\000h\000\040\000F\000i\000l\000e\000\040\000R\000e\000f\000e\000r\000e\000n\000c\000e}{chapter.10}% 804
\BOOKMARK [1][-]{section.10.77}{\376\377\000a\000p\000p\000s\000h\000o\000r\000t\000c\000u\000t\000s\000.\000h}{chapter.10}% 805
\BOOKMARK [1][-]{section.10.78}{\376\377\000w\000i\000d\000g\000e\000t\000s\000/\000a\000p\000p\000t\000e\000x\000t\000s\000c\000a\000l\000e\000.\000h\000\040\000F\000i\000l\000e\000\040\000R\000e\000f\000e\000r\000e\000n\000c\000e}{chapter.10}% 806
\BOOKMARK [1][-]{section.10.79}{\376\377\000a\000p\000p\000t\000e\000x\000t\000s\000c\000a\000l\000e\000.\000h}{chapter.10}% 807
\BOOKMARK [1][-]{section.10.80}{\376\377\000w\000i\000d\000g\000e\000t\000s\000/\000a\000p\000p\000t\000y\000p\000o\000g\000r\000a\000p\000h\000y\000.\000h\000\040\000F\000i\000l\000e\000\040\000R\000e\000f\000e\000r\000e\000n\000c\000e}{chapter.10}% 808
\BOOKMARK [1][-]{section.10.81}{\376\377\000a\000p\000p\000t\000y\000p\000o\000g\000r\000a\000p\000h\000y\000.\000h}{chapter.10}% 809
\BOOKMARK [1][-]{section.10.82}{\376\377\000w\000i\000d\000g\000e\000t\000s\000/\000a\000u\000t\000o\000m\000a\000t\000o\000n\000v\000i\000e\000w\000.\000c\000p\000p\000\040\000F\000i\000l\000e\000\040\000R\000e\000f\000e\000r\000e\000n\000c\000e}{chapter.10}% 810
\BOOKMARK [1][-]{section.10.83}{\376\377\000w\000i\000d\000g\000e\000t\000s\000/\000a\000u\000t\000o\000m\000a\000t\000o\000n\000v\000i\000e\000w\000.\000h\000\040\000F\000i\000l\000e\000\040\000R\000e\000f\000e\000r\000e\000n\000c\000e}{chapter.10}% 811
\BOOKMARK [1][-]{section.10.84}{\376\377\000a\000u\000t\000o\000m\000a\000t\000o\000n\000v\000i\000e\000w\000.\000h}{chapter.10}% 812
\BOOKMARK [1][-]{section.10.85}{\376\377\000w\000i\000d\000g\000e\000t\000s\000/\000c\000u\000s\000t\000o\000m\000t\000e\000x\000t\000e\000d\000i\000t\000.\000c\000p\000p\000\040\000F\000i\000l\000e\000\040\000R\000e\000f\000e\000r\000e\000n\000c\000e}{chapter.10}% 813
\BOOKMARK [1][-]{section.10.86}{\376\377\000w\000i\000d\000g\000e\000t\000s\000/\000c\000u\000s\000t\000o\000m\000t\000e\000x\000t\000e\000d\000i\000t\000.\000h\000\040\000F\000i\000l\000e\000\040\000R\000e\000f\000e\000r\000e\000n\000c\000e}{chapter.10}% 814
\BOOKMARK [1][-]{section.10.87}{\376\377\000c\000u\000s\000t\000o\000m\000t\000e\000x\000t\000e\000d\000i\000t\000.\000h}{chapter.10}% 815
\BOOKMARK [1][-]{section.10.88}{\376\377\000w\000i\000d\000g\000e\000t\000s\000/\000g\000r\000a\000m\000m\000a\000r\000v\000i\000e\000w\000.\000c\000p\000p\000\040\000F\000i\000l\000e\000\040\000R\000e\000f\000e\000r\000e\000n\000c\000e}{chapter.10}% 816
\BOOKMARK [1][-]{section.10.89}{\376\377\000w\000i\000d\000g\000e\000t\000s\000/\000g\000r\000a\000m\000m\000a\000r\000v\000i\000e\000w\000.\000h\000\040\000F\000i\000l\000e\000\040\000R\000e\000f\000e\000r\000e\000n\000c\000e}{chapter.10}% 817
\BOOKMARK [1][-]{section.10.90}{\376\377\000g\000r\000a\000m\000m\000a\000r\000v\000i\000e\000w\000.\000h}{chapter.10}% 818
\BOOKMARK [1][-]{section.10.91}{\376\377\000w\000i\000d\000g\000e\000t\000s\000/\000t\000u\000t\000o\000r\000i\000a\000l\000m\000a\000n\000a\000g\000e\000r\000.\000c\000p\000p\000\040\000F\000i\000l\000e\000\040\000R\000e\000f\000e\000r\000e\000n\000c\000e}{chapter.10}% 819
\BOOKMARK [1][-]{section.10.92}{\376\377\000w\000i\000d\000g\000e\000t\000s\000/\000t\000u\000t\000o\000r\000i\000a\000l\000m\000a\000n\000a\000g\000e\000r\000.\000h\000\040\000F\000i\000l\000e\000\040\000R\000e\000f\000e\000r\000e\000n\000c\000e}{chapter.10}% 820
\BOOKMARK [1][-]{section.10.93}{\376\377\000t\000u\000t\000o\000r\000i\000a\000l\000m\000a\000n\000a\000g\000e\000r\000.\000h}{chapter.10}% 821
\BOOKMARK [0][-]{section*.782}{\376\377\000I\000n\000d\000e\000x}{}% 822
